Executable      : siesta
Version         : 5.4.2
Architecture    : x86_64
Compiler version: GNU-14.3.0
Compiler flags  : -march=nocona -mtune=haswell -ftree-vectorize -fPIC -fstack-protector-strong -fno-plt -O2 -ffunction-sections -pipe -isystem <prefix>/include -I<prefix>/_build_env/include -fdebug-prefix-map=<prefix>/work=/usr/local/src/conda/siesta-5.4.2 -fdebug-prefix-map=<prefix>=/usr/local/src/conda-prefix -I<prefix>/lib -fallow-argument-mismatch -O3
Parallelisations: none
NetCDF support
NetCDF-4 support
Lua support
DFT-D3 support

Runtime information:
* Directory : /__w/test-3/test-3/top
* Running in serial mode.
>> Start of run:   8-AUG-2026  12:57:30

                           *********************** 
                           *  WELCOME TO SIESTA  * 
                           *********************** 

 NOTE: Siesta V5 introduces some new defaults for basis-set generation
 NOTE: which might lead to slightly different numerical results.
 NOTE: Please see the manual for full details and compatibility measures.


reinit: Reading from standard input
reinit: Dumping input in INPUT_TMP.61166
************************** Dump of input data file ****************************
SystemLabel	mx
NumberOfSpecies	2
NumberOfAtoms	9
%block ChemicalSpeciesLabel
1 49 In
2 34 Se
%endblock ChemicalSpeciesLabel
PAO.BasisSize         DZP
#PAO.SplitNorm         0.154
PAO.EnergyShift 0.15 eV
%block kgrid_Monkhorst_Pack
  25   0   0    0.0
  0   25   0    0.0
  0   0    1    0.0
%endblock kgrid_Monkhorst_Pack
WriteKbands true
WriteBands true
#spin spin-orbit
MeshCutoff           200. Ry
SolutionMethod        diagon
MaxSCFIterations      200
DM.MixingWeight       0.1
DM.Tolerance          1.d-4
DM.UseSaveDM		true
MD.TypeOfRun CG
MD.NumCGsteps 200
MD.MaxForceTol 0.001 eV/Ang
MD.MaxCGDispl 0.1 Ang
MD.UseSaveXV
MD.UseSaveCG
MD.VariableCell true
MD.MaxStressTol 0.1 Gpa
#MD.PreconditionVariableCell 5.0 Ang
#MD.TargetPressure 5.0 GPa
ElectronicTemperature  300 K
UseSaveData		true
xc.functional		GGA
xc.authors		PBE
LatticeConstant 1 Ang
%block LatticeVectors
        2.060321    3.567887    0.000000
        4.120041    0.000347    0.000000
        0.000000    0.000000   50.000000
%endblock LatticeVectors
AtomicCoordinatesFormat Ang
%block AtomicCoordinatesAndAtomicSpecies
    2.06160813    1.19026994    0.03012217   2
    0.00173169    0.00099970    1.38413470   1
    4.12112680    2.37933363    3.11159310   2
    4.11932135    2.37829129    5.70080872   1
    2.05926175    1.18891533    6.99904617   2
    4.11996677    2.37866392   10.24573186   2
    2.05985191    1.18925606   11.56485274   1
    2.06006893    1.18938136   14.46221527   1
    4.12008923    2.37873463   15.59757144   2
%endblock AtomicCoordinatesAndAtomicSpecies
%block GeometryConstraints
stress 3 4 5
%endblock GeometryConstraints
BandLinesScale  ReciprocalLatticeVectors
%block BandLines
1     0.00000  0.000000  0.0   \Gamma
100   0.33333	0.666667 0.0   \K
100   0.50000  0.500000  0.0   \M
100   0.00000  0.000000  0.0   \Gamma
%endblock BandLines
%block PS.lmax
  In  1
  Se  2
%endblock PS.lmax
************************** End of input data file *****************************

reinit: -----------------------------------------------------------------------
reinit: System Name: 
reinit: -----------------------------------------------------------------------
reinit: System Label: mx
reinit: -----------------------------------------------------------------------

initatom: Reading input for the pseudopotentials and atomic orbitals ----------
Species number:   1 Atomic number:   49 Label: In
Species number:   2 Atomic number:   34 Label: Se

Ground state valence configuration (from tables):   5s02  5p01  5d00  4f00
Ground state valence configuration (from tables):   4s02  4p04  4d00  4f00

---- Processing specs for species: In
Reading pseudopotential information in formatted form from:
  In.psf

---- Processing specs for species: Se
Reading pseudopotential information in formatted form from:
  Se.psf

---- Pseudopotential check for In

Pseudized shells:
5s( 2.00) rc: 2.48
5p( 1.00) rc: 2.61
5d( 0.00) rc: 2.74
4f( 0.00) rc: 2.74
Valence configuration for ps generation: (assumed as above)

---- Pseudopotential check for Se

Pseudized shells:
4s( 2.00) rc: 1.94
4p( 4.00) rc: 2.11
4d( 0.00) rc: 1.94
4f( 0.00) rc: 2.49
Valence configuration for ps generation: (assumed as above)
relmxkb: Read Max KB Ang. Momentum=    1 for species In
relmxkb: Read Max KB Ang. Momentum=    2 for species Se

<basis_specs>
===============================================================================
In                   Z=  49    Mass=  114.82        Charge= 0.17977+309
Lmxo=2 Lmxkb= 1    BasisType=split      Semic=F
L=0  Nsemic=0  Cnfigmx=5
          i=1  nzeta=2  polorb=0  (5s)
            splnorm:   0.15000    
               vcte:    40.000    
               rinn:  -0.90000    
               qcoe:    0.0000    
               qyuk:    0.0000    
               qwid:   0.10000E-01
                rcs:    0.0000      0.0000    
            lambdas:    1.0000      1.0000    
L=1  Nsemic=0  Cnfigmx=5
          i=1  nzeta=2  polorb=1  (5p)  (to be polarized perturbatively)
            splnorm:   0.15000    
               vcte:    40.000    
               rinn:  -0.90000    
               qcoe:    0.0000    
               qyuk:    0.0000    
               qwid:   0.10000E-01
                rcs:    0.0000      0.0000    
            lambdas:    1.0000      1.0000    
L=2  Nsemic=0  Cnfigmx=5
          i=1  nzeta=0  polorb=0  (5d)  (perturbative polarization orbital) (from 5p)
-------------------------------------------------------------------------------
L=0  Nkbl=1  erefs: 0.17977+309
L=1  Nkbl=1  erefs: 0.17977+309
===============================================================================
</basis_specs>

Using PAO.SplitTailNorm
atom: Called for In                    (Z =  49)
Maximum radius (at nrval) set to   50.00000 8518

read_vps: Pseudopotential generation method:
read_vps: ATM4.2.7  Troullier-Martins                       
Valence charge in pseudo generation:    3.00000

xc_check: Exchange-correlation functional:
xc_check: GGA Perdew, Burke & Ernzerhof 1996
V l=0 = -2*Zval/r beyond r=  6.3107
V l=1 = -2*Zval/r beyond r=  6.3107
All V_l potentials equal beyond r=  2.5675
This should be close to max(r_c) in ps generation
All pots = -2*Zval/r beyond r=  6.3107
Using large-core scheme (fit) for Vlocal

atom: Estimated core radius    6.31070

atom: Including non-local core corrections could be a good idea
Fit of Vlocal with continuous 2nd derivative
Fitting vlocal at       2.5753
Choosing vlocal chloc cutoff:  5851  3.462344
qtot up to nchloc:    3.00978910
atom: Maximum radius for chlocal:    3.46234
atom: Maximum radius for r*vlocal+2*Zval:    6.66140

KBgen: Kleinman-Bylander projectors: 
GHOST: No ghost state for L =  0
   l= 0   rc=  2.554670   el= -0.562367   Ekb=  3.831254   kbcos=  0.271996
GHOST: No ghost state for L =  1
   l= 1   rc=  2.598642   el= -0.191177   Ekb=  2.019672   kbcos=  0.245802

KBgen: Total number of Kleinman-Bylander projectors:   4
atom: -------------------------------------------------------------------------

atom: SANKEY-TYPE ORBITALS:
atom: Selected multiple-zeta basis: split     

SPLIT: Orbitals with angular momentum L= 0

SPLIT: Basis orbitals for state 5s

SPLIT: PAO cut-off radius determined from an
SPLIT: energy shift=  0.011025 Ry
Split based on tail norm

   izeta = 1
                 lambda =    1.000000
                     rc =    6.254068
                 energy =   -0.549496
                kinetic =    0.408523
    potential(screened) =   -0.958018
       potential(ionic) =   -2.332701

   izeta = 2
                 rmatch =    4.598165
              splitnorm =    0.150000
                 energy =   -0.290100
                kinetic =    0.952315
    potential(screened) =   -1.242415
       potential(ionic) =   -2.675809

SPLIT: Orbitals with angular momentum L= 1

SPLIT: Basis orbitals for state 5p

SPLIT: PAO cut-off radius determined from an
SPLIT: energy shift=  0.011025 Ry
Split based on tail norm

   izeta = 1
                 lambda =    1.000000
                     rc =    8.212134
                 energy =   -0.178416
                kinetic =    0.498079
    potential(screened) =   -0.676495
       potential(ionic) =   -1.908134

   izeta = 2
                 rmatch =    6.142323
              splitnorm =    0.150000
                 energy =   -0.095316
                kinetic =    0.770335
    potential(screened) =   -0.865650
       potential(ionic) =   -2.201307

POLgen: Perturbative polarization orbital with L=  2

POLgen: Polarization orbital for state 5p
Split based on tail norm

   izeta = 1
                     rc =    8.212134
                 energy =    0.278474
                kinetic =    1.101684
    potential(screened) =   -0.823210
       potential(ionic) =   -2.002821
atom: Total number of Sankey-type orbitals: 13

atm_pop: Valence configuration (for local Pseudopot. screening):
 5s( 2.00)                                                            
 5p( 1.00)                                                            
 5d( 0.00)                                                            
Vna: chval, zval:    3.00000   3.00000

Vna:  Cut-off radius for the neutral-atom potential:   8.212134

atom: _________________________________________________________________________

<basis_specs>
===============================================================================
Se                   Z=  34    Mass=  78.971        Charge= 0.17977+309
Lmxo=2 Lmxkb= 2    BasisType=split      Semic=F
L=0  Nsemic=0  Cnfigmx=4
          i=1  nzeta=2  polorb=0  (4s)
            splnorm:   0.15000    
               vcte:    40.000    
               rinn:  -0.90000    
               qcoe:    0.0000    
               qyuk:    0.0000    
               qwid:   0.10000E-01
                rcs:    0.0000      0.0000    
            lambdas:    1.0000      1.0000    
L=1  Nsemic=0  Cnfigmx=4
          i=1  nzeta=2  polorb=1  (4p)  (to be polarized perturbatively)
            splnorm:   0.15000    
               vcte:    40.000    
               rinn:  -0.90000    
               qcoe:    0.0000    
               qyuk:    0.0000    
               qwid:   0.10000E-01
                rcs:    0.0000      0.0000    
            lambdas:    1.0000      1.0000    
L=2  Nsemic=0  Cnfigmx=4
          i=1  nzeta=0  polorb=0  (4d)  (perturbative polarization orbital) (from 4p)
-------------------------------------------------------------------------------
L=0  Nkbl=1  erefs: 0.17977+309
L=1  Nkbl=1  erefs: 0.17977+309
L=2  Nkbl=1  erefs: 0.17977+309
===============================================================================
</basis_specs>

Using PAO.SplitTailNorm
atom: Called for Se                    (Z =  34)
Maximum radius (at nrval) set to   50.00000 8518

read_vps: Pseudopotential generation method:
read_vps: ATM3      Troullier-Martins                       
Valence charge in pseudo generation:    6.00000

read_vps: Pseudopotential includes a core correction:
read_vps: Pseudo-core for xc-correction

xc_check: Exchange-correlation functional:
xc_check: GGA Perdew, Burke & Ernzerhof 1996
V l=0 = -2*Zval/r beyond r=  2.5934
V l=1 = -2*Zval/r beyond r=  2.5934
V l=2 = -2*Zval/r beyond r=  2.5934
All V_l potentials equal beyond r=  2.0919
This should be close to max(r_c) in ps generation
All pots = -2*Zval/r beyond r=  2.5934
Using small-core scheme (local charge) for Vlocal

VLOCAL_FROM_CHLOCAL: 99.0% of the norm of Vloc inside      9.920 Ry
VLOCAL_FROM_CHLOCAL: 99.9% of the norm of Vloc inside     22.607 Ry
atom: Maximum radius for chlocal:    2.50137
atom: Maximum radius for r*vlocal+2*Zval:    2.31061

KBgen: Kleinman-Bylander projectors: 
GHOST: No ghost state for L =  0
   l= 0   rc=  2.707819   el= -1.228893   Ekb=  6.284985   kbcos=  0.335939
GHOST: No ghost state for L =  1
   l= 1   rc=  2.807443   el= -0.481228   Ekb=  3.049698   kbcos=  0.304737
GHOST: No ghost state for L =  2
   l= 2   rc=  2.966743   el=  0.012898   Ekb=  1.882859   kbcos=  0.057472

KBgen: Total number of Kleinman-Bylander projectors:   9
atom: -------------------------------------------------------------------------

atom: SANKEY-TYPE ORBITALS:
atom: Selected multiple-zeta basis: split     

SPLIT: Orbitals with angular momentum L= 0

SPLIT: Basis orbitals for state 4s

SPLIT: PAO cut-off radius determined from an
SPLIT: energy shift=  0.011025 Ry
Split based on tail norm

   izeta = 1
                 lambda =    1.000000
                     rc =    4.575182
                 energy =   -1.216301
                kinetic =    0.778438
    potential(screened) =   -1.994739
       potential(ionic) =   -6.490115

   izeta = 2
                 rmatch =    3.230831
              splitnorm =    0.150000
                 energy =   -0.869394
                kinetic =    1.569600
    potential(screened) =   -2.438995
       potential(ionic) =   -7.167167

SPLIT: Orbitals with angular momentum L= 1

SPLIT: Basis orbitals for state 4p

SPLIT: PAO cut-off radius determined from an
SPLIT: energy shift=  0.011025 Ry
Split based on tail norm

   izeta = 1
                 lambda =    1.000000
                     rc =    5.760910
                 energy =   -0.468630
                kinetic =    1.190224
    potential(screened) =   -1.658854
       potential(ionic) =   -5.807064

   izeta = 2
                 rmatch =    4.114026
              splitnorm =    0.150000
                 energy =   -0.314108
                kinetic =    1.774573
    potential(screened) =   -2.088681
       potential(ionic) =   -6.572918

POLgen: Perturbative polarization orbital with L=  2

POLgen: Polarization orbital for state 4p
Split based on tail norm

   izeta = 1
                     rc =    5.760910
                 energy =    0.547213
                kinetic =    1.932690
    potential(screened) =   -1.385478
       potential(ionic) =   -5.260339
atom: Total number of Sankey-type orbitals: 13

atm_pop: Valence configuration (for local Pseudopot. screening):
 4s( 2.00)                                                            
 4p( 4.00)                                                            
 4d( 0.00)                                                            
Vna: chval, zval:    6.00000   6.00000

Vna:  Cut-off radius for the neutral-atom potential:   5.760910
comcore: Pseudo-core radius Rcore=  3.589626

atom: _________________________________________________________________________

prinput: Basis input 

PAO.BasisType split     

%block ChemicalSpeciesLabel
    1   49 In                      # Species index, atomic number, species label
    2   34 Se                      # Species index, atomic number, species label
%endblock ChemicalSpeciesLabel

%block PAO.Basis                 # Define Basis set
# WARNING: This information might be incomplete!
In                    2                    # Species label, number of l-shells
 n=5   0   2                         # n, l, Nzeta 
   6.254      4.598   
   1.000      1.000   
 n=5   1   2 P   1                   # n, l, Nzeta, Polarization, NzetaPol
   8.212      6.142   
   1.000      1.000   
Se                    2                    # Species label, number of l-shells
 n=4   0   2                         # n, l, Nzeta 
   4.575      3.231   
   1.000      1.000   
 n=4   1   2 P   1                   # n, l, Nzeta, Polarization, NzetaPol
   5.761      4.114   
   1.000      1.000   
%endblock PAO.Basis

prinput: ----------------------------------------------------------------------

Dumping basis to NetCDF file In.ion.nc
Dumping basis to NetCDF file Se.ion.nc
coor:   Atomic-coordinates input format  =     Cartesian coordinates
coor:                                          (in Angstroms)

siesta: WARNING: XV file not found

siesta: Atomic coordinates (Bohr) and species
siesta:      3.89587   2.24928   0.05692  2        1
siesta:      0.00327   0.00189   2.61564  1        2
siesta:      7.78780   4.49629   5.88006  2        3
siesta:      7.78439   4.49432  10.77297  1        4
siesta:      3.89144   2.24672  13.22628  2        5
siesta:      7.78561   4.49502  19.36163  2        6
siesta:      3.89256   2.24737  21.85440  1        7
siesta:      3.89297   2.24761  27.32963  1        8
siesta:      7.78584   4.49516  29.47514  2        9

siesta: System type = slab      

initatomlists: Number of atoms, orbitals, and projectors:      9   117    61

siesta: ******************** Simulation parameters ****************************
siesta:
siesta: The following are some of the parameters of the simulation.
siesta: A complete list of the parameters used, including default values,
siesta: can be found in file out.fdf
siesta:
redata: Spin configuration                          = none
redata: Number of spin components                   = 1
redata: Time-Reversal Symmetry                      = T
redata: Spin spiral                                 = F
redata: Long output                                 =   F
redata: Number of Atomic Species                    =        2
redata: Charge density info will appear in .RHO file
redata: Write Mulliken charges (when)               = none
redata: Write Mulliken Pop.                         = NO
redata: Write Hirshfeld charges (when)              = none
redata: Write Voronoi charges (when)                = none
redata: Write spin charge (when)                    = none
redata: Matel table size (NRTAB)                    =     1024
redata: Mesh Cutoff                                 =   200.0000 Ry
redata: Net charge of the system                    =     0.0000 |e|
redata: Min. number of SCF Iter                     =        0
redata: Max. number of SCF Iter                     =      200
redata: SCF convergence failure will abort job
redata: SCF mix quantity                            = Hamiltonian
redata: Mix DM or H after convergence               =   F
redata: Recompute H after scf cycle                 =   F
redata: Mix DM in first SCF step                    =   T
redata: Write Pulay info on disk                    =   F
redata: New DM Occupancy tolerance                  = 0.000000000001
redata: No kicks to SCF
redata: DM Mixing Weight for Kicks                  =     0.5000
redata: Require Harris convergence for SCF          =   F
redata: Harris energy tolerance for SCF             =     0.000100 eV
redata: Require DM convergence for SCF              =   T
redata: DM tolerance for SCF                        =     0.000100
redata: Require EDM convergence for SCF             =   F
redata: EDM tolerance for SCF                       =     0.001000 eV
redata: Require H convergence for SCF               =   T
redata: Hamiltonian tolerance for SCF               =     0.001000 eV
redata: Require (free) Energy convergence for SCF   =   F
redata: (free) Energy tolerance for SCF             =     0.000100 eV
redata: Using DFT-D3 dispersion                     =   F
redata: Using Saved Data (generic)                  =   T
redata: Use continuation files for DM               =   T
redata: Neglect nonoverlap interactions             =   F
redata: Method of Calculation                       = Diagonalization
redata: Electronic Temperature                      =   300.0000 K
redata: Fix the spin of the system                  =   F
redata: Max. number of TDED Iter                    =        1
redata: Number of TDED substeps                     =        3
redata: Dynamics option                             = CG coord. optimization
redata: Variable cell                               =   T
redata: Use continuation files for CG               =   T
redata: Max atomic displ per move                   =     0.1000 Ang
redata: Maximum number of optimization moves        =      200
redata: Force tolerance                             =     0.0010 eV/Ang
redata: Stress tolerance                            =     0.1000 GPa
mix.SCF: Pulay mixing                            = Pulay
mix.SCF:    Variant                              = stable
mix.SCF:    History steps                        = 2
mix.SCF:    Linear mixing weight                 =     0.100000
mix.SCF:    Mixing weight                        =     0.100000
mix.SCF:    SVD condition                        = 0.1000E-07
redata: Save all siesta data in one NC              =   F
redata: ***********************************************************************

%block SCF.Mixers
  Pulay
%endblock SCF.Mixers

%block SCF.Mixer.Pulay
  # Mixing method
  method pulay
  variant stable

  # Mixing options
  weight 0.1000
  weight.linear 0.1000
  history 2
%endblock SCF.Mixer.Pulay

DM_history_depth set to one: no extrapolation allowed by default for geometry relaxation
Size of DM history Fstack: 1
Total number of electrons:    42.000000
Total ionic charge:    42.000000
 Kpoints in:          325 . Kpoints trimmed:          313

siesta: k-grid: Number of k-points = 313
siesta: k-points from Monkhorst-Pack grid
siesta: k-cutoff (effective) =    25.000 Ang
siesta: k-point supercell and displacements
siesta: k-grid:    25     0     0      0.000
siesta: k-grid:     0    25     0      0.000
siesta: k-grid:     0     0     1      0.000

diag: Algorithm                                     = D&C
diag: Used triangular part                          = Lower
diag: Absolute tolerance                            =  0.100E-15
diag: Orthogonalization factor                      =  0.100E-05
diag: Memory factor                                 =  1.0000
Using current reciprocal lattice vectors for BandLinesScale
Beware any cell changes by the end of the run.
Using current reciprocal lattice vectors for BandLinesScale
Beware any cell changes by the end of the run.

superc: Internal auxiliary supercell:     7 x     7 x     1  =      49
superc: Number of atoms, orbitals, and projectors:    441   5733   2989

siesta: Constraint (stress):
   0.0000E+00   0.0000E+00
   0.1000E+01   0.1000E+01
   0.1000E+01   0.0000E+00


ts: **************************************************************
ts: Save H and S matrices                           =    F
ts: Save TSHS files in MD/FC simulation             =    F
ts: Save DM and EDM matrices                        =    F
ts: Only save the overlap matrix S                  =    F
ts: **************************************************************

************************ Begin: TS CHECKS AND WARNINGS ************************
************************ End: TS CHECKS AND WARNINGS **************************


                     ====================================
                        Begin CG opt. move =      0
                     ====================================

superc: Internal auxiliary supercell:     7 x     7 x     1  =      49
superc: Number of atoms, orbitals, and projectors:    441   5733   2989

outcell: Unit cell vectors (Ang):
        2.060321    3.567887    0.000000
        4.120041    0.000347    0.000000
        0.000000    0.000000   50.000000

outcell: Cell vector modules (Ang)   :    4.120041    4.120041   50.000000
outcell: Cell angles (23,13,12) (deg):     90.0000     90.0000     59.9904
outcell: Cell volume (Ang**3)        :    734.9563
<dSpData1D:S at geom step 0
  <sparsity:sparsity for geom step 0
    nrows_g=117 nrows=117 sparsity=6.5506 nnzs=89671, refcount: 7>
  <dData1D:(new from dSpData1D) n=89671, refcount: 1>
refcount: 1>
new_DM -- step:     1
Initializing Density Matrix...

Attempting to read DM from file... Failed...
DM filled with atomic data:
<dSpData2D:DM initialized from atoms
  <sparsity:sparsity for geom step 0
    nrows_g=117 nrows=117 sparsity=6.5506 nnzs=89671, refcount: 8>
  <dData2D:DM n=89671 m=1, refcount: 1>
refcount: 1>
No. of atoms with KB's overlaping orbs in proc 0. Max # of overlaps:      72     242

InitMesh: MESH = 32 x 32 x 432 = 442368
InitMesh: Mesh cutoff (required, used) =   200.000   206.314 Ry
New grid distribution [1]: sub = 2

stepf: Fermi-Dirac step function

siesta: Program's energy decomposition (eV):
siesta: Ebs     =      -467.124173
siesta: Eions   =      2536.946603
siesta: Ena     =       704.131708
siesta: Ekin    =       488.144300
siesta: Enl     =       207.601452
siesta: Eso     =         0.000000
siesta: Edftu   =         0.000000
siesta: DEna    =        22.865258
siesta: DUscf   =         2.808516
siesta: DUext   =         0.000000
siesta: Ex      =      -452.258849
siesta: Ec      =       -51.428281
siesta: Exc     =      -503.687130
siesta: EbV     =         0.000000
siesta: eta*DQ  =         0.000000
siesta: Emadel  =         0.000000
siesta: Emeta   =         0.000000
siesta: Emolmec =         0.000000
siesta: Ekinion =         0.000000
siesta: Eharris =     -1623.243729
siesta: Etot    =     -1615.082501
siesta: FreeEng =     -1615.082501

        iscf     Eharris(eV)        E_KS(eV)     FreeEng(eV)     dDmax    Ef(eV) dHmax(eV)
   scf:    1    -1623.243729    -1615.082501    -1615.082501  1.566396 -4.307471  6.276209
timer: Routine,Calls,Time,% = IterSCF        1      21.381  86.18
   scf:    2    -1616.400638    -1615.884408    -1615.884408  0.066460 -4.080293  2.867740
   scf:    3    -1616.175085    -1616.096833    -1616.096833  0.050581 -4.323721  0.607855
   scf:    4    -1616.143528    -1616.121750    -1616.121750  0.006533 -4.338812  0.546758
   scf:    5    -1616.141227    -1616.131684    -1616.131684  0.003843 -4.347218  0.494397
   scf:    6    -1616.179740    -1616.162179    -1616.162179  0.024844 -4.416382  0.151451
   scf:    7    -1616.164305    -1616.163386    -1616.163386  0.006609 -4.431567  0.123270
   scf:    8    -1616.164924    -1616.164214    -1616.164214  0.005869 -4.446098  0.123820
   scf:    9    -1616.165367    -1616.164838    -1616.164838  0.005033 -4.460511  0.095165
   scf:   10    -1616.165496    -1616.165198    -1616.165198  0.002918 -4.470112  0.056665
   scf:   11    -1616.165538    -1616.165382    -1616.165382  0.000948 -4.473997  0.030161
   scf:   12    -1616.165567    -1616.165481    -1616.165481  0.000624 -4.475111  0.022614
   scf:   13    -1616.165590    -1616.165539    -1616.165539  0.000542 -4.475139  0.018471
   scf:   14    -1616.165600    -1616.165573    -1616.165573  0.000513 -4.474086  0.014526
   scf:   15    -1616.165594    -1616.165586    -1616.165586  0.000641 -4.472137  0.013432
   scf:   16    -1616.165584    -1616.165586    -1616.165586  0.000640 -4.470137  0.013619
   scf:   17    -1616.165586    -1616.165586    -1616.165586  0.000475 -4.468897  0.010636
   scf:   18    -1616.165592    -1616.165589    -1616.165589  0.000265 -4.467462  0.006800
   scf:   19    -1616.165596    -1616.165593    -1616.165593  0.000111 -4.466789  0.003792
   scf:   20    -1616.165597    -1616.165595    -1616.165595  0.000093 -4.466588  0.002711
   scf:   21    -1616.165597    -1616.165596    -1616.165596  0.000079 -4.466631  0.002441
   scf:   22    -1616.165598    -1616.165597    -1616.165597  0.000064 -4.466811  0.002011
   scf:   23    -1616.165597    -1616.165597    -1616.165597  0.000069 -4.467094  0.001677
   scf:   24    -1616.165597    -1616.165597    -1616.165597  0.000081 -4.466846  0.001528
   scf:   25    -1616.165597    -1616.165597    -1616.165597  0.000077 -4.467209  0.001290
   scf:   26    -1616.165597    -1616.165597    -1616.165597  0.000051 -4.467474  0.000968

SCF Convergence by DM+H criterion
max |DM_out - DM_in|         :     0.0000511557
max |H_out - H_in|      (eV) :     0.0009675456
SCF cycle converged after 26 iterations

Using DM_out to compute the final energy and forces
No. of atoms with KB's overlaping orbs in proc 0. Max # of overlaps:      72     242

siesta: E_KS(eV) =            -1616.1656

siesta: E_KS - E_eggbox =     -1616.1656

siesta: Atomic forces (eV/Ang):
----------------------------------------
   Tot    0.000187    0.000108    0.000024
----------------------------------------
   Max    1.285291
   Res    0.457496    sqrt( Sum f_i^2 / 3N )
----------------------------------------
   Max    1.285291    constrained

Stress tensor Voigt[x,y,z,yz,xz,xy] (kbar):       26.05       26.04       25.91       -0.00       -0.00        0.01
(Free)E + p*V (eV/cell)    -1628.0912
Target enthalpy (eV/cell)    -1616.1656

siesta: Stress tensor (static) (eV/Ang**3):
         0.016259    0.000008   -0.000002
         0.000008    0.016250   -0.000001
        -0.000002   -0.000001    0.016170

siesta: Pressure (static):        -25.99725022  kBar

siesta: Stress tensor (total) (eV/Ang**3):
         0.016259    0.000008   -0.000002
         0.000008    0.016250   -0.000001
        -0.000002   -0.000001    0.016170

siesta: Pressure (total):        -25.99725022  kBar

No target stress found, assuming hydrostatic MD.TargetPressure.

Target stress (kBar)
         -0.000       0.000       0.000
          0.000      -0.000       0.000
          0.000       0.000      -0.000

cgvc: WARNING: CG file not found

                     ====================================
                        Begin CG opt. move =      1
                     ====================================
 Kpoints in:          325 . Kpoints trimmed:          313

siesta: k-grid: Number of k-points = 313
siesta: k-points from Monkhorst-Pack grid
siesta: k-cutoff (effective) =    25.000 Ang
siesta: k-point supercell and displacements
siesta: k-grid:    25     0     0      0.000
siesta: k-grid:     0    25     0      0.000
siesta: k-grid:     0     0     1      0.000

superc: Internal auxiliary supercell:     7 x     7 x     1  =      49
superc: Number of atoms, orbitals, and projectors:    441   5733   2989

outcell: Unit cell vectors (Ang):
        2.036465    3.526619    0.000000
        4.072374    0.000321    0.000000
        0.000000    0.000000   50.000000

outcell: Cell vector modules (Ang)   :    4.072375    4.072374   50.000000
outcell: Cell angles (23,13,12) (deg):     90.0000     90.0000     59.9910
outcell: Cell volume (Ang**3)        :    718.0530
<dSpData1D:S at geom step 1
  <sparsity:sparsity for geom step 1
    nrows_g=117 nrows=117 sparsity=6.6597 nnzs=91165, refcount: 7>
  <dData1D:(new from dSpData1D) n=91165, refcount: 1>
refcount: 1>
new_DM -- step:     2
Re-using DM from previous geometries...
Number of DMs in history: 1
 DM extrapolation coefficients: 
1   1.00000
New DM after history re-use:
<dSpData2D:SpM extrapolated using coords
  <sparsity:sparsity for geom step 1
    nrows_g=117 nrows=117 sparsity=6.6597 nnzs=91165, refcount: 9>
  <dData2D:(temp array for extrapolation) n=91165 m=1, refcount: 1>
refcount: 1>
Note: For starting DM, Qtot, Tr[D*S] =         42.00000000         42.17238995
No. of atoms with KB's overlaping orbs in proc 0. Max # of overlaps:      72     242

InitMesh: MESH = 32 x 32 x 450 = 460800
InitMesh: Mesh cutoff (required, used) =   200.000   223.865 Ry
New grid distribution [1]: sub = 2

        iscf     Eharris(eV)        E_KS(eV)     FreeEng(eV)     dDmax    Ef(eV) dHmax(eV)
   scf:    1    -1615.490788    -1616.437878    -1616.437878  0.058847 -4.398831  2.144247
   scf:    2    -1599.916437    -1611.179720    -1611.180965  0.264308 -5.017263 17.458745
   scf:    3    -1616.956831    -1616.534014    -1616.534014  0.236243 -4.437070  0.417238
   scf:    4    -1616.541377    -1616.538435    -1616.538435  0.004275 -4.435281  0.191913
   scf:    5    -1616.540839    -1616.539767    -1616.539767  0.002156 -4.430939  0.121726
   scf:    6    -1616.540847    -1616.540365    -1616.540365  0.001309 -4.427090  0.061886
   scf:    7    -1616.540792    -1616.540612    -1616.540612  0.001024 -4.421898  0.019211
   scf:    8    -1616.540702    -1616.540665    -1616.540665  0.000508 -4.418232  0.009998
   scf:    9    -1616.540684    -1616.540676    -1616.540676  0.000395 -4.416885  0.005763
   scf:   10    -1616.540685    -1616.540681    -1616.540681  0.000172 -4.416725  0.003945
   scf:   11    -1616.540688    -1616.540685    -1616.540685  0.000199 -4.416681  0.002440
   scf:   12    -1616.540688    -1616.540687    -1616.540687  0.000121 -4.416707  0.001695
   scf:   13    -1616.540688    -1616.540687    -1616.540687  0.000065 -4.416725  0.000939

SCF Convergence by DM+H criterion
max |DM_out - DM_in|         :     0.0000646403
max |H_out - H_in|      (eV) :     0.0009389513
SCF cycle converged after 13 iterations

Using DM_out to compute the final energy and forces
No. of atoms with KB's overlaping orbs in proc 0. Max # of overlaps:      72     242

siesta: E_KS(eV) =            -1616.5407

siesta: Atomic forces (eV/Ang):
----------------------------------------
   Tot   -0.000066   -0.000038    0.001220
----------------------------------------
   Max    1.041650
   Res    0.352809    sqrt( Sum f_i^2 / 3N )
----------------------------------------
   Max    1.041650    constrained

Stress tensor Voigt[x,y,z,yz,xz,xy] (kbar):       22.23       22.22       23.58       -0.00       -0.00        0.01
(Free)E + p*V (eV/cell)    -1626.7034
Target enthalpy (eV/cell)    -1616.5407

siesta: Stress tensor (static) (eV/Ang**3):
         0.013877    0.000007   -0.000002
         0.000007    0.013868   -0.000001
        -0.000002   -0.000001    0.014715

siesta: Pressure (static):        -22.67587150  kBar

siesta: Stress tensor (total) (eV/Ang**3):
         0.013877    0.000007   -0.000002
         0.000007    0.013868   -0.000001
        -0.000002   -0.000001    0.014715

siesta: Pressure (total):        -22.67587150  kBar

                     ====================================
                        Begin CG opt. move =      2
                     ====================================
 Kpoints in:          325 . Kpoints trimmed:          313

siesta: k-grid: Number of k-points = 313
siesta: k-points from Monkhorst-Pack grid
siesta: k-cutoff (effective) =    25.000 Ang
siesta: k-point supercell and displacements
siesta: k-grid:    25     0     0      0.000
siesta: k-grid:     0    25     0      0.000
siesta: k-grid:     0     0     1      0.000

superc: Internal auxiliary supercell:     7 x     7 x     1  =      49
superc: Number of atoms, orbitals, and projectors:    441   5733   2989

outcell: Unit cell vectors (Ang):
        1.998296    3.460591    0.000000
        3.996108    0.000279    0.000000
        0.000000    0.000000   50.000000

outcell: Cell vector modules (Ang)   :    3.996108    3.996108   50.000000
outcell: Cell angles (23,13,12) (deg):     90.0000     90.0000     59.9920
outcell: Cell volume (Ang**3)        :    691.4169
<dSpData1D:S at geom step 2
  <sparsity:sparsity for geom step 2
    nrows_g=117 nrows=117 sparsity=6.9056 nnzs=94531, refcount: 7>
  <dData1D:(new from dSpData1D) n=94531, refcount: 1>
refcount: 1>
new_DM -- step:     3
Re-using DM from previous geometries...
Number of DMs in history: 1
 DM extrapolation coefficients: 
1   1.00000
New DM after history re-use:
<dSpData2D:SpM extrapolated using coords
  <sparsity:sparsity for geom step 2
    nrows_g=117 nrows=117 sparsity=6.9056 nnzs=94531, refcount: 9>
  <dData2D:(temp array for extrapolation) n=94531 m=1, refcount: 1>
refcount: 1>
Note: For starting DM, Qtot, Tr[D*S] =         42.00000000         42.25407373
No. of atoms with KB's overlaping orbs in proc 0. Max # of overlaps:      72     260

InitMesh: MESH = 30 x 30 x 432 = 388800
InitMesh: Mesh cutoff (required, used) =   200.000   206.314 Ry
New grid distribution [1]: sub = 2

        iscf     Eharris(eV)        E_KS(eV)     FreeEng(eV)     dDmax    Ef(eV) dHmax(eV)
   scf:    1    -1614.914018    -1616.728776    -1616.728776  0.088452 -4.315536  3.283344
   scf:    2    -1495.535647    -1576.982802    -1576.995099  0.512552 -5.323218 49.175554
   scf:    3    -1617.478578    -1616.914479    -1616.914479  0.486742 -4.382451  1.465426
   scf:    4    -1616.964417    -1616.943782    -1616.943782  0.010915 -4.341790  0.847860
   scf:    5    -1616.964207    -1616.957429    -1616.957429  0.012209 -4.367976  0.390587
   scf:    6    -1616.960926    -1616.959471    -1616.959471  0.003751 -4.356722  0.183249
   scf:    7    -1616.960593    -1616.960149    -1616.960149  0.002346 -4.346026  0.056752
   scf:    8    -1616.960421    -1616.960295    -1616.960295  0.000876 -4.342027  0.033533
   scf:    9    -1616.960450    -1616.960388    -1616.960388  0.001253 -4.337167  0.016864
   scf:   10    -1616.960405    -1616.960399    -1616.960399  0.000701 -4.334988  0.008348
   scf:   11    -1616.960410    -1616.960405    -1616.960405  0.000236 -4.334801  0.007334
   scf:   12    -1616.960417    -1616.960412    -1616.960412  0.000326 -4.334768  0.005511
   scf:   13    -1616.960415    -1616.960413    -1616.960413  0.000050 -4.334922  0.004737
   scf:   14    -1616.960417    -1616.960415    -1616.960415  0.000105 -4.335491  0.002441
   scf:   15    -1616.960416    -1616.960416    -1616.960416  0.000055 -4.335883  0.000998

SCF Convergence by DM+H criterion
max |DM_out - DM_in|         :     0.0000548070
max |H_out - H_in|      (eV) :     0.0009980238
SCF cycle converged after 15 iterations

Using DM_out to compute the final energy and forces
No. of atoms with KB's overlaping orbs in proc 0. Max # of overlaps:      72     260

siesta: E_KS(eV) =            -1616.9604

siesta: Atomic forces (eV/Ang):
----------------------------------------
   Tot    0.000133    0.000077    0.002638
----------------------------------------
   Max    0.733599
   Res    0.284854    sqrt( Sum f_i^2 / 3N )
----------------------------------------
   Max    0.733599    constrained

Stress tensor Voigt[x,y,z,yz,xz,xy] (kbar):       14.24       14.23       19.16       -0.00       -0.00        0.01
(Free)E + p*V (eV/cell)    -1623.8112
Target enthalpy (eV/cell)    -1616.9604

siesta: Stress tensor (static) (eV/Ang**3):
         0.008887    0.000007   -0.000002
         0.000007    0.008879   -0.000001
        -0.000002   -0.000001    0.011959

siesta: Pressure (static):        -15.87496396  kBar

siesta: Stress tensor (total) (eV/Ang**3):
         0.008887    0.000007   -0.000002
         0.000007    0.008879   -0.000001
        -0.000002   -0.000001    0.011959

siesta: Pressure (total):        -15.87496396  kBar

                     ====================================
                        Begin CG opt. move =      3
                     ====================================
 Kpoints in:          325 . Kpoints trimmed:          313

siesta: k-grid: Number of k-points = 313
siesta: k-points from Monkhorst-Pack grid
siesta: k-cutoff (effective) =    25.000 Ang
siesta: k-point supercell and displacements
siesta: k-grid:    25     0     0      0.000
siesta: k-grid:     0    25     0      0.000
siesta: k-grid:     0     0     1      0.000

superc: Internal auxiliary supercell:     7 x     7 x     1  =      49
superc: Number of atoms, orbitals, and projectors:    441   5733   2989

outcell: Unit cell vectors (Ang):
        1.957056    3.389253    0.000000
        3.913707    0.000234    0.000000
        0.000000    0.000000   50.000000

outcell: Cell vector modules (Ang)   :    3.913707    3.913707   50.000000
outcell: Cell angles (23,13,12) (deg):     90.0000     90.0000     59.9931
outcell: Cell volume (Ang**3)        :    663.2041
<dSpData1D:S at geom step 3
  <sparsity:sparsity for geom step 3
    nrows_g=117 nrows=117 sparsity=7.2720 nnzs=99547, refcount: 7>
  <dData1D:(new from dSpData1D) n=99547, refcount: 1>
refcount: 1>
new_DM -- step:     4
Re-using DM from previous geometries...
Number of DMs in history: 1
 DM extrapolation coefficients: 
1   1.00000
New DM after history re-use:
<dSpData2D:SpM extrapolated using coords
  <sparsity:sparsity for geom step 3
    nrows_g=117 nrows=117 sparsity=7.2720 nnzs=99547, refcount: 9>
  <dData2D:(temp array for extrapolation) n=99547 m=1, refcount: 1>
refcount: 1>
Note: For starting DM, Qtot, Tr[D*S] =         42.00000000         42.24207377
No. of atoms with KB's overlaping orbs in proc 0. Max # of overlaps:      72     278

InitMesh: MESH = 30 x 30 x 432 = 388800
InitMesh: Mesh cutoff (required, used) =   200.000   206.314 Ry
New grid distribution [1]: sub = 2

        iscf     Eharris(eV)        E_KS(eV)     FreeEng(eV)     dDmax    Ef(eV) dHmax(eV)
   scf:    1    -1614.714987    -1616.867788    -1616.867788  0.084138 -4.191789  3.385666
   scf:    2    -1374.720665    -1536.937293    -1536.955838  0.558102 -5.273262 67.538488
   scf:    3    -1617.703382    -1617.052734    -1617.052734  0.532470 -4.261747  1.578436
   scf:    4    -1617.108483    -1617.084997    -1617.084997  0.010795 -4.274280  0.961956
   scf:    5    -1617.111332    -1617.102424    -1617.102424  0.013991 -4.266176  0.496881
   scf:    6    -1617.107271    -1617.105266    -1617.105266  0.004755 -4.248986  0.235015
   scf:    7    -1617.106736    -1617.106183    -1617.106183  0.003011 -4.232694  0.069858
   scf:    8    -1617.106504    -1617.106356    -1617.106356  0.000973 -4.228185  0.040134
   scf:    9    -1617.106548    -1617.106466    -1617.106466  0.001178 -4.224393  0.022204
   scf:   10    -1617.106496    -1617.106488    -1617.106488  0.001041 -4.221857  0.010341
   scf:   11    -1617.106498    -1617.106493    -1617.106493  0.000304 -4.221552  0.009016
   scf:   12    -1617.106505    -1617.106500    -1617.106500  0.000330 -4.221475  0.006709
   scf:   13    -1617.106506    -1617.106503    -1617.106503  0.000064 -4.221755  0.005933
   scf:   14    -1617.106509    -1617.106506    -1617.106506  0.000115 -4.222335  0.003746
   scf:   15    -1617.106507    -1617.106507    -1617.106507  0.000066 -4.222713  0.002036
   scf:   16    -1617.106507    -1617.106507    -1617.106507  0.000066 -4.223112  0.000981

SCF Convergence by DM+H criterion
max |DM_out - DM_in|         :     0.0000657003
max |H_out - H_in|      (eV) :     0.0009807323
SCF cycle converged after 16 iterations

Using DM_out to compute the final energy and forces
No. of atoms with KB's overlaping orbs in proc 0. Max # of overlaps:      72     278

siesta: E_KS(eV) =            -1617.1065

siesta: Atomic forces (eV/Ang):
----------------------------------------
   Tot   -0.000044   -0.000026    0.002475
----------------------------------------
   Max    1.317010
   Res    0.491988    sqrt( Sum f_i^2 / 3N )
----------------------------------------
   Max    1.317010    constrained

Stress tensor Voigt[x,y,z,yz,xz,xy] (kbar):        2.38        2.36       13.36       -0.00       -0.01        0.01
(Free)E + p*V (eV/cell)    -1619.6035
Target enthalpy (eV/cell)    -1617.1065

siesta: Stress tensor (static) (eV/Ang**3):
         0.001483    0.000007   -0.000003
         0.000007    0.001475   -0.000002
        -0.000003   -0.000002    0.008338

siesta: Pressure (static):         -6.03223851  kBar

siesta: Stress tensor (total) (eV/Ang**3):
         0.001483    0.000007   -0.000003
         0.000007    0.001475   -0.000002
        -0.000003   -0.000002    0.008338

siesta: Pressure (total):         -6.03223851  kBar

                     ====================================
                        Begin CG opt. move =      4
                     ====================================
 Kpoints in:          325 . Kpoints trimmed:          313

siesta: k-grid: Number of k-points = 313
siesta: k-points from Monkhorst-Pack grid
siesta: k-cutoff (effective) =    25.000 Ang
siesta: k-point supercell and displacements
siesta: k-grid:    25     0     0      0.000
siesta: k-grid:     0    25     0      0.000
siesta: k-grid:     0     0     1      0.000

superc: Internal auxiliary supercell:     7 x     7 x     1  =      49
superc: Number of atoms, orbitals, and projectors:    441   5733   2989

outcell: Unit cell vectors (Ang):
        1.961943    3.397706    0.000000
        3.923471    0.000240    0.000000
        0.000000    0.000000   50.000000

outcell: Cell vector modules (Ang)   :    3.923472    3.923471   50.000000
outcell: Cell angles (23,13,12) (deg):     90.0000     90.0000     59.9930
outcell: Cell volume (Ang**3)        :    666.5166
<dSpData1D:S at geom step 4
  <sparsity:sparsity for geom step 4
    nrows_g=117 nrows=117 sparsity=7.2650 nnzs=99451, refcount: 7>
  <dData1D:(new from dSpData1D) n=99451, refcount: 1>
refcount: 1>
new_DM -- step:     5
Re-using DM from previous geometries...
Number of DMs in history: 1
 DM extrapolation coefficients: 
1   1.00000
New DM after history re-use:
<dSpData2D:SpM extrapolated using coords
  <sparsity:sparsity for geom step 4
    nrows_g=117 nrows=117 sparsity=7.2650 nnzs=99451, refcount: 9>
  <dData2D:(temp array for extrapolation) n=99451 m=1, refcount: 1>
refcount: 1>
No. of atoms with KB's overlaping orbs in proc 0. Max # of overlaps:      72     278

InitMesh: MESH = 30 x 30 x 432 = 388800
InitMesh: Mesh cutoff (required, used) =   200.000   206.314 Ry
New grid distribution [1]: sub = 2

        iscf     Eharris(eV)        E_KS(eV)     FreeEng(eV)     dDmax    Ef(eV) dHmax(eV)
   scf:    1    -1617.300819    -1617.104644    -1617.104644  0.009913 -4.243229  0.424453
   scf:    2    -1616.663864    -1616.966267    -1616.966267  0.040927 -4.128906  2.907745
   scf:    3    -1617.126107    -1617.108237    -1617.108237  0.035382 -4.229729  0.044749
   scf:    4    -1617.108361    -1617.108304    -1617.108304  0.000430 -4.231568  0.032090
   scf:    5    -1617.108399    -1617.108359    -1617.108359  0.000501 -4.233985  0.014855
   scf:    6    -1617.108383    -1617.108373    -1617.108373  0.000265 -4.235553  0.005388
   scf:    7    -1617.108379    -1617.108376    -1617.108376  0.000111 -4.236344  0.003303
   scf:    8    -1617.108378    -1617.108378    -1617.108378  0.000101 -4.237057  0.001339
   scf:    9    -1617.108378    -1617.108378    -1617.108378  0.000040 -4.237170  0.000840

SCF Convergence by DM+H criterion
max |DM_out - DM_in|         :     0.0000395237
max |H_out - H_in|      (eV) :     0.0008397797
SCF cycle converged after 9 iterations

Using DM_out to compute the final energy and forces
No. of atoms with KB's overlaping orbs in proc 0. Max # of overlaps:      72     278

siesta: E_KS(eV) =            -1617.1084

siesta: Atomic forces (eV/Ang):
----------------------------------------
   Tot    0.000039    0.000023    0.002367
----------------------------------------
   Max    1.242222
   Res    0.456018    sqrt( Sum f_i^2 / 3N )
----------------------------------------
   Max    1.242222    constrained

Stress tensor Voigt[x,y,z,yz,xz,xy] (kbar):        3.99        3.98       14.10       -0.00       -0.01        0.01
(Free)E + p*V (eV/cell)    -1620.1695
Target enthalpy (eV/cell)    -1617.1084

siesta: Stress tensor (static) (eV/Ang**3):
         0.002493    0.000008   -0.000003
         0.000008    0.002484   -0.000002
        -0.000003   -0.000002    0.008801

siesta: Pressure (static):         -7.35844506  kBar

siesta: Stress tensor (total) (eV/Ang**3):
         0.002493    0.000008   -0.000003
         0.000008    0.002484   -0.000002
        -0.000003   -0.000002    0.008801

siesta: Pressure (total):         -7.35844506  kBar

cgvc: Finished line minimization    1.  Mean atomic displacement =    0.1403

                     ====================================
                        Begin CG opt. move =      5
                     ====================================
 Kpoints in:          325 . Kpoints trimmed:          313

siesta: k-grid: Number of k-points = 313
siesta: k-points from Monkhorst-Pack grid
siesta: k-cutoff (effective) =    25.000 Ang
siesta: k-point supercell and displacements
siesta: k-grid:    25     0     0      0.000
siesta: k-grid:     0    25     0      0.000
siesta: k-grid:     0     0     1      0.000

superc: Internal auxiliary supercell:     7 x     7 x     1  =      49
superc: Number of atoms, orbitals, and projectors:    441   5733   2989

outcell: Unit cell vectors (Ang):
        1.924608    3.333234    0.000000
        3.848970    0.000142    0.000000
        0.000000    0.000000   50.000000

outcell: Cell vector modules (Ang)   :    3.848970    3.848970   50.000000
outcell: Cell angles (23,13,12) (deg):     90.0000     90.0000     59.9958
outcell: Cell volume (Ang**3)        :    641.4622
<dSpData1D:S at geom step 5
  <sparsity:sparsity for geom step 5
    nrows_g=117 nrows=117 sparsity=7.4574 nnzs=102085, refcount: 7>
  <dData1D:(new from dSpData1D) n=102085, refcount: 1>
refcount: 1>
new_DM -- step:     6
Re-using DM from previous geometries...
Number of DMs in history: 1
 DM extrapolation coefficients: 
1   1.00000
New DM after history re-use:
<dSpData2D:SpM extrapolated using coords
  <sparsity:sparsity for geom step 5
    nrows_g=117 nrows=117 sparsity=7.4574 nnzs=102085, refcount: 9>
  <dData2D:(temp array for extrapolation) n=102085 m=1, refcount: 1>
refcount: 1>
Note: For starting DM, Qtot, Tr[D*S] =         42.00000000         42.14171213
No. of atoms with KB's overlaping orbs in proc 0. Max # of overlaps:      72     287

InitMesh: MESH = 30 x 30 x 432 = 388800
InitMesh: Mesh cutoff (required, used) =   200.000   206.314 Ry
New grid distribution [1]: sub = 2

        iscf     Eharris(eV)        E_KS(eV)     FreeEng(eV)     dDmax    Ef(eV) dHmax(eV)
   scf:    1    -1188.968922    -1475.602921    -1475.611482  0.616932 -3.638215 92.615920
   scf:    2    69946.131729    21324.041180    21324.035938 25.269260-72.590859**********
   scf:    3    -6473.050628       67.244603       67.239334 25.025583 -5.041470327.187963
   scf:    4   106101.832894    29772.333210    29772.327170 54.404964 -6.314967**********
   scf:    5    -2404.150368    -1607.411678    -1607.417844 54.207444 -3.417570 25.985138
   scf:    6    -1620.810636    -1616.047334    -1616.048967  0.155844 -4.320347  8.529888
   scf:    7    -1613.048866    -1615.697853    -1615.705077  0.094712 -4.622194  9.997432
   scf:    8    -1616.882940    -1617.115865    -1617.115868  0.044448 -4.599122  2.735569
   scf:    9    -1617.394604    -1617.278865    -1617.278869  0.021068 -4.624463  1.252057
   scf:   10    -1617.380051    -1617.337030    -1617.337032  0.010990 -4.598107  0.984065
   scf:   11    -1617.366411    -1617.352345    -1617.352346  0.004820 -4.571705  0.772025
   scf:   12    -1617.384691    -1617.375888    -1617.375888  0.018712 -4.468798  0.223338
   scf:   13    -1617.376986    -1617.376591    -1617.376591  0.004052 -4.453810  0.095087
   scf:   14    -1617.377707    -1617.377221    -1617.377221  0.002566 -4.451498  0.073504
   scf:   15    -1617.377848    -1617.377556    -1617.377556  0.000889 -4.453706  0.058634
   scf:   16    -1617.378063    -1617.377857    -1617.377857  0.001355 -4.458341  0.032477
   scf:   17    -1617.377948    -1617.377907    -1617.377907  0.000593 -4.460695  0.021081
   scf:   18    -1617.377941    -1617.377925    -1617.377926  0.000344 -4.462526  0.013963
   scf:   19    -1617.377944    -1617.377936    -1617.377936  0.000364 -4.464537  0.009039
   scf:   20    -1617.377940    -1617.377939    -1617.377939  0.000449 -4.466873  0.005641
   scf:   21    -1617.377939    -1617.377939    -1617.377939  0.000239 -4.467518  0.003659
   scf:   22    -1617.377940    -1617.377940    -1617.377940  0.000108 -4.467912  0.003659
   scf:   23    -1617.377941    -1617.377940    -1617.377940  0.000040 -4.468149  0.002849
   scf:   24    -1617.377941    -1617.377941    -1617.377941  0.000024 -4.468322  0.001925
   scf:   25    -1617.377941    -1617.377941    -1617.377941  0.000022 -4.468441  0.001281
   scf:   26    -1617.377941    -1617.377941    -1617.377941  0.000024 -4.468205  0.000960

SCF Convergence by DM+H criterion
max |DM_out - DM_in|         :     0.0000239854
max |H_out - H_in|      (eV) :     0.0009599876
SCF cycle converged after 26 iterations

Using DM_out to compute the final energy and forces
No. of atoms with KB's overlaping orbs in proc 0. Max # of overlaps:      72     287

siesta: E_KS(eV) =            -1617.3779

siesta: Atomic forces (eV/Ang):
----------------------------------------
   Tot   -0.000000   -0.000000   -0.001178
----------------------------------------
   Max    0.620239
   Res    0.165692    sqrt( Sum f_i^2 / 3N )
----------------------------------------
   Max    0.620239    constrained

Stress tensor Voigt[x,y,z,yz,xz,xy] (kbar):       -0.58       -0.58        5.42       -0.00       -0.00        0.01
(Free)E + p*V (eV/cell)    -1617.9466
Target enthalpy (eV/cell)    -1617.3779

siesta: Stress tensor (static) (eV/Ang**3):
        -0.000360    0.000003   -0.000002
         0.000003   -0.000363   -0.000001
        -0.000002   -0.000001    0.003382

siesta: Pressure (static):         -1.42030850  kBar

siesta: Stress tensor (total) (eV/Ang**3):
        -0.000360    0.000003   -0.000002
         0.000003   -0.000363   -0.000001
        -0.000002   -0.000001    0.003382

siesta: Pressure (total):         -1.42030850  kBar

                     ====================================
                        Begin CG opt. move =      6
                     ====================================
 Kpoints in:          325 . Kpoints trimmed:          313

siesta: k-grid: Number of k-points = 313
siesta: k-points from Monkhorst-Pack grid
siesta: k-cutoff (effective) =    25.000 Ang
siesta: k-point supercell and displacements
siesta: k-grid:    25     0     0      0.000
siesta: k-grid:     0    25     0      0.000
siesta: k-grid:     0     0     1      0.000

superc: Internal auxiliary supercell:     7 x     7 x     1  =      49
superc: Number of atoms, orbitals, and projectors:    441   5733   2989

outcell: Unit cell vectors (Ang):
        1.887272    3.268763    0.000000
        3.774468    0.000044    0.000000
        0.000000    0.000000   50.000000

outcell: Cell vector modules (Ang)   :    3.774468    3.774468   50.000000
outcell: Cell angles (23,13,12) (deg):     90.0000     90.0000     59.9987
outcell: Cell volume (Ang**3)        :    616.8878
<dSpData1D:S at geom step 6
  <sparsity:sparsity for geom step 6
    nrows_g=117 nrows=117 sparsity=8.7306 nnzs=119513, refcount: 7>
  <dData1D:(new from dSpData1D) n=119513, refcount: 1>
refcount: 1>
new_DM -- step:     7
Re-using DM from previous geometries...
Number of DMs in history: 1
 DM extrapolation coefficients: 
1   1.00000
New DM after history re-use:
<dSpData2D:SpM extrapolated using coords
  <sparsity:sparsity for geom step 6
    nrows_g=117 nrows=117 sparsity=8.7306 nnzs=119513, refcount: 9>
  <dData2D:(temp array for extrapolation) n=119513 m=1, refcount: 1>
refcount: 1>
Note: For starting DM, Qtot, Tr[D*S] =         42.00000000         42.08420351
No. of atoms with KB's overlaping orbs in proc 0. Max # of overlaps:      84     287

InitMesh: MESH = 30 x 30 x 432 = 388800
InitMesh: Mesh cutoff (required, used) =   200.000   206.314 Ry
New grid distribution [1]: sub = 2

        iscf     Eharris(eV)        E_KS(eV)     FreeEng(eV)     dDmax    Ef(eV) dHmax(eV)
   scf:    1    -1196.555889    -1478.197447    -1478.204854  0.529631 -3.778930 92.582003
   scf:    2    76397.861371    23437.575262    23437.568391 28.872627-72.879688**********
   scf:    3    -6651.927241      142.470813      142.463938 28.571148 -4.714879341.400248
   scf:    4   110744.521125    31109.926156    31109.915480 48.379370 -6.236899**********
   scf:    5    -3731.979354    -1576.290451    -1576.297293 48.191065 -3.403432 52.408514
   scf:    6    -1622.190114    -1616.259608    -1616.259608  0.263717 -4.515276  5.616097
   scf:    7    -1617.288067    -1616.891523    -1616.891749  0.044281 -4.695850  2.410370
   scf:    8    -1617.162408    -1617.051635    -1617.051731  0.022052 -4.759590  1.520316
   scf:    9    -1617.135124    -1617.099337    -1617.099349  0.011650 -4.766174  0.895782
   scf:   10    -1617.134098    -1617.119685    -1617.119686  0.008984 -4.743172  0.429232
   scf:   11    -1617.131851    -1617.126482    -1617.126482  0.005498 -4.709380  0.215890
   scf:   12    -1617.130920    -1617.129101    -1617.129101  0.006618 -4.676840  0.067949
   scf:   13    -1617.129997    -1617.129619    -1617.129619  0.003075 -4.665949  0.041691
   scf:   14    -1617.129946    -1617.129797    -1617.129797  0.001172 -4.664199  0.033944
   scf:   15    -1617.129937    -1617.129870    -1617.129870  0.000531 -4.664454  0.032340
   scf:   16    -1617.129972    -1617.129923    -1617.129924  0.000546 -4.664943  0.027836
   scf:   17    -1617.130002    -1617.129965    -1617.129965  0.000672 -4.665754  0.020038
   scf:   18    -1617.130013    -1617.129992    -1617.129992  0.000977 -4.667109  0.011156
   scf:   19    -1617.129997    -1617.129996    -1617.129996  0.000694 -4.668235  0.008574
   scf:   20    -1617.129997    -1617.129996    -1617.129997  0.000316 -4.668880  0.005370
   scf:   21    -1617.129999    -1617.129998    -1617.129998  0.000079 -4.669170  0.005197
   scf:   22    -1617.130001    -1617.129999    -1617.130000  0.000042 -4.669343  0.004084
   scf:   23    -1617.130001    -1617.130000    -1617.130000  0.000033 -4.669488  0.002892
   scf:   24    -1617.130001    -1617.130001    -1617.130001  0.000046 -4.669664  0.002041
   scf:   25    -1617.130001    -1617.130001    -1617.130001  0.000051 -4.669853  0.001553
   scf:   26    -1617.130001    -1617.130001    -1617.130001  0.000052 -4.670055  0.001061
   scf:   27    -1617.130001    -1617.130001    -1617.130001  0.000031 -4.670194  0.000847

SCF Convergence by DM+H criterion
max |DM_out - DM_in|         :     0.0000311720
max |H_out - H_in|      (eV) :     0.0008469007
SCF cycle converged after 27 iterations

Using DM_out to compute the final energy and forces
No. of atoms with KB's overlaping orbs in proc 0. Max # of overlaps:      84     287

siesta: E_KS(eV) =            -1617.1300

siesta: Atomic forces (eV/Ang):
----------------------------------------
   Tot   -0.000092   -0.000053    0.000564
----------------------------------------
   Max    1.917070
   Res    0.660099    sqrt( Sum f_i^2 / 3N )
----------------------------------------
   Max    1.917070    constrained

Stress tensor Voigt[x,y,z,yz,xz,xy] (kbar):       -6.53       -6.53       -8.35        0.00        0.00       -0.00
(Free)E + p*V (eV/cell)    -1614.3826
Target enthalpy (eV/cell)    -1617.1300

siesta: Stress tensor (static) (eV/Ang**3):
        -0.004075   -0.000001    0.000001
        -0.000001   -0.004073    0.000001
         0.000001    0.000001   -0.005214

siesta: Pressure (static):          7.13557332  kBar

siesta: Stress tensor (total) (eV/Ang**3):
        -0.004075   -0.000001    0.000001
        -0.000001   -0.004073    0.000001
         0.000001    0.000001   -0.005214

siesta: Pressure (total):          7.13557332  kBar

                     ====================================
                        Begin CG opt. move =      7
                     ====================================
 Kpoints in:          325 . Kpoints trimmed:          313

siesta: k-grid: Number of k-points = 313
siesta: k-points from Monkhorst-Pack grid
siesta: k-cutoff (effective) =    25.000 Ang
siesta: k-point supercell and displacements
siesta: k-grid:    25     0     0      0.000
siesta: k-grid:     0    25     0      0.000
siesta: k-grid:     0     0     1      0.000

superc: Internal auxiliary supercell:     7 x     7 x     1  =      49
superc: Number of atoms, orbitals, and projectors:    441   5733   2989

outcell: Unit cell vectors (Ang):
        1.922043    3.328806    0.000000
        3.843852    0.000135    0.000000
        0.000000    0.000000   50.000000

outcell: Cell vector modules (Ang)   :    3.843852    3.843852   50.000000
outcell: Cell angles (23,13,12) (deg):     90.0000     90.0000     59.9960
outcell: Cell volume (Ang**3)        :    639.7587
<dSpData1D:S at geom step 7
  <sparsity:sparsity for geom step 7
    nrows_g=117 nrows=117 sparsity=7.4588 nnzs=102103, refcount: 7>
  <dData1D:(new from dSpData1D) n=102103, refcount: 1>
refcount: 1>
new_DM -- step:     8
Re-using DM from previous geometries...
Number of DMs in history: 1
 DM extrapolation coefficients: 
1   1.00000
New DM after history re-use:
<dSpData2D:SpM extrapolated using coords
  <sparsity:sparsity for geom step 7
    nrows_g=117 nrows=117 sparsity=7.4588 nnzs=102103, refcount: 9>
  <dData2D:(temp array for extrapolation) n=102103 m=1, refcount: 1>
refcount: 1>
Note: For starting DM, Qtot, Tr[D*S] =         42.00000000         41.91649463
No. of atoms with KB's overlaping orbs in proc 0. Max # of overlaps:      72     287

InitMesh: MESH = 30 x 30 x 432 = 388800
InitMesh: Mesh cutoff (required, used) =   200.000   206.314 Ry
New grid distribution [1]: sub = 2

        iscf     Eharris(eV)        E_KS(eV)     FreeEng(eV)     dDmax    Ef(eV) dHmax(eV)
   scf:    1    -1615.151300    -1616.374222    -1616.374222  0.124750 -4.726258  9.298239
   scf:    2     9122.758081     1951.847322     1951.838950  2.340247 -2.415157482.223775
   scf:    3    -1592.085777    -1616.846603    -1616.846603  2.337846 -4.522381  6.477023
   scf:    4    -1617.135023    -1617.002274    -1617.002274  0.013394 -4.465696  5.422500
   scf:    5    -1617.260818    -1617.285239    -1617.285239  0.070794 -4.199310  2.266071
   scf:    6    -1617.345165    -1617.323816    -1617.323816  0.018641 -4.210010  0.978040
   scf:    7    -1617.384355    -1617.358692    -1617.358692  0.017299 -4.518823  0.741705
   scf:    8    -1617.382328    -1617.374196    -1617.374196  0.016280 -4.437673  0.448261
   scf:    9    -1617.378927    -1617.376824    -1617.376824  0.005480 -4.478436  0.309905
   scf:   10    -1617.379564    -1617.378282    -1617.378282  0.004931 -4.483057  0.218786
   scf:   11    -1617.378865    -1617.379108    -1617.379108  0.016205 -4.482061  0.090516
   scf:   12    -1617.379604    -1617.379382    -1617.379382  0.000789 -4.482042  0.065819
   scf:   13    -1617.379558    -1617.379478    -1617.379478  0.000375 -4.481892  0.051341
   scf:   14    -1617.379490    -1617.379484    -1617.379484  0.000062 -4.481901  0.050115
   scf:   15    -1617.379586    -1617.379548    -1617.379548  0.000782 -4.482857  0.025089
   scf:   16    -1617.379528    -1617.379542    -1617.379542  0.000360 -4.483951  0.020189
   scf:   17    -1617.379469    -1617.379509    -1617.379509  0.000442 -4.485029  0.013118
   scf:   18    -1617.379533    -1617.379521    -1617.379521  0.000187 -4.484707  0.012339
   scf:   19    -1617.379561    -1617.379542    -1617.379542  0.000321 -4.484777  0.008429
   scf:   20    -1617.379565    -1617.379554    -1617.379554  0.000278 -4.484310  0.004364
   scf:   21    -1617.379567    -1617.379561    -1617.379561  0.000317 -4.483918  0.002617
   scf:   22    -1617.379563    -1617.379562    -1617.379562  0.000097 -4.483914  0.002482
   scf:   23    -1617.379563    -1617.379563    -1617.379563  0.000094 -4.483959  0.002085
   scf:   24    -1617.379563    -1617.379563    -1617.379563  0.000135 -4.484048  0.001355
   scf:   25    -1617.379563    -1617.379563    -1617.379563  0.000162 -4.483481  0.000625
   scf:   26    -1617.379563    -1617.379563    -1617.379563  0.000054 -4.483535  0.000394

SCF Convergence by DM+H criterion
max |DM_out - DM_in|         :     0.0000544509
max |H_out - H_in|      (eV) :     0.0003938928
SCF cycle converged after 26 iterations

Using DM_out to compute the final energy and forces
No. of atoms with KB's overlaping orbs in proc 0. Max # of overlaps:      72     287

siesta: E_KS(eV) =            -1617.3796

siesta: Atomic forces (eV/Ang):
----------------------------------------
   Tot    0.000014    0.000008   -0.000392
----------------------------------------
   Max    0.584643
   Res    0.170839    sqrt( Sum f_i^2 / 3N )
----------------------------------------
   Max    0.584643    constrained

Stress tensor Voigt[x,y,z,yz,xz,xy] (kbar):       -0.94       -0.95        4.67       -0.00       -0.00        0.00
(Free)E + p*V (eV/cell)    -1617.7495
Target enthalpy (eV/cell)    -1617.3796

siesta: Stress tensor (static) (eV/Ang**3):
        -0.000587    0.000003   -0.000002
         0.000003   -0.000591   -0.000001
        -0.000002   -0.000001    0.002912

siesta: Pressure (static):         -0.92638498  kBar

siesta: Stress tensor (total) (eV/Ang**3):
        -0.000587    0.000003   -0.000002
         0.000003   -0.000591   -0.000001
        -0.000002   -0.000001    0.002912

siesta: Pressure (total):         -0.92638498  kBar

cgvc: Finished line minimization    2.  Mean atomic displacement =    0.0871

                     ====================================
                        Begin CG opt. move =      8
                     ====================================
 Kpoints in:          325 . Kpoints trimmed:          313

siesta: k-grid: Number of k-points = 313
siesta: k-points from Monkhorst-Pack grid
siesta: k-cutoff (effective) =    25.000 Ang
siesta: k-point supercell and displacements
siesta: k-grid:    25     0     0      0.000
siesta: k-grid:     0    25     0      0.000
siesta: k-grid:     0     0     1      0.000

superc: Internal auxiliary supercell:     7 x     7 x     1  =      49
superc: Number of atoms, orbitals, and projectors:    441   5733   2989

outcell: Unit cell vectors (Ang):
        1.920052    3.325484    0.000000
        3.839980    0.000072    0.000000
        0.000000    0.000000   50.000000

outcell: Cell vector modules (Ang)   :    3.839980    3.839980   50.000000
outcell: Cell angles (23,13,12) (deg):     90.0000     90.0000     59.9979
outcell: Cell volume (Ang**3)        :    638.4827
<dSpData1D:S at geom step 8
  <sparsity:sparsity for geom step 8
    nrows_g=117 nrows=117 sparsity=7.4798 nnzs=102391, refcount: 7>
  <dData1D:(new from dSpData1D) n=102391, refcount: 1>
refcount: 1>
new_DM -- step:     9
Re-using DM from previous geometries...
Number of DMs in history: 1
 DM extrapolation coefficients: 
1   1.00000
New DM after history re-use:
<dSpData2D:SpM extrapolated using coords
  <sparsity:sparsity for geom step 8
    nrows_g=117 nrows=117 sparsity=7.4798 nnzs=102391, refcount: 9>
  <dData2D:(temp array for extrapolation) n=102391 m=1, refcount: 1>
refcount: 1>
No. of atoms with KB's overlaping orbs in proc 0. Max # of overlaps:      72     287

InitMesh: MESH = 30 x 30 x 432 = 388800
InitMesh: Mesh cutoff (required, used) =   200.000   206.314 Ry
New grid distribution [1]: sub = 2

        iscf     Eharris(eV)        E_KS(eV)     FreeEng(eV)     dDmax    Ef(eV) dHmax(eV)
   scf:    1    -1614.132173    -1616.465086    -1616.465086  0.108484 -4.703008  7.263794
   scf:    2     5920.452028      884.756298      884.747893  2.249648 -4.608859429.744510
   scf:    3    -1599.869448    -1617.025546    -1617.025546  2.239137 -4.479119  5.122518
   scf:    4    -1617.338633    -1617.198685    -1617.198685  0.022157 -4.543238  3.942091
   scf:    5    -1617.247308    -1617.332349    -1617.332349  0.055969 -4.386516  1.488259
   scf:    6    -1617.390351    -1617.365114    -1617.365114  0.009704 -4.382819  0.895854
   scf:    7    -1617.387863    -1617.383489    -1617.383495  0.018496 -4.386747  0.387462
   scf:    8    -1617.384873    -1617.384424    -1617.384454  0.006133 -4.387278  0.208146
   scf:    9    -1617.386513    -1617.385547    -1617.385640  0.003707 -4.385427  0.141816
   scf:   10    -1617.386434    -1617.386142    -1617.386468  0.004005 -4.382748  0.034610
   scf:   11    -1617.386371    -1617.386272    -1617.386512  0.000993 -4.383536  0.034617
   scf:   12    -1617.386310    -1617.386293    -1617.386562  0.000472 -4.383624  0.024780
   scf:   13    -1617.386259    -1617.386287    -1617.386620  0.001070 -4.384492  0.008653
   scf:   14    -1617.386288    -1617.386288    -1617.386628  0.000262 -4.385161  0.006945
   scf:   15    -1617.386279    -1617.386284    -1617.386637  0.000456 -4.386343  0.004111
   scf:   16    -1617.386287    -1617.386285    -1617.386639  0.000097 -4.386667  0.003487
   scf:   17    -1617.386290    -1617.386288    -1617.386640  0.000095 -4.387026  0.002303
   scf:   18    -1617.386293    -1617.386290    -1617.386641  0.000091 -4.387381  0.001406
   scf:   19    -1617.386293    -1617.386292    -1617.386641  0.000047 -4.387527  0.000904

SCF Convergence by DM+H criterion
max |DM_out - DM_in|         :     0.0000471695
max |H_out - H_in|      (eV) :     0.0009037462
SCF cycle converged after 19 iterations

Using DM_out to compute the final energy and forces
No. of atoms with KB's overlaping orbs in proc 0. Max # of overlaps:      72     287

siesta: E_KS(eV) =            -1617.3863

siesta: Atomic forces (eV/Ang):
----------------------------------------
   Tot    0.000140    0.000081    0.000829
----------------------------------------
   Max    0.631639
   Res    0.232677    sqrt( Sum f_i^2 / 3N )
----------------------------------------
   Max    0.631639    constrained

Stress tensor Voigt[x,y,z,yz,xz,xy] (kbar):       -1.99       -2.00        4.00       -0.01       -0.01        0.01
(Free)E + p*V (eV/cell)    -1617.3889
Target enthalpy (eV/cell)    -1617.3866

siesta: Stress tensor (static) (eV/Ang**3):
        -0.001241    0.000004   -0.000006
         0.000004   -0.001245   -0.000003
        -0.000006   -0.000003    0.002497

siesta: Pressure (static):         -0.00569870  kBar

siesta: Stress tensor (total) (eV/Ang**3):
        -0.001241    0.000004   -0.000006
         0.000004   -0.001245   -0.000003
        -0.000006   -0.000003    0.002497

siesta: Pressure (total):         -0.00569870  kBar

                     ====================================
                        Begin CG opt. move =      9
                     ====================================
 Kpoints in:          325 . Kpoints trimmed:          313

siesta: k-grid: Number of k-points = 313
siesta: k-points from Monkhorst-Pack grid
siesta: k-cutoff (effective) =    25.000 Ang
siesta: k-point supercell and displacements
siesta: k-grid:    25     0     0      0.000
siesta: k-grid:     0    25     0      0.000
siesta: k-grid:     0     0     1      0.000

superc: Internal auxiliary supercell:     7 x     7 x     1  =      49
superc: Number of atoms, orbitals, and projectors:    441   5733   2989

outcell: Unit cell vectors (Ang):
        1.920989    3.327048    0.000000
        3.841803    0.000102    0.000000
        0.000000    0.000000   50.000000

outcell: Cell vector modules (Ang)   :    3.841803    3.841803   50.000000
outcell: Cell angles (23,13,12) (deg):     90.0000     90.0000     59.9970
outcell: Cell volume (Ang**3)        :    639.0833
<dSpData1D:S at geom step 9
  <sparsity:sparsity for geom step 9
    nrows_g=117 nrows=117 sparsity=7.4653 nnzs=102193, refcount: 7>
  <dData1D:(new from dSpData1D) n=102193, refcount: 1>
refcount: 1>
new_DM -- step:    10
Re-using DM from previous geometries...
Number of DMs in history: 1
 DM extrapolation coefficients: 
1   1.00000
New DM after history re-use:
<dSpData2D:SpM extrapolated using coords
  <sparsity:sparsity for geom step 9
    nrows_g=117 nrows=117 sparsity=7.4653 nnzs=102193, refcount: 9>
  <dData2D:(temp array for extrapolation) n=102193 m=1, refcount: 1>
refcount: 1>
No. of atoms with KB's overlaping orbs in proc 0. Max # of overlaps:      72     287

InitMesh: MESH = 30 x 30 x 432 = 388800
InitMesh: Mesh cutoff (required, used) =   200.000   206.314 Ry
New grid distribution [1]: sub = 2

        iscf     Eharris(eV)        E_KS(eV)     FreeEng(eV)     dDmax    Ef(eV) dHmax(eV)
   scf:    1    -1611.405137    -1615.372635    -1615.378673  0.096044 -4.371176 12.488892
   scf:    2    22298.446695     6323.923552     6323.920456  7.968381 -4.113542740.807412
   scf:    3    -1735.281478    -1617.378738    -1617.378964  7.966517 -4.403258  1.454758
   scf:    4    -1617.410435    -1617.397741    -1617.397914  0.012052 -4.433524  1.038972
   scf:    5    -1617.415505    -1617.409726    -1617.409741  0.009932 -4.462027  0.324853
   scf:    6    -1617.411247    -1617.410874    -1617.410878  0.003113 -4.470297  0.141741
   scf:    7    -1617.411411    -1617.411171    -1617.411174  0.001404 -4.468765  0.089686
   scf:    8    -1617.411445    -1617.411346    -1617.411348  0.001562 -4.466109  0.030903
   scf:    9    -1617.411394    -1617.411374    -1617.411375  0.000558 -4.465155  0.014549
   scf:   10    -1617.411399    -1617.411388    -1617.411389  0.000419 -4.464914  0.007362
   scf:   11    -1617.411399    -1617.411394    -1617.411395  0.000283 -4.465025  0.006069
   scf:   12    -1617.411398    -1617.411396    -1617.411397  0.000105 -4.465173  0.004569
   scf:   13    -1617.411399    -1617.411398    -1617.411398  0.000087 -4.465282  0.002572
   scf:   14    -1617.411398    -1617.411398    -1617.411399  0.000063 -4.465322  0.001389
   scf:   15    -1617.411398    -1617.411398    -1617.411399  0.000045 -4.465329  0.001220
   scf:   16    -1617.411398    -1617.411398    -1617.411399  0.000029 -4.465326  0.001007
   scf:   17    -1617.411398    -1617.411398    -1617.411399  0.000028 -4.465325  0.000654

SCF Convergence by DM+H criterion
max |DM_out - DM_in|         :     0.0000283240
max |H_out - H_in|      (eV) :     0.0006536127
SCF cycle converged after 17 iterations

Using DM_out to compute the final energy and forces
No. of atoms with KB's overlaping orbs in proc 0. Max # of overlaps:      72     287

siesta: E_KS(eV) =            -1617.4114

siesta: Atomic forces (eV/Ang):
----------------------------------------
   Tot    0.000097    0.000056   -0.001259
----------------------------------------
   Max    0.348629
   Res    0.091222    sqrt( Sum f_i^2 / 3N )
----------------------------------------
   Max    0.348629    constrained

Stress tensor Voigt[x,y,z,yz,xz,xy] (kbar):       -1.35       -1.36        4.32       -0.00       -0.01        0.01
(Free)E + p*V (eV/cell)    -1617.6262
Target enthalpy (eV/cell)    -1617.4114

siesta: Stress tensor (static) (eV/Ang**3):
        -0.000842    0.000004   -0.000004
         0.000004   -0.000846   -0.000002
        -0.000004   -0.000002    0.002697

siesta: Pressure (static):         -0.53858474  kBar

siesta: Stress tensor (total) (eV/Ang**3):
        -0.000842    0.000004   -0.000004
         0.000004   -0.000846   -0.000002
        -0.000004   -0.000002    0.002697

siesta: Pressure (total):         -0.53858474  kBar

cgvc: Finished line minimization    3.  Mean atomic displacement =    0.0461

                     ====================================
                        Begin CG opt. move =     10
                     ====================================
 Kpoints in:          325 . Kpoints trimmed:          313

siesta: k-grid: Number of k-points = 313
siesta: k-points from Monkhorst-Pack grid
siesta: k-cutoff (effective) =    25.000 Ang
siesta: k-point supercell and displacements
siesta: k-grid:    25     0     0      0.000
siesta: k-grid:     0    25     0      0.000
siesta: k-grid:     0     0     1      0.000

superc: Internal auxiliary supercell:     7 x     7 x     1  =      49
superc: Number of atoms, orbitals, and projectors:    441   5733   2989

outcell: Unit cell vectors (Ang):
        1.926006    3.335865    0.000000
        3.851947    0.000038    0.000000
        0.000000    0.000000   50.000000

outcell: Cell vector modules (Ang)   :    3.851947    3.851947   50.000000
outcell: Cell angles (23,13,12) (deg):     90.0000     90.0000     59.9989
outcell: Cell volume (Ang**3)        :    642.4750
<dSpData1D:S at geom step 10
  <sparsity:sparsity for geom step 10
    nrows_g=117 nrows=117 sparsity=7.4785 nnzs=102373, refcount: 7>
  <dData1D:(new from dSpData1D) n=102373, refcount: 1>
refcount: 1>
new_DM -- step:    11
Re-using DM from previous geometries...
Number of DMs in history: 1
 DM extrapolation coefficients: 
1   1.00000
New DM after history re-use:
<dSpData2D:SpM extrapolated using coords
  <sparsity:sparsity for geom step 10
    nrows_g=117 nrows=117 sparsity=7.4785 nnzs=102373, refcount: 9>
  <dData2D:(temp array for extrapolation) n=102373 m=1, refcount: 1>
refcount: 1>
No. of atoms with KB's overlaping orbs in proc 0. Max # of overlaps:      72     287

InitMesh: MESH = 30 x 30 x 432 = 388800
InitMesh: Mesh cutoff (required, used) =   200.000   206.314 Ry
New grid distribution [1]: sub = 2

        iscf     Eharris(eV)        E_KS(eV)     FreeEng(eV)     dDmax    Ef(eV) dHmax(eV)
   scf:    1    -1529.990023    -1588.384326    -1588.395686  0.201363 -4.492937 44.424036
   scf:    2    74848.354411    23498.046651    23498.038003 36.427686-23.552415**********
   scf:    3    -2093.057942    -1617.020011    -1617.020011 36.424273 -4.649229  4.538943
   scf:    4    -1617.483608    -1617.335763    -1617.335763  0.048589 -4.261117  2.489931
   scf:    5    -1617.461832    -1617.411804    -1617.411804  0.028898 -4.525560  1.124616
   scf:    6    -1617.430058    -1617.428387    -1617.428387  0.022210 -4.511513  0.238092
   scf:    7    -1617.429801    -1617.429155    -1617.429155  0.002068 -4.510976  0.158579
   scf:    8    -1617.430262    -1617.429776    -1617.429776  0.002306 -4.505978  0.124060
   scf:    9    -1617.430236    -1617.430047    -1617.430047  0.002418 -4.499021  0.058092
   scf:   10    -1617.430066    -1617.430078    -1617.430078  0.002473 -4.492126  0.016037
   scf:   11    -1617.430117    -1617.430100    -1617.430100  0.000243 -4.492342  0.012256
   scf:   12    -1617.430120    -1617.430111    -1617.430111  0.000151 -4.492729  0.010542
   scf:   13    -1617.430119    -1617.430115    -1617.430115  0.000065 -4.493199  0.008114
   scf:   14    -1617.430121    -1617.430119    -1617.430119  0.000139 -4.494158  0.002144
   scf:   15    -1617.430119    -1617.430119    -1617.430119  0.000029 -4.494397  0.001790
   scf:   16    -1617.430119    -1617.430119    -1617.430119  0.000029 -4.494486  0.001361
   scf:   17    -1617.430119    -1617.430119    -1617.430119  0.000036 -4.494549  0.000936

SCF Convergence by DM+H criterion
max |DM_out - DM_in|         :     0.0000357944
max |H_out - H_in|      (eV) :     0.0009364598
SCF cycle converged after 17 iterations

Using DM_out to compute the final energy and forces
No. of atoms with KB's overlaping orbs in proc 0. Max # of overlaps:      72     287

siesta: E_KS(eV) =            -1617.4301

siesta: Atomic forces (eV/Ang):
----------------------------------------
   Tot   -0.000151   -0.000087   -0.000323
----------------------------------------
   Max    0.206290
   Res    0.068278    sqrt( Sum f_i^2 / 3N )
----------------------------------------
   Max    0.206290    constrained

Stress tensor Voigt[x,y,z,yz,xz,xy] (kbar):       -0.74       -0.75        1.81       -0.00       -0.01        0.00
(Free)E + p*V (eV/cell)    -1617.4734
Target enthalpy (eV/cell)    -1617.4301

siesta: Stress tensor (static) (eV/Ang**3):
        -0.000463    0.000002   -0.000005
         0.000002   -0.000466   -0.000003
        -0.000005   -0.000003    0.001131

siesta: Pressure (static):         -0.10793792  kBar

siesta: Stress tensor (total) (eV/Ang**3):
        -0.000463    0.000002   -0.000005
         0.000002   -0.000466   -0.000003
        -0.000005   -0.000003    0.001131

siesta: Pressure (total):         -0.10793792  kBar

                     ====================================
                        Begin CG opt. move =     11
                     ====================================
 Kpoints in:          325 . Kpoints trimmed:          313

siesta: k-grid: Number of k-points = 313
siesta: k-points from Monkhorst-Pack grid
siesta: k-cutoff (effective) =    25.000 Ang
siesta: k-point supercell and displacements
siesta: k-grid:    25     0     0      0.000
siesta: k-grid:     0    25     0      0.000
siesta: k-grid:     0     0     1      0.000

superc: Internal auxiliary supercell:     7 x     7 x     1  =      49
superc: Number of atoms, orbitals, and projectors:    441   5733   2989

outcell: Unit cell vectors (Ang):
        1.934033    3.349972    0.000000
        3.868177   -0.000064    0.000000
        0.000000    0.000000   50.000000

outcell: Cell vector modules (Ang)   :    3.868177    3.868177   50.000000
outcell: Cell angles (23,13,12) (deg):     90.0000     90.0000     60.0019
outcell: Cell volume (Ang**3)        :    647.9204
<dSpData1D:S at geom step 11
  <sparsity:sparsity for geom step 11
    nrows_g=117 nrows=117 sparsity=7.4285 nnzs=101689, refcount: 7>
  <dData1D:(new from dSpData1D) n=101689, refcount: 1>
refcount: 1>
new_DM -- step:    12
Re-using DM from previous geometries...
Number of DMs in history: 1
 DM extrapolation coefficients: 
1   1.00000
New DM after history re-use:
<dSpData2D:SpM extrapolated using coords
  <sparsity:sparsity for geom step 11
    nrows_g=117 nrows=117 sparsity=7.4285 nnzs=101689, refcount: 9>
  <dData2D:(temp array for extrapolation) n=101689 m=1, refcount: 1>
refcount: 1>
No. of atoms with KB's overlaping orbs in proc 0. Max # of overlaps:      72     287

InitMesh: MESH = 30 x 30 x 432 = 388800
InitMesh: Mesh cutoff (required, used) =   200.000   206.314 Ry
New grid distribution [1]: sub = 2

        iscf     Eharris(eV)        E_KS(eV)     FreeEng(eV)     dDmax    Ef(eV) dHmax(eV)
   scf:    1    -1396.054244    -1543.893042    -1543.911985  0.309423 -4.309479 70.115727
   scf:    2    80176.684067    24956.437906    24956.436914 44.464516-43.517174**********
   scf:    3    -3533.284190    -1570.332213    -1570.342395 44.438011 -4.387253 51.600182
   scf:    4    -1578.049574    -1611.137717    -1611.144364  0.480364 -3.984110 20.322846
   scf:    5    -1619.148506    -1617.181024    -1617.181024  0.123723 -4.476801  3.955571
   scf:    6    -1617.447023    -1617.379440    -1617.379441  0.036804 -4.542155  1.229047
   scf:    7    -1617.407245    -1617.395669    -1617.395669  0.009239 -4.553886  0.624432
   scf:    8    -1617.405944    -1617.402759    -1617.402759  0.010836 -4.556159  0.296666
   scf:    9    -1617.404265    -1617.403613    -1617.403613  0.003355 -4.551546  0.151317
   scf:   10    -1617.404466    -1617.404079    -1617.404079  0.002133 -4.545378  0.065732
   scf:   11    -1617.404451    -1617.404293    -1617.404293  0.002153 -4.531701  0.030709
   scf:   12    -1617.404367    -1617.404336    -1617.404336  0.001299 -4.546810  0.017006
   scf:   13    -1617.404360    -1617.404349    -1617.404349  0.000649 -4.544031  0.015941
   scf:   14    -1617.404366    -1617.404358    -1617.404358  0.000914 -4.540395  0.009529
   scf:   15    -1617.404364    -1617.404361    -1617.404361  0.000106 -4.540402  0.006139
   scf:   16    -1617.404366    -1617.404364    -1617.404364  0.000139 -4.540680  0.004337
   scf:   17    -1617.404365    -1617.404365    -1617.404365  0.000057 -4.541017  0.002880
   scf:   18    -1617.404365    -1617.404365    -1617.404365  0.000065 -4.541582  0.001283
   scf:   19    -1617.404365    -1617.404365    -1617.404365  0.000015 -4.541798  0.001099
   scf:   20    -1617.404365    -1617.404365    -1617.404365  0.000014 -4.541995  0.000783

SCF Convergence by DM+H criterion
max |DM_out - DM_in|         :     0.0000136145
max |H_out - H_in|      (eV) :     0.0007827309
SCF cycle converged after 20 iterations

Using DM_out to compute the final energy and forces
No. of atoms with KB's overlaping orbs in proc 0. Max # of overlaps:      72     287

siesta: E_KS(eV) =            -1617.4044

siesta: Atomic forces (eV/Ang):
----------------------------------------
   Tot    0.000095    0.000055   -0.004098
----------------------------------------
   Max    0.831376
   Res    0.219869    sqrt( Sum f_i^2 / 3N )
----------------------------------------
   Max    0.831376    constrained

Stress tensor Voigt[x,y,z,yz,xz,xy] (kbar):        0.06        0.06       -2.60       -0.00       -0.01       -0.00
(Free)E + p*V (eV/cell)    -1617.0703
Target enthalpy (eV/cell)    -1617.4044

siesta: Stress tensor (static) (eV/Ang**3):
         0.000039   -0.000001   -0.000005
        -0.000001    0.000039   -0.000003
        -0.000005   -0.000003   -0.001625

siesta: Pressure (static):          0.82616150  kBar

siesta: Stress tensor (total) (eV/Ang**3):
         0.000039   -0.000001   -0.000005
        -0.000001    0.000039   -0.000003
        -0.000005   -0.000003   -0.001625

siesta: Pressure (total):          0.82616150  kBar

                     ====================================
                        Begin CG opt. move =     12
                     ====================================
 Kpoints in:          325 . Kpoints trimmed:          313

siesta: k-grid: Number of k-points = 313
siesta: k-points from Monkhorst-Pack grid
siesta: k-cutoff (effective) =    25.000 Ang
siesta: k-point supercell and displacements
siesta: k-grid:    25     0     0      0.000
siesta: k-grid:     0    25     0      0.000
siesta: k-grid:     0     0     1      0.000

superc: Internal auxiliary supercell:     7 x     7 x     1  =      49
superc: Number of atoms, orbitals, and projectors:    441   5733   2989

outcell: Unit cell vectors (Ang):
        1.927016    3.337640    0.000000
        3.853989    0.000025    0.000000
        0.000000    0.000000   50.000000

outcell: Cell vector modules (Ang)   :    3.853989    3.853989   50.000000
outcell: Cell angles (23,13,12) (deg):     90.0000     90.0000     59.9993
outcell: Cell volume (Ang**3)        :    643.1591
<dSpData1D:S at geom step 12
  <sparsity:sparsity for geom step 12
    nrows_g=117 nrows=117 sparsity=7.4785 nnzs=102373, refcount: 7>
  <dData1D:(new from dSpData1D) n=102373, refcount: 1>
refcount: 1>
new_DM -- step:    13
Re-using DM from previous geometries...
Number of DMs in history: 1
 DM extrapolation coefficients: 
1   1.00000
New DM after history re-use:
<dSpData2D:SpM extrapolated using coords
  <sparsity:sparsity for geom step 12
    nrows_g=117 nrows=117 sparsity=7.4785 nnzs=102373, refcount: 9>
  <dData2D:(temp array for extrapolation) n=102373 m=1, refcount: 1>
refcount: 1>
No. of atoms with KB's overlaping orbs in proc 0. Max # of overlaps:      72     287

InitMesh: MESH = 30 x 30 x 432 = 388800
InitMesh: Mesh cutoff (required, used) =   200.000   206.314 Ry
New grid distribution [1]: sub = 2

        iscf     Eharris(eV)        E_KS(eV)     FreeEng(eV)     dDmax    Ef(eV) dHmax(eV)
   scf:    1    -1615.803795    -1616.913710    -1616.913710  0.119078 -4.418830  5.295992
   scf:    2     6831.773902     1190.781390     1190.767782  2.062100 -4.454573434.215127
   scf:    3    -1601.684243    -1617.132693    -1617.132693  2.053211 -4.507575  4.596622
   scf:    4    -1617.290320    -1617.215750    -1617.215750  0.013179 -4.549734  4.117489
   scf:    5    -1617.378995    -1617.393494    -1617.393494  0.063772 -4.390103  1.477293
   scf:    6    -1617.417218    -1617.408008    -1617.408008  0.015315 -4.315768  0.969164
   scf:    7    -1617.429636    -1617.420599    -1617.420599  0.015026 -4.576136  0.598010
   scf:    8    -1617.432243    -1617.427543    -1617.427543  0.012076 -4.486900  0.373735
   scf:    9    -1617.430477    -1617.429534    -1617.429534  0.010407 -4.507184  0.187160
   scf:   10    -1617.430575    -1617.430119    -1617.430119  0.005284 -4.503834  0.120197
   scf:   11    -1617.430689    -1617.430463    -1617.430463  0.004384 -4.499548  0.055401
   scf:   12    -1617.430652    -1617.430563    -1617.430563  0.000253 -4.498894  0.039408
   scf:   13    -1617.430744    -1617.430667    -1617.430667  0.000357 -4.498411  0.013345
   scf:   14    -1617.430704    -1617.430687    -1617.430687  0.000162 -4.498612  0.008106
   scf:   15    -1617.430705    -1617.430696    -1617.430696  0.000170 -4.499095  0.004816
   scf:   16    -1617.430701    -1617.430698    -1617.430699  0.000092 -4.499297  0.004531
   scf:   17    -1617.430706    -1617.430702    -1617.430702  0.000217 -4.499851  0.003777
   scf:   18    -1617.430706    -1617.430704    -1617.430704  0.000182 -4.500184  0.003004
   scf:   19    -1617.430706    -1617.430705    -1617.430705  0.000418 -4.500799  0.001522
   scf:   20    -1617.430705    -1617.430705    -1617.430705  0.000120 -4.501082  0.001097
   scf:   21    -1617.430705    -1617.430705    -1617.430705  0.000061 -4.501031  0.000755

SCF Convergence by DM+H criterion
max |DM_out - DM_in|         :     0.0000609943
max |H_out - H_in|      (eV) :     0.0007553029
SCF cycle converged after 21 iterations

Using DM_out to compute the final energy and forces
No. of atoms with KB's overlaping orbs in proc 0. Max # of overlaps:      72     287

siesta: E_KS(eV) =            -1617.4307

siesta: Atomic forces (eV/Ang):
----------------------------------------
   Tot   -0.000189   -0.000109   -0.001261
----------------------------------------
   Max    0.222815
   Res    0.081311    sqrt( Sum f_i^2 / 3N )
----------------------------------------
   Max    0.222815    constrained

Stress tensor Voigt[x,y,z,yz,xz,xy] (kbar):       -0.64       -0.64        1.27       -0.00       -0.01        0.00
(Free)E + p*V (eV/cell)    -1617.4297
Target enthalpy (eV/cell)    -1617.4307

siesta: Stress tensor (static) (eV/Ang**3):
        -0.000398    0.000002   -0.000005
         0.000002   -0.000400   -0.000003
        -0.000005   -0.000003    0.000794

siesta: Pressure (static):          0.00252384  kBar

siesta: Stress tensor (total) (eV/Ang**3):
        -0.000398    0.000002   -0.000005
         0.000002   -0.000400   -0.000003
        -0.000005   -0.000003    0.000794

siesta: Pressure (total):          0.00252384  kBar

cgvc: Finished line minimization    4.  Mean atomic displacement =    0.0554

                     ====================================
                        Begin CG opt. move =     13
                     ====================================
 Kpoints in:          325 . Kpoints trimmed:          313

siesta: k-grid: Number of k-points = 313
siesta: k-points from Monkhorst-Pack grid
siesta: k-cutoff (effective) =    25.000 Ang
siesta: k-point supercell and displacements
siesta: k-grid:    25     0     0      0.000
siesta: k-grid:     0    25     0      0.000
siesta: k-grid:     0     0     1      0.000

superc: Internal auxiliary supercell:     7 x     7 x     1  =      49
superc: Number of atoms, orbitals, and projectors:    441   5733   2989

outcell: Unit cell vectors (Ang):
        1.934304    3.350427    0.000000
        3.868707   -0.000057    0.000000
        0.000000    0.000000   50.000000

outcell: Cell vector modules (Ang)   :    3.868707    3.868707   50.000000
outcell: Cell angles (23,13,12) (deg):     90.0000     90.0000     60.0017
outcell: Cell volume (Ang**3)        :    648.0965
<dSpData1D:S at geom step 13
  <sparsity:sparsity for geom step 13
    nrows_g=117 nrows=117 sparsity=7.4520 nnzs=102011, refcount: 7>
  <dData1D:(new from dSpData1D) n=102011, refcount: 1>
refcount: 1>
new_DM -- step:    14
Re-using DM from previous geometries...
Number of DMs in history: 1
 DM extrapolation coefficients: 
1   1.00000
New DM after history re-use:
<dSpData2D:SpM extrapolated using coords
  <sparsity:sparsity for geom step 13
    nrows_g=117 nrows=117 sparsity=7.4520 nnzs=102011, refcount: 9>
  <dData2D:(temp array for extrapolation) n=102011 m=1, refcount: 1>
refcount: 1>
No. of atoms with KB's overlaping orbs in proc 0. Max # of overlaps:      72     287

InitMesh: MESH = 30 x 30 x 432 = 388800
InitMesh: Mesh cutoff (required, used) =   200.000   206.314 Ry
New grid distribution [1]: sub = 2

        iscf     Eharris(eV)        E_KS(eV)     FreeEng(eV)     dDmax    Ef(eV) dHmax(eV)
   scf:    1    -1356.056822    -1530.604631    -1530.623967  0.332535 -4.171661 76.666920
   scf:    2    79989.109190    24841.912198    24841.907159 43.132979-50.594152**********
   scf:    3    -4949.473501    -1346.990429    -1347.002080 43.074611 -4.477387127.370939
   scf:    4    15309.951186     3310.938102     3310.925426  4.524991 -1.511173544.145551
   scf:    5    -1618.213067    -1616.493935    -1616.493935  4.489220 -4.381077  7.783599
   scf:    6    -1617.258655    -1616.940893    -1616.940893  0.038408 -4.667665  5.730076
   scf:    7    -1617.545970    -1617.352106    -1617.352106  0.054352 -4.724960  2.706902
   scf:    8    -1617.426311    -1617.410931    -1617.410931  0.035757 -4.570964  0.952930
   scf:    9    -1617.425346    -1617.419855    -1617.419855  0.009669 -4.552514  0.516899
   scf:   10    -1617.428885    -1617.424925    -1617.424925  0.008655 -4.570363  0.381866
   scf:   11    -1617.429142    -1617.427597    -1617.427597  0.011535 -4.558315  0.136962
   scf:   12    -1617.428048    -1617.427939    -1617.427939  0.006840 -4.555265  0.064649
   scf:   13    -1617.428240    -1617.428109    -1617.428109  0.001912 -4.555993  0.057357
   scf:   14    -1617.428314    -1617.428221    -1617.428221  0.000790 -4.557633  0.042258
   scf:   15    -1617.428359    -1617.428296    -1617.428296  0.000574 -4.559858  0.024571
   scf:   16    -1617.428366    -1617.428336    -1617.428336  0.000438 -4.562441  0.014977
   scf:   17    -1617.428354    -1617.428347    -1617.428347  0.000278 -4.564247  0.009637
   scf:   18    -1617.428349    -1617.428348    -1617.428348  0.000161 -4.565299  0.005234
   scf:   19    -1617.428349    -1617.428349    -1617.428349  0.000085 -4.565909  0.003769
   scf:   20    -1617.428350    -1617.428349    -1617.428349  0.000041 -4.566124  0.003023
   scf:   21    -1617.428350    -1617.428350    -1617.428350  0.000042 -4.566237  0.002538
   scf:   22    -1617.428350    -1617.428350    -1617.428350  0.000041 -4.566302  0.002096
   scf:   23    -1617.428350    -1617.428350    -1617.428350  0.000030 -4.566284  0.001440
   scf:   24    -1617.428350    -1617.428350    -1617.428350  0.000023 -4.566169  0.001074
   scf:   25    -1617.428350    -1617.428350    -1617.428350  0.000017 -4.566139  0.000808

SCF Convergence by DM+H criterion
max |DM_out - DM_in|         :     0.0000169291
max |H_out - H_in|      (eV) :     0.0008077852
SCF cycle converged after 25 iterations

Using DM_out to compute the final energy and forces
No. of atoms with KB's overlaping orbs in proc 0. Max # of overlaps:      72     287

siesta: E_KS(eV) =            -1617.4284

siesta: Atomic forces (eV/Ang):
----------------------------------------
   Tot   -0.000205   -0.000118   -0.002534
----------------------------------------
   Max    0.323602
   Res    0.111703    sqrt( Sum f_i^2 / 3N )
----------------------------------------
   Max    0.323602    constrained

Stress tensor Voigt[x,y,z,yz,xz,xy] (kbar):        0.01        0.01        0.06       -0.00       -0.00       -0.00
(Free)E + p*V (eV/cell)    -1617.4396
Target enthalpy (eV/cell)    -1617.4284

siesta: Stress tensor (static) (eV/Ang**3):
         0.000004   -0.000003   -0.000001
        -0.000003    0.000008   -0.000000
        -0.000001   -0.000000    0.000039

siesta: Pressure (static):         -0.02779205  kBar

siesta: Stress tensor (total) (eV/Ang**3):
         0.000004   -0.000003   -0.000001
        -0.000003    0.000008   -0.000000
        -0.000001   -0.000000    0.000039

siesta: Pressure (total):         -0.02779205  kBar

                     ====================================
                        Begin CG opt. move =     14
                     ====================================
 Kpoints in:          325 . Kpoints trimmed:          313

siesta: k-grid: Number of k-points = 313
siesta: k-points from Monkhorst-Pack grid
siesta: k-cutoff (effective) =    25.000 Ang
siesta: k-point supercell and displacements
siesta: k-grid:    25     0     0      0.000
siesta: k-grid:     0    25     0      0.000
siesta: k-grid:     0     0     1      0.000

superc: Internal auxiliary supercell:     7 x     7 x     1  =      49
superc: Number of atoms, orbitals, and projectors:    441   5733   2989

outcell: Unit cell vectors (Ang):
        1.930385    3.343550    0.000000
        3.860792   -0.000013    0.000000
        0.000000    0.000000   50.000000

outcell: Cell vector modules (Ang)   :    3.860792    3.860792   50.000000
outcell: Cell angles (23,13,12) (deg):     90.0000     90.0000     60.0004
outcell: Cell volume (Ang**3)        :    645.4389
<dSpData1D:S at geom step 14
  <sparsity:sparsity for geom step 14
    nrows_g=117 nrows=117 sparsity=7.4522 nnzs=102013, refcount: 7>
  <dData1D:(new from dSpData1D) n=102013, refcount: 1>
refcount: 1>
new_DM -- step:    15
Re-using DM from previous geometries...
Number of DMs in history: 1
 DM extrapolation coefficients: 
1   1.00000
New DM after history re-use:
<dSpData2D:SpM extrapolated using coords
  <sparsity:sparsity for geom step 14
    nrows_g=117 nrows=117 sparsity=7.4522 nnzs=102013, refcount: 9>
  <dData2D:(temp array for extrapolation) n=102013 m=1, refcount: 1>
refcount: 1>
No. of atoms with KB's overlaping orbs in proc 0. Max # of overlaps:      72     287

InitMesh: MESH = 30 x 30 x 432 = 388800
InitMesh: Mesh cutoff (required, used) =   200.000   206.314 Ry
New grid distribution [1]: sub = 2

        iscf     Eharris(eV)        E_KS(eV)     FreeEng(eV)     dDmax    Ef(eV) dHmax(eV)
   scf:    1    -1616.955175    -1617.295795    -1617.295795  0.061610 -4.465915  3.227340
   scf:    2     -353.785276    -1197.702853    -1197.717899  1.108560 -3.441220168.958562
   scf:    3    -1614.182734    -1617.349649    -1617.349649  1.100998 -4.343148  2.704352
   scf:    4    -1617.391562    -1617.371679    -1617.371679  0.004890 -4.317584  2.353714
   scf:    5    -1617.441057    -1617.430978    -1617.430978  0.022566 -4.619008  0.802783
   scf:    6    -1617.433696    -1617.432994    -1617.432994  0.006677 -4.522722  0.478233
   scf:    7    -1617.436203    -1617.434753    -1617.434753  0.005102 -4.539916  0.273398
   scf:    8    -1617.437281    -1617.436218    -1617.436218  0.006885 -4.535361  0.128197
   scf:    9    -1617.436928    -1617.436634    -1617.436634  0.005013 -4.533433  0.051593
   scf:   10    -1617.436814    -1617.436737    -1617.436737  0.002245 -4.531569  0.024979
   scf:   11    -1617.436808    -1617.436775    -1617.436775  0.000462 -4.530640  0.017683
   scf:   12    -1617.436822    -1617.436800    -1617.436800  0.000327 -4.530039  0.011623
   scf:   13    -1617.436824    -1617.436813    -1617.436813  0.000263 -4.530013  0.008027
   scf:   14    -1617.436823    -1617.436819    -1617.436819  0.000249 -4.530233  0.004089
   scf:   15    -1617.436821    -1617.436820    -1617.436820  0.000122 -4.530429  0.002646
   scf:   16    -1617.436821    -1617.436821    -1617.436821  0.000127 -4.530720  0.001644
   scf:   17    -1617.436821    -1617.436821    -1617.436821  0.000102 -4.530821  0.000918
   scf:   18    -1617.436821    -1617.436821    -1617.436821  0.000086 -4.530974  0.000718

SCF Convergence by DM+H criterion
max |DM_out - DM_in|         :     0.0000863573
max |H_out - H_in|      (eV) :     0.0007175267
SCF cycle converged after 18 iterations

Using DM_out to compute the final energy and forces
No. of atoms with KB's overlaping orbs in proc 0. Max # of overlaps:      72     287

siesta: E_KS(eV) =            -1617.4368

siesta: Atomic forces (eV/Ang):
----------------------------------------
   Tot   -0.000309   -0.000178   -0.000200
----------------------------------------
   Max    0.084088
   Res    0.025004    sqrt( Sum f_i^2 / 3N )
----------------------------------------
   Max    0.084088    constrained

Stress tensor Voigt[x,y,z,yz,xz,xy] (kbar):       -0.30       -0.29        0.70       -0.00       -0.01       -0.00
(Free)E + p*V (eV/cell)    -1617.4519
Target enthalpy (eV/cell)    -1617.4368

siesta: Stress tensor (static) (eV/Ang**3):
        -0.000184   -0.000001   -0.000003
        -0.000001   -0.000183   -0.000002
        -0.000003   -0.000002    0.000438

siesta: Pressure (static):         -0.03750549  kBar

siesta: Stress tensor (total) (eV/Ang**3):
        -0.000184   -0.000001   -0.000003
        -0.000001   -0.000183   -0.000002
        -0.000003   -0.000002    0.000438

siesta: Pressure (total):         -0.03750549  kBar

cgvc: Finished line minimization    5.  Mean atomic displacement =    0.0256

                     ====================================
                        Begin CG opt. move =     15
                     ====================================
 Kpoints in:          325 . Kpoints trimmed:          313

siesta: k-grid: Number of k-points = 313
siesta: k-points from Monkhorst-Pack grid
siesta: k-cutoff (effective) =    25.000 Ang
siesta: k-point supercell and displacements
siesta: k-grid:    25     0     0      0.000
siesta: k-grid:     0    25     0      0.000
siesta: k-grid:     0     0     1      0.000

superc: Internal auxiliary supercell:     7 x     7 x     1  =      49
superc: Number of atoms, orbitals, and projectors:    441   5733   2989

outcell: Unit cell vectors (Ang):
        1.934623    3.350877    0.000000
        3.869256   -0.000006    0.000000
        0.000000    0.000000   50.000000

outcell: Cell vector modules (Ang)   :    3.869256    3.869256   50.000000
outcell: Cell angles (23,13,12) (deg):     90.0000     90.0000     60.0002
outcell: Cell volume (Ang**3)        :    648.2705
<dSpData1D:S at geom step 15
  <sparsity:sparsity for geom step 15
    nrows_g=117 nrows=117 sparsity=7.4522 nnzs=102013, refcount: 7>
  <dData1D:(new from dSpData1D) n=102013, refcount: 1>
refcount: 1>
new_DM -- step:    16
Re-using DM from previous geometries...
Number of DMs in history: 1
 DM extrapolation coefficients: 
1   1.00000
New DM after history re-use:
<dSpData2D:SpM extrapolated using coords
  <sparsity:sparsity for geom step 15
    nrows_g=117 nrows=117 sparsity=7.4522 nnzs=102013, refcount: 9>
  <dData2D:(temp array for extrapolation) n=102013 m=1, refcount: 1>
refcount: 1>
No. of atoms with KB's overlaping orbs in proc 0. Max # of overlaps:      72     287

InitMesh: MESH = 30 x 30 x 432 = 388800
InitMesh: Mesh cutoff (required, used) =   200.000   206.314 Ry
New grid distribution [1]: sub = 2

        iscf     Eharris(eV)        E_KS(eV)     FreeEng(eV)     dDmax    Ef(eV) dHmax(eV)
   scf:    1    -1617.055429    -1617.276085    -1617.276086  0.032508 -4.446721  3.221348
   scf:    2    -1550.978563    -1595.644994    -1595.650159  0.411279 -5.247801 34.119317
   scf:    3    -1617.947141    -1617.407655    -1617.407655  0.391149 -4.521087  1.184025
   scf:    4    -1617.439057    -1617.426897    -1617.426898  0.009208 -4.539088  0.477500
   scf:    5    -1617.432932    -1617.431664    -1617.431664  0.007236 -4.542877  0.100866
   scf:    6    -1617.432050    -1617.431889    -1617.431889  0.000880 -4.539343  0.039950
   scf:    7    -1617.432021    -1617.431964    -1617.431964  0.000532 -4.536607  0.026010
   scf:    8    -1617.431990    -1617.431977    -1617.431978  0.000111 -4.535955  0.023817
   scf:    9    -1617.432052    -1617.432023    -1617.432023  0.000814 -4.532718  0.011882
   scf:   10    -1617.432023    -1617.432024    -1617.432024  0.000379 -4.531674  0.005623
   scf:   11    -1617.432025    -1617.432024    -1617.432024  0.000125 -4.531564  0.003168
   scf:   12    -1617.432026    -1617.432025    -1617.432025  0.000041 -4.531459  0.002894
   scf:   13    -1617.432026    -1617.432026    -1617.432026  0.000053 -4.531581  0.002133
   scf:   14    -1617.432026    -1617.432026    -1617.432026  0.000044 -4.531681  0.001351
   scf:   15    -1617.432026    -1617.432026    -1617.432026  0.000052 -4.531671  0.000799

SCF Convergence by DM+H criterion
max |DM_out - DM_in|         :     0.0000515820
max |H_out - H_in|      (eV) :     0.0007988720
SCF cycle converged after 15 iterations

Using DM_out to compute the final energy and forces
No. of atoms with KB's overlaping orbs in proc 0. Max # of overlaps:      72     287

siesta: E_KS(eV) =            -1617.4320

siesta: Atomic forces (eV/Ang):
----------------------------------------
   Tot    0.000050    0.000038    0.000802
----------------------------------------
   Max    0.251821
   Res    0.083262    sqrt( Sum f_i^2 / 3N )
----------------------------------------
   Max    0.251821    constrained

Stress tensor Voigt[x,y,z,yz,xz,xy] (kbar):        0.95        0.95       -0.41        0.00        0.00       -0.00
(Free)E + p*V (eV/cell)    -1617.6325
Target enthalpy (eV/cell)    -1617.4320

siesta: Stress tensor (static) (eV/Ang**3):
         0.000592   -0.000002    0.000001
        -0.000002    0.000594    0.000001
         0.000001    0.000001   -0.000259

siesta: Pressure (static):         -0.49535331  kBar

siesta: Stress tensor (total) (eV/Ang**3):
         0.000592   -0.000002    0.000001
        -0.000002    0.000594    0.000001
         0.000001    0.000001   -0.000259

siesta: Pressure (total):         -0.49535331  kBar

                     ====================================
                        Begin CG opt. move =     16
                     ====================================
 Kpoints in:          325 . Kpoints trimmed:          313

siesta: k-grid: Number of k-points = 313
siesta: k-points from Monkhorst-Pack grid
siesta: k-cutoff (effective) =    25.000 Ang
siesta: k-point supercell and displacements
siesta: k-grid:    25     0     0      0.000
siesta: k-grid:     0    25     0      0.000
siesta: k-grid:     0     0     1      0.000

superc: Internal auxiliary supercell:     7 x     7 x     1  =      49
superc: Number of atoms, orbitals, and projectors:    441   5733   2989

outcell: Unit cell vectors (Ang):
        1.931451    3.345393    0.000000
        3.862921   -0.000011    0.000000
        0.000000    0.000000   50.000000

outcell: Cell vector modules (Ang)   :    3.862921    3.862921   50.000000
outcell: Cell angles (23,13,12) (deg):     90.0000     90.0000     60.0003
outcell: Cell volume (Ang**3)        :    646.1506
<dSpData1D:S at geom step 16
  <sparsity:sparsity for geom step 16
    nrows_g=117 nrows=117 sparsity=7.4522 nnzs=102013, refcount: 7>
  <dData1D:(new from dSpData1D) n=102013, refcount: 1>
refcount: 1>
new_DM -- step:    17
Re-using DM from previous geometries...
Number of DMs in history: 1
 DM extrapolation coefficients: 
1   1.00000
New DM after history re-use:
<dSpData2D:SpM extrapolated using coords
  <sparsity:sparsity for geom step 16
    nrows_g=117 nrows=117 sparsity=7.4522 nnzs=102013, refcount: 9>
  <dData2D:(temp array for extrapolation) n=102013 m=1, refcount: 1>
refcount: 1>
No. of atoms with KB's overlaping orbs in proc 0. Max # of overlaps:      72     287

InitMesh: MESH = 30 x 30 x 432 = 388800
InitMesh: Mesh cutoff (required, used) =   200.000   206.314 Ry
New grid distribution [1]: sub = 2

        iscf     Eharris(eV)        E_KS(eV)     FreeEng(eV)     dDmax    Ef(eV) dHmax(eV)
   scf:    1    -1617.059853    -1617.344552    -1617.344552  0.024422 -4.590024  2.480685
   scf:    2    -1606.048194    -1613.803353    -1613.803378  0.195184 -3.896943 15.315603
   scf:    3    -1617.972998    -1617.435789    -1617.435789  0.170707 -4.529187  0.314109
   scf:    4    -1617.437653    -1617.437007    -1617.437007  0.003132 -4.530220  0.159085
   scf:    5    -1617.437524    -1617.437325    -1617.437325  0.002118 -4.529461  0.067240
   scf:    6    -1617.437458    -1617.437407    -1617.437407  0.001175 -4.529589  0.024229
   scf:    7    -1617.437440    -1617.437425    -1617.437425  0.000481 -4.530069  0.013689
   scf:    8    -1617.437442    -1617.437435    -1617.437435  0.000403 -4.530717  0.008052
   scf:    9    -1617.437441    -1617.437438    -1617.437438  0.000376 -4.531171  0.003399
   scf:   10    -1617.437440    -1617.437439    -1617.437439  0.000118 -4.531359  0.001780
   scf:   11    -1617.437440    -1617.437440    -1617.437440  0.000098 -4.531366  0.001482
   scf:   12    -1617.437440    -1617.437440    -1617.437440  0.000024 -4.531316  0.001167
   scf:   13    -1617.437440    -1617.437440    -1617.437440  0.000034 -4.531410  0.000792

SCF Convergence by DM+H criterion
max |DM_out - DM_in|         :     0.0000341780
max |H_out - H_in|      (eV) :     0.0007923448
SCF cycle converged after 13 iterations

Using DM_out to compute the final energy and forces
No. of atoms with KB's overlaping orbs in proc 0. Max # of overlaps:      72     287

siesta: E_KS(eV) =            -1617.4374

siesta: Atomic forces (eV/Ang):
----------------------------------------
   Tot   -0.000311   -0.000179    0.000716
----------------------------------------
   Max    0.035496
   Res    0.009527    sqrt( Sum f_i^2 / 3N )
----------------------------------------
   Max    0.035496    constrained

Stress tensor Voigt[x,y,z,yz,xz,xy] (kbar):        0.03        0.03        0.44       -0.00       -0.00       -0.00
(Free)E + p*V (eV/cell)    -1617.5046
Target enthalpy (eV/cell)    -1617.4374

siesta: Stress tensor (static) (eV/Ang**3):
         0.000018   -0.000001   -0.000003
        -0.000001    0.000020   -0.000002
        -0.000003   -0.000002    0.000273

siesta: Pressure (static):         -0.16640509  kBar

siesta: Stress tensor (total) (eV/Ang**3):
         0.000018   -0.000001   -0.000003
        -0.000001    0.000020   -0.000002
        -0.000003   -0.000002    0.000273

siesta: Pressure (total):         -0.16640509  kBar

cgvc: Finished line minimization    6.  Mean atomic displacement =    0.0064

                     ====================================
                        Begin CG opt. move =     17
                     ====================================
 Kpoints in:          325 . Kpoints trimmed:          313

siesta: k-grid: Number of k-points = 313
siesta: k-points from Monkhorst-Pack grid
siesta: k-cutoff (effective) =    25.000 Ang
siesta: k-point supercell and displacements
siesta: k-grid:    25     0     0      0.000
siesta: k-grid:     0    25     0      0.000
siesta: k-grid:     0     0     1      0.000

superc: Internal auxiliary supercell:     7 x     7 x     1  =      49
superc: Number of atoms, orbitals, and projectors:    441   5733   2989

outcell: Unit cell vectors (Ang):
        1.931627    3.345653    0.000000
        3.863234    0.000012    0.000000
        0.000000    0.000000   50.000000

outcell: Cell vector modules (Ang)   :    3.863234    3.863234   50.000000
outcell: Cell angles (23,13,12) (deg):     90.0000     90.0000     59.9997
outcell: Cell volume (Ang**3)        :    646.2508
<dSpData1D:S at geom step 17
  <sparsity:sparsity for geom step 17
    nrows_g=117 nrows=117 sparsity=7.4522 nnzs=102013, refcount: 7>
  <dData1D:(new from dSpData1D) n=102013, refcount: 1>
refcount: 1>
new_DM -- step:    18
Re-using DM from previous geometries...
Number of DMs in history: 1
 DM extrapolation coefficients: 
1   1.00000
New DM after history re-use:
<dSpData2D:SpM extrapolated using coords
  <sparsity:sparsity for geom step 17
    nrows_g=117 nrows=117 sparsity=7.4522 nnzs=102013, refcount: 9>
  <dData2D:(temp array for extrapolation) n=102013 m=1, refcount: 1>
refcount: 1>
No. of atoms with KB's overlaping orbs in proc 0. Max # of overlaps:      72     287

InitMesh: MESH = 30 x 30 x 432 = 388800
InitMesh: Mesh cutoff (required, used) =   200.000   206.314 Ry
New grid distribution [1]: sub = 2

        iscf     Eharris(eV)        E_KS(eV)     FreeEng(eV)     dDmax    Ef(eV) dHmax(eV)
   scf:    1    -1617.365856    -1617.424330    -1617.424330  0.014356 -4.532008  0.978844
   scf:    2    -1578.394848    -1604.479284    -1604.488174  0.161362 -4.485520 30.460987
   scf:    3    -1617.447114    -1617.431151    -1617.431151  0.160029 -4.530864  0.702152
   scf:    4    -1617.436163    -1617.433843    -1617.433843  0.002411 -4.532933  0.539228
   scf:    5    -1617.436788    -1617.436940    -1617.436940  0.007315 -4.520086  0.117065
   scf:    6    -1617.437230    -1617.437100    -1617.437100  0.000903 -4.520908  0.095692
   scf:    7    -1617.437291    -1617.437243    -1617.437243  0.002129 -4.523072  0.032540
   scf:    8    -1617.437290    -1617.437269    -1617.437269  0.000657 -4.522935  0.021354
   scf:    9    -1617.437300    -1617.437287    -1617.437287  0.000594 -4.522256  0.010022
   scf:   10    -1617.437294    -1617.437292    -1617.437292  0.000422 -4.521554  0.004009
   scf:   11    -1617.437294    -1617.437293    -1617.437293  0.000148 -4.521334  0.003130
   scf:   12    -1617.437294    -1617.437293    -1617.437293  0.000063 -4.521202  0.002341
   scf:   13    -1617.437294    -1617.437294    -1617.437294  0.000047 -4.521148  0.001520
   scf:   14    -1617.437294    -1617.437294    -1617.437294  0.000043 -4.521149  0.000711

SCF Convergence by DM+H criterion
max |DM_out - DM_in|         :     0.0000431981
max |H_out - H_in|      (eV) :     0.0007106091
SCF cycle converged after 14 iterations

Using DM_out to compute the final energy and forces
No. of atoms with KB's overlaping orbs in proc 0. Max # of overlaps:      72     287

siesta: E_KS(eV) =            -1617.4373

siesta: Atomic forces (eV/Ang):
----------------------------------------
   Tot   -0.000204   -0.000118    0.000339
----------------------------------------
   Max    0.059626
   Res    0.020981    sqrt( Sum f_i^2 / 3N )
----------------------------------------
   Max    0.059626    constrained

Stress tensor Voigt[x,y,z,yz,xz,xy] (kbar):       -0.24       -0.24        0.25       -0.00       -0.00       -0.00
(Free)E + p*V (eV/cell)    -1617.4058
Target enthalpy (eV/cell)    -1617.4373

siesta: Stress tensor (static) (eV/Ang**3):
        -0.000151   -0.000000   -0.000001
        -0.000000   -0.000150   -0.000001
        -0.000001   -0.000001    0.000155

siesta: Pressure (static):          0.07817032  kBar

siesta: Stress tensor (total) (eV/Ang**3):
        -0.000151   -0.000000   -0.000001
        -0.000000   -0.000150   -0.000001
        -0.000001   -0.000001    0.000155

siesta: Pressure (total):          0.07817032  kBar

                     ====================================
                        Begin CG opt. move =     18
                     ====================================
 Kpoints in:          325 . Kpoints trimmed:          313

siesta: k-grid: Number of k-points = 313
siesta: k-points from Monkhorst-Pack grid
siesta: k-cutoff (effective) =    25.000 Ang
siesta: k-point supercell and displacements
siesta: k-grid:    25     0     0      0.000
siesta: k-grid:     0    25     0      0.000
siesta: k-grid:     0     0     1      0.000

superc: Internal auxiliary supercell:     7 x     7 x     1  =      49
superc: Number of atoms, orbitals, and projectors:    441   5733   2989

outcell: Unit cell vectors (Ang):
        1.931518    3.345492    0.000000
        3.863040   -0.000002    0.000000
        0.000000    0.000000   50.000000

outcell: Cell vector modules (Ang)   :    3.863040    3.863040   50.000000
outcell: Cell angles (23,13,12) (deg):     90.0000     90.0000     60.0001
outcell: Cell volume (Ang**3)        :    646.1886
<dSpData1D:S at geom step 18
  <sparsity:sparsity for geom step 18
    nrows_g=117 nrows=117 sparsity=7.4522 nnzs=102013, refcount: 7>
  <dData1D:(new from dSpData1D) n=102013, refcount: 1>
refcount: 1>
new_DM -- step:    19
Re-using DM from previous geometries...
Number of DMs in history: 1
 DM extrapolation coefficients: 
1   1.00000
New DM after history re-use:
<dSpData2D:SpM extrapolated using coords
  <sparsity:sparsity for geom step 18
    nrows_g=117 nrows=117 sparsity=7.4522 nnzs=102013, refcount: 9>
  <dData2D:(temp array for extrapolation) n=102013 m=1, refcount: 1>
refcount: 1>
No. of atoms with KB's overlaping orbs in proc 0. Max # of overlaps:      72     287

InitMesh: MESH = 30 x 30 x 432 = 388800
InitMesh: Mesh cutoff (required, used) =   200.000   206.314 Ry
New grid distribution [1]: sub = 2

        iscf     Eharris(eV)        E_KS(eV)     FreeEng(eV)     dDmax    Ef(eV) dHmax(eV)
   scf:    1    -1617.439729    -1617.432253    -1617.432254  0.009023 -4.515715  0.621845
   scf:    2    -1616.955911    -1617.284634    -1617.284634  0.052720 -4.724282  3.118931
   scf:    3    -1617.462915    -1617.437487    -1617.437487  0.044191 -4.526579  0.052044
   scf:    4    -1617.437539    -1617.437522    -1617.437522  0.000485 -4.527163  0.023517
   scf:    5    -1617.437532    -1617.437527    -1617.437527  0.000195 -4.527353  0.013815
   scf:    6    -1617.437534    -1617.437531    -1617.437531  0.000318 -4.527453  0.007642
   scf:    7    -1617.437533    -1617.437532    -1617.437532  0.000285 -4.527545  0.002263
   scf:    8    -1617.437533    -1617.437533    -1617.437533  0.000065 -4.527633  0.001157
   scf:    9    -1617.437533    -1617.437533    -1617.437533  0.000061 -4.527584  0.000520

SCF Convergence by DM+H criterion
max |DM_out - DM_in|         :     0.0000607283
max |H_out - H_in|      (eV) :     0.0005195653
SCF cycle converged after 9 iterations

Using DM_out to compute the final energy and forces
No. of atoms with KB's overlaping orbs in proc 0. Max # of overlaps:      72     287

siesta: E_KS(eV) =            -1617.4375

siesta: Atomic forces (eV/Ang):
----------------------------------------
   Tot   -0.000153   -0.000088    0.000976
----------------------------------------
   Max    0.015919
   Res    0.005335    sqrt( Sum f_i^2 / 3N )
----------------------------------------
   Max    0.015919    constrained

Stress tensor Voigt[x,y,z,yz,xz,xy] (kbar):       -0.07       -0.07        0.37       -0.00       -0.00       -0.00
(Free)E + p*V (eV/cell)    -1617.4674
Target enthalpy (eV/cell)    -1617.4375

siesta: Stress tensor (static) (eV/Ang**3):
        -0.000045   -0.000000   -0.000002
        -0.000000   -0.000045   -0.000001
        -0.000002   -0.000001    0.000228

siesta: Pressure (static):         -0.07413347  kBar

siesta: Stress tensor (total) (eV/Ang**3):
        -0.000045   -0.000000   -0.000002
        -0.000000   -0.000045   -0.000001
        -0.000002   -0.000001    0.000228

siesta: Pressure (total):         -0.07413347  kBar

cgvc: Finished line minimization    7.  Mean atomic displacement =    0.0024

                     ====================================
                        Begin CG opt. move =     19
                     ====================================
 Kpoints in:          325 . Kpoints trimmed:          313

siesta: k-grid: Number of k-points = 313
siesta: k-points from Monkhorst-Pack grid
siesta: k-cutoff (effective) =    25.000 Ang
siesta: k-point supercell and displacements
siesta: k-grid:    25     0     0      0.000
siesta: k-grid:     0    25     0      0.000
siesta: k-grid:     0     0     1      0.000

superc: Internal auxiliary supercell:     7 x     7 x     1  =      49
superc: Number of atoms, orbitals, and projectors:    441   5733   2989

outcell: Unit cell vectors (Ang):
        1.931829    3.346010    0.000000
        3.863645    0.000008    0.000000
        0.000000    0.000000   50.000000

outcell: Cell vector modules (Ang)   :    3.863645    3.863645   50.000000
outcell: Cell angles (23,13,12) (deg):     90.0000     90.0000     59.9998
outcell: Cell volume (Ang**3)        :    646.3890
<dSpData1D:S at geom step 19
  <sparsity:sparsity for geom step 19
    nrows_g=117 nrows=117 sparsity=7.4522 nnzs=102013, refcount: 7>
  <dData1D:(new from dSpData1D) n=102013, refcount: 1>
refcount: 1>
new_DM -- step:    20
Re-using DM from previous geometries...
Number of DMs in history: 1
 DM extrapolation coefficients: 
1   1.00000
New DM after history re-use:
<dSpData2D:SpM extrapolated using coords
  <sparsity:sparsity for geom step 19
    nrows_g=117 nrows=117 sparsity=7.4522 nnzs=102013, refcount: 9>
  <dData2D:(temp array for extrapolation) n=102013 m=1, refcount: 1>
refcount: 1>
No. of atoms with KB's overlaping orbs in proc 0. Max # of overlaps:      72     287

InitMesh: MESH = 30 x 30 x 432 = 388800
InitMesh: Mesh cutoff (required, used) =   200.000   206.314 Ry
New grid distribution [1]: sub = 2

        iscf     Eharris(eV)        E_KS(eV)     FreeEng(eV)     dDmax    Ef(eV) dHmax(eV)
   scf:    1    -1617.443888    -1617.437042    -1617.437042  0.003768 -4.532805  0.155458
   scf:    2    -1617.390591    -1617.422654    -1617.422654  0.021359 -4.501805  0.824085
   scf:    3    -1617.439859    -1617.437574    -1617.437574  0.017851 -4.528176  0.016622
   scf:    4    -1617.437578    -1617.437576    -1617.437576  0.000146 -4.528368  0.008318
   scf:    5    -1617.437578    -1617.437577    -1617.437577  0.000137 -4.528538  0.003031
   scf:    6    -1617.437578    -1617.437578    -1617.437578  0.000058 -4.528671  0.002059
   scf:    7    -1617.437578    -1617.437578    -1617.437578  0.000090 -4.528877  0.000651

SCF Convergence by DM+H criterion
max |DM_out - DM_in|         :     0.0000897286
max |H_out - H_in|      (eV) :     0.0006513624
SCF cycle converged after 7 iterations

Using DM_out to compute the final energy and forces
No. of atoms with KB's overlaping orbs in proc 0. Max # of overlaps:      72     287

siesta: E_KS(eV) =            -1617.4376

siesta: Atomic forces (eV/Ang):
----------------------------------------
   Tot   -0.000255   -0.000147    0.000279
----------------------------------------
   Max    0.011931
   Res    0.004253    sqrt( Sum f_i^2 / 3N )
----------------------------------------
   Max    0.011931    constrained

Stress tensor Voigt[x,y,z,yz,xz,xy] (kbar):       -0.01       -0.01        0.22       -0.00       -0.00       -0.00
(Free)E + p*V (eV/cell)    -1617.4642
Target enthalpy (eV/cell)    -1617.4376

siesta: Stress tensor (static) (eV/Ang**3):
        -0.000006   -0.000000   -0.000002
        -0.000000   -0.000005   -0.000001
        -0.000002   -0.000001    0.000134

siesta: Pressure (static):         -0.06592947  kBar

siesta: Stress tensor (total) (eV/Ang**3):
        -0.000006   -0.000000   -0.000002
        -0.000000   -0.000005   -0.000001
        -0.000002   -0.000001    0.000134

siesta: Pressure (total):         -0.06592947  kBar

                     ====================================
                        Begin CG opt. move =     20
                     ====================================
 Kpoints in:          325 . Kpoints trimmed:          313

siesta: k-grid: Number of k-points = 313
siesta: k-points from Monkhorst-Pack grid
siesta: k-cutoff (effective) =    25.000 Ang
siesta: k-point supercell and displacements
siesta: k-grid:    25     0     0      0.000
siesta: k-grid:     0    25     0      0.000
siesta: k-grid:     0     0     1      0.000

superc: Internal auxiliary supercell:     7 x     7 x     1  =      49
superc: Number of atoms, orbitals, and projectors:    441   5733   2989

outcell: Unit cell vectors (Ang):
        1.931829    3.346009    0.000000
        3.863643    0.000008    0.000000
        0.000000    0.000000   50.000000

outcell: Cell vector modules (Ang)   :    3.863643    3.863643   50.000000
outcell: Cell angles (23,13,12) (deg):     90.0000     90.0000     59.9998
outcell: Cell volume (Ang**3)        :    646.3885
<dSpData1D:S at geom step 20
  <sparsity:sparsity for geom step 20
    nrows_g=117 nrows=117 sparsity=7.4522 nnzs=102013, refcount: 7>
  <dData1D:(new from dSpData1D) n=102013, refcount: 1>
refcount: 1>
new_DM -- step:    21
Re-using DM from previous geometries...
Number of DMs in history: 1
 DM extrapolation coefficients: 
1   1.00000
New DM after history re-use:
<dSpData2D:SpM extrapolated using coords
  <sparsity:sparsity for geom step 20
    nrows_g=117 nrows=117 sparsity=7.4522 nnzs=102013, refcount: 9>
  <dData2D:(temp array for extrapolation) n=102013 m=1, refcount: 1>
refcount: 1>
No. of atoms with KB's overlaping orbs in proc 0. Max # of overlaps:      72     287

InitMesh: MESH = 30 x 30 x 432 = 388800
InitMesh: Mesh cutoff (required, used) =   200.000   206.314 Ry
New grid distribution [1]: sub = 2

        iscf     Eharris(eV)        E_KS(eV)     FreeEng(eV)     dDmax    Ef(eV) dHmax(eV)
   scf:    1    -1617.437556    -1617.437578    -1617.437578  0.000080 -4.528496  0.002311
   scf:    2    -1617.437564    -1617.437574    -1617.437574  0.000368 -4.529784  0.010603
   scf:    3    -1617.437579    -1617.437578    -1617.437578  0.000299 -4.528810  0.000254
   scf:    4    -1617.437578    -1617.437578    -1617.437578  0.000002 -4.528823  0.000207

SCF Convergence by DM+H criterion
max |DM_out - DM_in|         :     0.0000015016
max |H_out - H_in|      (eV) :     0.0002073632
SCF cycle converged after 4 iterations

Using DM_out to compute the final energy and forces
No. of atoms with KB's overlaping orbs in proc 0. Max # of overlaps:      72     287

siesta: E_KS(eV) =            -1617.4376

siesta: Atomic forces (eV/Ang):
----------------------------------------
   Tot   -0.000260   -0.000150    0.000279
----------------------------------------
   Max    0.011740
   Res    0.004208    sqrt( Sum f_i^2 / 3N )
----------------------------------------
   Max    0.011740    constrained

Stress tensor Voigt[x,y,z,yz,xz,xy] (kbar):       -0.01       -0.01        0.22       -0.00       -0.00       -0.00
(Free)E + p*V (eV/cell)    -1617.4652
Target enthalpy (eV/cell)    -1617.4376

siesta: Stress tensor (static) (eV/Ang**3):
        -0.000005   -0.000000   -0.000002
        -0.000000   -0.000004   -0.000001
        -0.000002   -0.000001    0.000137

siesta: Pressure (static):         -0.06838754  kBar

siesta: Stress tensor (total) (eV/Ang**3):
        -0.000005   -0.000000   -0.000002
        -0.000000   -0.000004   -0.000001
        -0.000002   -0.000001    0.000137

siesta: Pressure (total):         -0.06838754  kBar

cgvc: Finished line minimization    8.  Mean atomic displacement =    0.0024

                     ====================================
                        Begin CG opt. move =     21
                     ====================================
 Kpoints in:          325 . Kpoints trimmed:          313

siesta: k-grid: Number of k-points = 313
siesta: k-points from Monkhorst-Pack grid
siesta: k-cutoff (effective) =    25.000 Ang
siesta: k-point supercell and displacements
siesta: k-grid:    25     0     0      0.000
siesta: k-grid:     0    25     0      0.000
siesta: k-grid:     0     0     1      0.000

superc: Internal auxiliary supercell:     7 x     7 x     1  =      49
superc: Number of atoms, orbitals, and projectors:    441   5733   2989

outcell: Unit cell vectors (Ang):
        1.932072    3.346408    0.000000
        3.864110    0.000020    0.000000
        0.000000    0.000000   50.000000

outcell: Cell vector modules (Ang)   :    3.864110    3.864110   50.000000
outcell: Cell angles (23,13,12) (deg):     90.0000     90.0000     59.9994
outcell: Cell volume (Ang**3)        :    646.5424
<dSpData1D:S at geom step 21
  <sparsity:sparsity for geom step 21
    nrows_g=117 nrows=117 sparsity=7.4522 nnzs=102013, refcount: 7>
  <dData1D:(new from dSpData1D) n=102013, refcount: 1>
refcount: 1>
new_DM -- step:    22
Re-using DM from previous geometries...
Number of DMs in history: 1
 DM extrapolation coefficients: 
1   1.00000
New DM after history re-use:
<dSpData2D:SpM extrapolated using coords
  <sparsity:sparsity for geom step 21
    nrows_g=117 nrows=117 sparsity=7.4522 nnzs=102013, refcount: 9>
  <dData2D:(temp array for extrapolation) n=102013 m=1, refcount: 1>
refcount: 1>
No. of atoms with KB's overlaping orbs in proc 0. Max # of overlaps:      72     287

InitMesh: MESH = 30 x 30 x 432 = 388800
InitMesh: Mesh cutoff (required, used) =   200.000   206.314 Ry
New grid distribution [1]: sub = 2

        iscf     Eharris(eV)        E_KS(eV)     FreeEng(eV)     dDmax    Ef(eV) dHmax(eV)
   scf:    1    -1617.437218    -1617.437176    -1617.437176  0.003580 -4.529648  0.167221
   scf:    2    -1617.415481    -1617.430646    -1617.430647  0.011826 -4.529971  0.658835
   scf:    3    -1617.438970    -1617.437603    -1617.437603  0.009320 -4.529828  0.014940
   scf:    4    -1617.437607    -1617.437605    -1617.437605  0.000141 -4.529892  0.011585
   scf:    5    -1617.437609    -1617.437607    -1617.437607  0.000229 -4.530098  0.004745
   scf:    6    -1617.437608    -1617.437608    -1617.437608  0.000108 -4.530165  0.002311
   scf:    7    -1617.437608    -1617.437608    -1617.437608  0.000072 -4.530177  0.000984

SCF Convergence by DM+H criterion
max |DM_out - DM_in|         :     0.0000719213
max |H_out - H_in|      (eV) :     0.0009837117
SCF cycle converged after 7 iterations

Using DM_out to compute the final energy and forces
No. of atoms with KB's overlaping orbs in proc 0. Max # of overlaps:      72     287

siesta: E_KS(eV) =            -1617.4376

siesta: Atomic forces (eV/Ang):
----------------------------------------
   Tot   -0.000111   -0.000064    0.000460
----------------------------------------
   Max    0.007458
   Res    0.002462    sqrt( Sum f_i^2 / 3N )
----------------------------------------
   Max    0.007458    constrained

Stress tensor Voigt[x,y,z,yz,xz,xy] (kbar):       -0.00       -0.00        0.16       -0.00       -0.00       -0.00
(Free)E + p*V (eV/cell)    -1617.4585
Target enthalpy (eV/cell)    -1617.4376

siesta: Stress tensor (static) (eV/Ang**3):
        -0.000001   -0.000000   -0.000002
        -0.000000   -0.000001   -0.000001
        -0.000002   -0.000001    0.000098

siesta: Pressure (static):         -0.05172461  kBar

siesta: Stress tensor (total) (eV/Ang**3):
        -0.000001   -0.000000   -0.000002
        -0.000000   -0.000001   -0.000001
        -0.000002   -0.000001    0.000098

siesta: Pressure (total):         -0.05172461  kBar

                     ====================================
                        Begin CG opt. move =     22
                     ====================================
 Kpoints in:          325 . Kpoints trimmed:          313

siesta: k-grid: Number of k-points = 313
siesta: k-points from Monkhorst-Pack grid
siesta: k-cutoff (effective) =    25.000 Ang
siesta: k-point supercell and displacements
siesta: k-grid:    25     0     0      0.000
siesta: k-grid:     0    25     0      0.000
siesta: k-grid:     0     0     1      0.000

superc: Internal auxiliary supercell:     7 x     7 x     1  =      49
superc: Number of atoms, orbitals, and projectors:    441   5733   2989

outcell: Unit cell vectors (Ang):
        1.932035    3.346346    0.000000
        3.864038    0.000018    0.000000
        0.000000    0.000000   50.000000

outcell: Cell vector modules (Ang)   :    3.864038    3.864038   50.000000
outcell: Cell angles (23,13,12) (deg):     90.0000     90.0000     59.9995
outcell: Cell volume (Ang**3)        :    646.5188
<dSpData1D:S at geom step 22
  <sparsity:sparsity for geom step 22
    nrows_g=117 nrows=117 sparsity=7.4522 nnzs=102013, refcount: 7>
  <dData1D:(new from dSpData1D) n=102013, refcount: 1>
refcount: 1>
new_DM -- step:    23
Re-using DM from previous geometries...
Number of DMs in history: 1
 DM extrapolation coefficients: 
1   1.00000
New DM after history re-use:
<dSpData2D:SpM extrapolated using coords
  <sparsity:sparsity for geom step 22
    nrows_g=117 nrows=117 sparsity=7.4522 nnzs=102013, refcount: 9>
  <dData2D:(temp array for extrapolation) n=102013 m=1, refcount: 1>
refcount: 1>
No. of atoms with KB's overlaping orbs in proc 0. Max # of overlaps:      72     287

InitMesh: MESH = 30 x 30 x 432 = 388800
InitMesh: Mesh cutoff (required, used) =   200.000   206.314 Ry
New grid distribution [1]: sub = 2

        iscf     Eharris(eV)        E_KS(eV)     FreeEng(eV)     dDmax    Ef(eV) dHmax(eV)
   scf:    1    -1617.437431    -1617.437600    -1617.437600  0.000663 -4.529700  0.024264
   scf:    2    -1617.437141    -1617.437461    -1617.437461  0.001818 -4.530848  0.096491
   scf:    3    -1617.437637    -1617.437608    -1617.437608  0.001428 -4.529985  0.002374
   scf:    4    -1617.437608    -1617.437608    -1617.437608  0.000022 -4.529851  0.001891
   scf:    5    -1617.437608    -1617.437608    -1617.437608  0.000046 -4.529897  0.000769

SCF Convergence by DM+H criterion
max |DM_out - DM_in|         :     0.0000457184
max |H_out - H_in|      (eV) :     0.0007694608
SCF cycle converged after 5 iterations

Using DM_out to compute the final energy and forces
No. of atoms with KB's overlaping orbs in proc 0. Max # of overlaps:      72     287

siesta: E_KS(eV) =            -1617.4376

siesta: Atomic forces (eV/Ang):
----------------------------------------
   Tot   -0.000209   -0.000121    0.000441
----------------------------------------
   Max    0.005284
   Res    0.001909    sqrt( Sum f_i^2 / 3N )
----------------------------------------
   Max    0.005284    constrained

Stress tensor Voigt[x,y,z,yz,xz,xy] (kbar):       -0.00       -0.00        0.17       -0.00       -0.00       -0.00
(Free)E + p*V (eV/cell)    -1617.4600
Target enthalpy (eV/cell)    -1617.4376

siesta: Stress tensor (static) (eV/Ang**3):
        -0.000001   -0.000000   -0.000002
        -0.000000   -0.000000   -0.000001
        -0.000002   -0.000001    0.000105

siesta: Pressure (static):         -0.05555049  kBar

siesta: Stress tensor (total) (eV/Ang**3):
        -0.000001   -0.000000   -0.000002
        -0.000000   -0.000000   -0.000001
        -0.000002   -0.000001    0.000105

siesta: Pressure (total):         -0.05555049  kBar

cgvc: Finished line minimization    9.  Mean atomic displacement =    0.0021

                     ====================================
                        Begin CG opt. move =     23
                     ====================================
 Kpoints in:          325 . Kpoints trimmed:          313

siesta: k-grid: Number of k-points = 313
siesta: k-points from Monkhorst-Pack grid
siesta: k-cutoff (effective) =    25.000 Ang
siesta: k-point supercell and displacements
siesta: k-grid:    25     0     0      0.000
siesta: k-grid:     0    25     0      0.000
siesta: k-grid:     0     0     1      0.000

superc: Internal auxiliary supercell:     7 x     7 x     1  =      49
superc: Number of atoms, orbitals, and projectors:    441   5733   2989

outcell: Unit cell vectors (Ang):
        1.932159    3.346540    0.000000
        3.864269    0.000029    0.000000
        0.000000    0.000000   50.000000

outcell: Cell vector modules (Ang)   :    3.864269    3.864269   50.000000
outcell: Cell angles (23,13,12) (deg):     90.0000     90.0000     59.9991
outcell: Cell volume (Ang**3)        :    646.5937
<dSpData1D:S at geom step 23
  <sparsity:sparsity for geom step 23
    nrows_g=117 nrows=117 sparsity=7.4522 nnzs=102013, refcount: 7>
  <dData1D:(new from dSpData1D) n=102013, refcount: 1>
refcount: 1>
new_DM -- step:    24
Re-using DM from previous geometries...
Number of DMs in history: 1
 DM extrapolation coefficients: 
1   1.00000
New DM after history re-use:
<dSpData2D:SpM extrapolated using coords
  <sparsity:sparsity for geom step 23
    nrows_g=117 nrows=117 sparsity=7.4522 nnzs=102013, refcount: 9>
  <dData2D:(temp array for extrapolation) n=102013 m=1, refcount: 1>
refcount: 1>
No. of atoms with KB's overlaping orbs in proc 0. Max # of overlaps:      72     287

InitMesh: MESH = 30 x 30 x 432 = 388800
InitMesh: Mesh cutoff (required, used) =   200.000   206.314 Ry
New grid distribution [1]: sub = 2

        iscf     Eharris(eV)        E_KS(eV)     FreeEng(eV)     dDmax    Ef(eV) dHmax(eV)
   scf:    1    -1617.437773    -1617.437459    -1617.437459  0.002966 -4.529362  0.075904
   scf:    2    -1617.433090    -1617.436157    -1617.436157  0.007898 -4.529859  0.254001
   scf:    3    -1617.437863    -1617.437561    -1617.437561  0.006191 -4.529710  0.014821
   scf:    4    -1617.437565    -1617.437563    -1617.437563  0.000089 -4.529947  0.009952
   scf:    5    -1617.437567    -1617.437565    -1617.437565  0.000189 -4.530260  0.003972
   scf:    6    -1617.437566    -1617.437566    -1617.437566  0.000073 -4.530159  0.001921
   scf:    7    -1617.437566    -1617.437566    -1617.437566  0.000057 -4.530118  0.001016
   scf:    8    -1617.437566    -1617.437566    -1617.437566  0.000016 -4.529988  0.000628

SCF Convergence by DM+H criterion
max |DM_out - DM_in|         :     0.0000160985
max |H_out - H_in|      (eV) :     0.0006283925
SCF cycle converged after 8 iterations

Using DM_out to compute the final energy and forces
No. of atoms with KB's overlaping orbs in proc 0. Max # of overlaps:      72     287

siesta: E_KS(eV) =            -1617.4376

siesta: Atomic forces (eV/Ang):
----------------------------------------
   Tot   -0.000037   -0.000021    0.000209
----------------------------------------
   Max    0.035064
   Res    0.009272    sqrt( Sum f_i^2 / 3N )
----------------------------------------
   Max    0.035064    constrained

Stress tensor Voigt[x,y,z,yz,xz,xy] (kbar):        0.03        0.03        0.07       -0.00       -0.00        0.00
(Free)E + p*V (eV/cell)    -1617.4542
Target enthalpy (eV/cell)    -1617.4376

siesta: Stress tensor (static) (eV/Ang**3):
         0.000016    0.000001   -0.000002
         0.000001    0.000016   -0.000001
        -0.000002   -0.000001    0.000045

siesta: Pressure (static):         -0.04116272  kBar

siesta: Stress tensor (total) (eV/Ang**3):
         0.000016    0.000001   -0.000002
         0.000001    0.000016   -0.000001
        -0.000002   -0.000001    0.000045

siesta: Pressure (total):         -0.04116272  kBar

                     ====================================
                        Begin CG opt. move =     24
                     ====================================
 Kpoints in:          325 . Kpoints trimmed:          313

siesta: k-grid: Number of k-points = 313
siesta: k-points from Monkhorst-Pack grid
siesta: k-cutoff (effective) =    25.000 Ang
siesta: k-point supercell and displacements
siesta: k-grid:    25     0     0      0.000
siesta: k-grid:     0    25     0      0.000
siesta: k-grid:     0     0     1      0.000

superc: Internal auxiliary supercell:     7 x     7 x     1  =      49
superc: Number of atoms, orbitals, and projectors:    441   5733   2989

outcell: Unit cell vectors (Ang):
        1.932059    3.346385    0.000000
        3.864084    0.000020    0.000000
        0.000000    0.000000   50.000000

outcell: Cell vector modules (Ang)   :    3.864084    3.864084   50.000000
outcell: Cell angles (23,13,12) (deg):     90.0000     90.0000     59.9994
outcell: Cell volume (Ang**3)        :    646.5338
<dSpData1D:S at geom step 24
  <sparsity:sparsity for geom step 24
    nrows_g=117 nrows=117 sparsity=7.4522 nnzs=102013, refcount: 7>
  <dData1D:(new from dSpData1D) n=102013, refcount: 1>
refcount: 1>
new_DM -- step:    25
Re-using DM from previous geometries...
Number of DMs in history: 1
 DM extrapolation coefficients: 
1   1.00000
New DM after history re-use:
<dSpData2D:SpM extrapolated using coords
  <sparsity:sparsity for geom step 24
    nrows_g=117 nrows=117 sparsity=7.4522 nnzs=102013, refcount: 9>
  <dData2D:(temp array for extrapolation) n=102013 m=1, refcount: 1>
refcount: 1>
No. of atoms with KB's overlaping orbs in proc 0. Max # of overlaps:      72     287

InitMesh: MESH = 30 x 30 x 432 = 388800
InitMesh: Mesh cutoff (required, used) =   200.000   206.314 Ry
New grid distribution [1]: sub = 2

        iscf     Eharris(eV)        E_KS(eV)     FreeEng(eV)     dDmax    Ef(eV) dHmax(eV)
   scf:    1    -1617.436937    -1617.437542    -1617.437542  0.002398 -4.530508  0.062523
   scf:    2    -1617.434569    -1617.436654    -1617.436654  0.006473 -4.530261  0.211140
   scf:    3    -1617.437814    -1617.437609    -1617.437609  0.005079 -4.530162  0.011614
   scf:    4    -1617.437611    -1617.437610    -1617.437610  0.000068 -4.530010  0.007825
   scf:    5    -1617.437612    -1617.437612    -1617.437612  0.000148 -4.529861  0.003279
   scf:    6    -1617.437612    -1617.437612    -1617.437612  0.000061 -4.529803  0.001569
   scf:    7    -1617.437612    -1617.437612    -1617.437612  0.000048 -4.529904  0.000778

SCF Convergence by DM+H criterion
max |DM_out - DM_in|         :     0.0000480261
max |H_out - H_in|      (eV) :     0.0007783611
SCF cycle converged after 7 iterations

Using DM_out to compute the final energy and forces
No. of atoms with KB's overlaping orbs in proc 0. Max # of overlaps:      72     287

siesta: E_KS(eV) =            -1617.4376

siesta: Atomic forces (eV/Ang):
----------------------------------------
   Tot   -0.000154   -0.000089    0.000525
----------------------------------------
   Max    0.003175
   Res    0.001038    sqrt( Sum f_i^2 / 3N )
----------------------------------------
   Max    0.003175    constrained

Stress tensor Voigt[x,y,z,yz,xz,xy] (kbar):        0.00        0.01        0.15       -0.00       -0.00       -0.00
(Free)E + p*V (eV/cell)    -1617.4592
Target enthalpy (eV/cell)    -1617.4376

siesta: Stress tensor (static) (eV/Ang**3):
         0.000003   -0.000000   -0.000002
        -0.000000    0.000003   -0.000001
        -0.000002   -0.000001    0.000094

siesta: Pressure (static):         -0.05358467  kBar

siesta: Stress tensor (total) (eV/Ang**3):
         0.000003   -0.000000   -0.000002
        -0.000000    0.000003   -0.000001
        -0.000002   -0.000001    0.000094

siesta: Pressure (total):         -0.05358467  kBar

cgvc: Finished line minimization   10.  Mean atomic displacement =    0.0004

                     ====================================
                        Begin CG opt. move =     25
                     ====================================
 Kpoints in:          325 . Kpoints trimmed:          313

siesta: k-grid: Number of k-points = 313
siesta: k-points from Monkhorst-Pack grid
siesta: k-cutoff (effective) =    25.000 Ang
siesta: k-point supercell and displacements
siesta: k-grid:    25     0     0      0.000
siesta: k-grid:     0    25     0      0.000
siesta: k-grid:     0     0     1      0.000

superc: Internal auxiliary supercell:     7 x     7 x     1  =      49
superc: Number of atoms, orbitals, and projectors:    441   5733   2989

outcell: Unit cell vectors (Ang):
        1.932056    3.346374    0.000000
        3.864073    0.000023    0.000000
        0.000000    0.000000   50.000000

outcell: Cell vector modules (Ang)   :    3.864073    3.864073   50.000000
outcell: Cell angles (23,13,12) (deg):     90.0000     90.0000     59.9993
outcell: Cell volume (Ang**3)        :    646.5293
<dSpData1D:S at geom step 25
  <sparsity:sparsity for geom step 25
    nrows_g=117 nrows=117 sparsity=7.4522 nnzs=102013, refcount: 7>
  <dData1D:(new from dSpData1D) n=102013, refcount: 1>
refcount: 1>
new_DM -- step:    26
Re-using DM from previous geometries...
Number of DMs in history: 1
 DM extrapolation coefficients: 
1   1.00000
New DM after history re-use:
<dSpData2D:SpM extrapolated using coords
  <sparsity:sparsity for geom step 25
    nrows_g=117 nrows=117 sparsity=7.4522 nnzs=102013, refcount: 9>
  <dData2D:(temp array for extrapolation) n=102013 m=1, refcount: 1>
refcount: 1>
No. of atoms with KB's overlaping orbs in proc 0. Max # of overlaps:      72     287

InitMesh: MESH = 30 x 30 x 432 = 388800
InitMesh: Mesh cutoff (required, used) =   200.000   206.314 Ry
New grid distribution [1]: sub = 2

        iscf     Eharris(eV)        E_KS(eV)     FreeEng(eV)     dDmax    Ef(eV) dHmax(eV)
   scf:    1    -1617.437109    -1617.437611    -1617.437611  0.000320 -4.529908  0.011557
   scf:    2    -1617.437182    -1617.437476    -1617.437476  0.001494 -4.530057  0.084421
   scf:    3    -1617.437632    -1617.437614    -1617.437614  0.001291 -4.529881  0.001530
   scf:    4    -1617.437614    -1617.437614    -1617.437614  0.000012 -4.529845  0.000881

SCF Convergence by DM+H criterion
max |DM_out - DM_in|         :     0.0000116443
max |H_out - H_in|      (eV) :     0.0008810269
SCF cycle converged after 4 iterations

Using DM_out to compute the final energy and forces
No. of atoms with KB's overlaping orbs in proc 0. Max # of overlaps:      72     287

siesta: E_KS(eV) =            -1617.4376

siesta: Atomic forces (eV/Ang):
----------------------------------------
   Tot   -0.000131   -0.000076    0.000286
----------------------------------------
   Max    0.003660
   Res    0.001036    sqrt( Sum f_i^2 / 3N )
----------------------------------------
   Max    0.003660    constrained

Stress tensor Voigt[x,y,z,yz,xz,xy] (kbar):       -0.00       -0.00        0.15       -0.00       -0.00        0.00
(Free)E + p*V (eV/cell)    -1617.4573
Target enthalpy (eV/cell)    -1617.4376

siesta: Stress tensor (static) (eV/Ang**3):
        -0.000000    0.000000   -0.000002
         0.000000   -0.000001   -0.000001
        -0.000002   -0.000001    0.000092

siesta: Pressure (static):         -0.04887298  kBar

siesta: Stress tensor (total) (eV/Ang**3):
        -0.000000    0.000000   -0.000002
         0.000000   -0.000001   -0.000001
        -0.000002   -0.000001    0.000092

siesta: Pressure (total):         -0.04887298  kBar

                     ====================================
                        Begin CG opt. move =     26
                     ====================================
 Kpoints in:          325 . Kpoints trimmed:          313

siesta: k-grid: Number of k-points = 313
siesta: k-points from Monkhorst-Pack grid
siesta: k-cutoff (effective) =    25.000 Ang
siesta: k-point supercell and displacements
siesta: k-grid:    25     0     0      0.000
siesta: k-grid:     0    25     0      0.000
siesta: k-grid:     0     0     1      0.000

superc: Internal auxiliary supercell:     7 x     7 x     1  =      49
superc: Number of atoms, orbitals, and projectors:    441   5733   2989

outcell: Unit cell vectors (Ang):
        1.932051    3.346355    0.000000
        3.864054    0.000028    0.000000
        0.000000    0.000000   50.000000

outcell: Cell vector modules (Ang)   :    3.864054    3.864054   50.000000
outcell: Cell angles (23,13,12) (deg):     90.0000     90.0000     59.9992
outcell: Cell volume (Ang**3)        :    646.5222
<dSpData1D:S at geom step 26
  <sparsity:sparsity for geom step 26
    nrows_g=117 nrows=117 sparsity=7.4522 nnzs=102013, refcount: 7>
  <dData1D:(new from dSpData1D) n=102013, refcount: 1>
refcount: 1>
new_DM -- step:    27
Re-using DM from previous geometries...
Number of DMs in history: 1
 DM extrapolation coefficients: 
1   1.00000
New DM after history re-use:
<dSpData2D:SpM extrapolated using coords
  <sparsity:sparsity for geom step 26
    nrows_g=117 nrows=117 sparsity=7.4522 nnzs=102013, refcount: 9>
  <dData2D:(temp array for extrapolation) n=102013 m=1, refcount: 1>
refcount: 1>
No. of atoms with KB's overlaping orbs in proc 0. Max # of overlaps:      72     287

InitMesh: MESH = 30 x 30 x 432 = 388800
InitMesh: Mesh cutoff (required, used) =   200.000   206.314 Ry
New grid distribution [1]: sub = 2

        iscf     Eharris(eV)        E_KS(eV)     FreeEng(eV)     dDmax    Ef(eV) dHmax(eV)
   scf:    1    -1617.436801    -1617.437610    -1617.437610  0.000394 -4.529459  0.021663
   scf:    2    -1617.436500    -1617.437260    -1617.437260  0.002077 -4.531304  0.141568
   scf:    3    -1617.437662    -1617.437617    -1617.437617  0.001808 -4.529762  0.001602
   scf:    4    -1617.437617    -1617.437617    -1617.437617  0.000016 -4.529677  0.001027
   scf:    5    -1617.437617    -1617.437617    -1617.437617  0.000027 -4.529691  0.000272

SCF Convergence by DM+H criterion
max |DM_out - DM_in|         :     0.0000274688
max |H_out - H_in|      (eV) :     0.0002724016
SCF cycle converged after 5 iterations

Using DM_out to compute the final energy and forces
No. of atoms with KB's overlaping orbs in proc 0. Max # of overlaps:      72     287

siesta: E_KS(eV) =            -1617.4376

siesta: Atomic forces (eV/Ang):
----------------------------------------
   Tot   -0.000164   -0.000094    0.000006
----------------------------------------
   Max    0.004472
   Res    0.001331    sqrt( Sum f_i^2 / 3N )
----------------------------------------
   Max    0.004472    constrained

Stress tensor Voigt[x,y,z,yz,xz,xy] (kbar):       -0.01       -0.01        0.16       -0.00       -0.00        0.00
(Free)E + p*V (eV/cell)    -1617.4567
Target enthalpy (eV/cell)    -1617.4376

siesta: Stress tensor (static) (eV/Ang**3):
        -0.000004    0.000001   -0.000002
         0.000001   -0.000004   -0.000001
        -0.000002   -0.000001    0.000097

siesta: Pressure (static):         -0.04735045  kBar

siesta: Stress tensor (total) (eV/Ang**3):
        -0.000004    0.000001   -0.000002
         0.000001   -0.000004   -0.000001
        -0.000002   -0.000001    0.000097

siesta: Pressure (total):         -0.04735045  kBar

                     ====================================
                        Begin CG opt. move =     27
                     ====================================
 Kpoints in:          325 . Kpoints trimmed:          313

siesta: k-grid: Number of k-points = 313
siesta: k-points from Monkhorst-Pack grid
siesta: k-cutoff (effective) =    25.000 Ang
siesta: k-point supercell and displacements
siesta: k-grid:    25     0     0      0.000
siesta: k-grid:     0    25     0      0.000
siesta: k-grid:     0     0     1      0.000

superc: Internal auxiliary supercell:     7 x     7 x     1  =      49
superc: Number of atoms, orbitals, and projectors:    441   5733   2989

outcell: Unit cell vectors (Ang):
        1.932042    3.346326    0.000000
        3.864024    0.000035    0.000000
        0.000000    0.000000   50.000000

outcell: Cell vector modules (Ang)   :    3.864024    3.864024   50.000000
outcell: Cell angles (23,13,12) (deg):     90.0000     90.0000     59.9990
outcell: Cell volume (Ang**3)        :    646.5107
<dSpData1D:S at geom step 27
  <sparsity:sparsity for geom step 27
    nrows_g=117 nrows=117 sparsity=7.4522 nnzs=102013, refcount: 7>
  <dData1D:(new from dSpData1D) n=102013, refcount: 1>
refcount: 1>
new_DM -- step:    28
Re-using DM from previous geometries...
Number of DMs in history: 1
 DM extrapolation coefficients: 
1   1.00000
New DM after history re-use:
<dSpData2D:SpM extrapolated using coords
  <sparsity:sparsity for geom step 27
    nrows_g=117 nrows=117 sparsity=7.4522 nnzs=102013, refcount: 9>
  <dData2D:(temp array for extrapolation) n=102013 m=1, refcount: 1>
refcount: 1>
No. of atoms with KB's overlaping orbs in proc 0. Max # of overlaps:      72     287

InitMesh: MESH = 30 x 30 x 432 = 388800
InitMesh: Mesh cutoff (required, used) =   200.000   206.314 Ry
New grid distribution [1]: sub = 2

        iscf     Eharris(eV)        E_KS(eV)     FreeEng(eV)     dDmax    Ef(eV) dHmax(eV)
   scf:    1    -1617.436289    -1617.437601    -1617.437601  0.000726 -4.529393  0.033793
   scf:    2    -1617.434824    -1617.436725    -1617.436726  0.003528 -4.531277  0.220689
   scf:    3    -1617.437733    -1617.437620    -1617.437620  0.003058 -4.529512  0.003186
   scf:    4    -1617.437621    -1617.437621    -1617.437621  0.000032 -4.529377  0.001762
   scf:    5    -1617.437621    -1617.437621    -1617.437621  0.000048 -4.529329  0.000416

SCF Convergence by DM+H criterion
max |DM_out - DM_in|         :     0.0000475527
max |H_out - H_in|      (eV) :     0.0004163275
SCF cycle converged after 5 iterations

Using DM_out to compute the final energy and forces
No. of atoms with KB's overlaping orbs in proc 0. Max # of overlaps:      72     287

siesta: E_KS(eV) =            -1617.4376

siesta: Atomic forces (eV/Ang):
----------------------------------------
   Tot    0.000020    0.000012   -0.000150
----------------------------------------
   Max    0.006628
   Res    0.002178    sqrt( Sum f_i^2 / 3N )
----------------------------------------
   Max    0.006628    constrained

Stress tensor Voigt[x,y,z,yz,xz,xy] (kbar):       -0.02       -0.02        0.16       -0.00       -0.00        0.00
(Free)E + p*V (eV/cell)    -1617.4545
Target enthalpy (eV/cell)    -1617.4376

siesta: Stress tensor (static) (eV/Ang**3):
        -0.000010    0.000001   -0.000002
         0.000001   -0.000011   -0.000001
        -0.000002   -0.000001    0.000100

siesta: Pressure (static):         -0.04187344  kBar

siesta: Stress tensor (total) (eV/Ang**3):
        -0.000010    0.000001   -0.000002
         0.000001   -0.000011   -0.000001
        -0.000002   -0.000001    0.000100

siesta: Pressure (total):         -0.04187344  kBar

                     ====================================
                        Begin CG opt. move =     28
                     ====================================
 Kpoints in:          325 . Kpoints trimmed:          313

siesta: k-grid: Number of k-points = 313
siesta: k-points from Monkhorst-Pack grid
siesta: k-cutoff (effective) =    25.000 Ang
siesta: k-point supercell and displacements
siesta: k-grid:    25     0     0      0.000
siesta: k-grid:     0    25     0      0.000
siesta: k-grid:     0     0     1      0.000

superc: Internal auxiliary supercell:     7 x     7 x     1  =      49
superc: Number of atoms, orbitals, and projectors:    441   5733   2989

outcell: Unit cell vectors (Ang):
        1.932029    3.346278    0.000000
        3.863976    0.000047    0.000000
        0.000000    0.000000   50.000000

outcell: Cell vector modules (Ang)   :    3.863976    3.863976   50.000000
outcell: Cell angles (23,13,12) (deg):     90.0000     90.0000     59.9986
outcell: Cell volume (Ang**3)        :    646.4924
<dSpData1D:S at geom step 28
  <sparsity:sparsity for geom step 28
    nrows_g=117 nrows=117 sparsity=7.4522 nnzs=102013, refcount: 7>
  <dData1D:(new from dSpData1D) n=102013, refcount: 1>
refcount: 1>
new_DM -- step:    29
Re-using DM from previous geometries...
Number of DMs in history: 1
 DM extrapolation coefficients: 
1   1.00000
New DM after history re-use:
<dSpData2D:SpM extrapolated using coords
  <sparsity:sparsity for geom step 28
    nrows_g=117 nrows=117 sparsity=7.4522 nnzs=102013, refcount: 9>
  <dData2D:(temp array for extrapolation) n=102013 m=1, refcount: 1>
refcount: 1>
No. of atoms with KB's overlaping orbs in proc 0. Max # of overlaps:      72     287

InitMesh: MESH = 30 x 30 x 432 = 388800
InitMesh: Mesh cutoff (required, used) =   200.000   206.314 Ry
New grid distribution [1]: sub = 2

        iscf     Eharris(eV)        E_KS(eV)     FreeEng(eV)     dDmax    Ef(eV) dHmax(eV)
   scf:    1    -1617.435429    -1617.437573    -1617.437573  0.001153 -4.528991  0.054149
   scf:    2    -1617.430412    -1617.435315    -1617.435315  0.005664 -4.531907  0.354200
   scf:    3    -1617.437911    -1617.437623    -1617.437623  0.004912 -4.529072  0.005090
   scf:    4    -1617.437624    -1617.437624    -1617.437624  0.000053 -4.529030  0.002816
   scf:    5    -1617.437624    -1617.437624    -1617.437624  0.000075 -4.528936  0.000699

SCF Convergence by DM+H criterion
max |DM_out - DM_in|         :     0.0000752614
max |H_out - H_in|      (eV) :     0.0006990229
SCF cycle converged after 5 iterations

Using DM_out to compute the final energy and forces
No. of atoms with KB's overlaping orbs in proc 0. Max # of overlaps:      72     287

siesta: E_KS(eV) =            -1617.4376

siesta: Atomic forces (eV/Ang):
----------------------------------------
   Tot   -0.000124   -0.000071   -0.000176
----------------------------------------
   Max    0.011398
   Res    0.003806    sqrt( Sum f_i^2 / 3N )
----------------------------------------
   Max    0.011398    constrained

Stress tensor Voigt[x,y,z,yz,xz,xy] (kbar):       -0.03       -0.04        0.17       -0.00       -0.00        0.00
(Free)E + p*V (eV/cell)    -1617.4514
Target enthalpy (eV/cell)    -1617.4376

siesta: Stress tensor (static) (eV/Ang**3):
        -0.000019    0.000002   -0.000002
         0.000002   -0.000022   -0.000001
        -0.000002   -0.000001    0.000105

siesta: Pressure (static):         -0.03413667  kBar

siesta: Stress tensor (total) (eV/Ang**3):
        -0.000019    0.000002   -0.000002
         0.000002   -0.000022   -0.000001
        -0.000002   -0.000001    0.000105

siesta: Pressure (total):         -0.03413667  kBar

                     ====================================
                        Begin CG opt. move =     29
                     ====================================
 Kpoints in:          325 . Kpoints trimmed:          313

siesta: k-grid: Number of k-points = 313
siesta: k-points from Monkhorst-Pack grid
siesta: k-cutoff (effective) =    25.000 Ang
siesta: k-point supercell and displacements
siesta: k-grid:    25     0     0      0.000
siesta: k-grid:     0    25     0      0.000
siesta: k-grid:     0     0     1      0.000

superc: Internal auxiliary supercell:     7 x     7 x     1  =      49
superc: Number of atoms, orbitals, and projectors:    441   5733   2989

outcell: Unit cell vectors (Ang):
        1.932007    3.346202    0.000000
        3.863900    0.000066    0.000000
        0.000000    0.000000   50.000000

outcell: Cell vector modules (Ang)   :    3.863900    3.863900   50.000000
outcell: Cell angles (23,13,12) (deg):     90.0000     90.0000     59.9980
outcell: Cell volume (Ang**3)        :    646.4632
<dSpData1D:S at geom step 29
  <sparsity:sparsity for geom step 29
    nrows_g=117 nrows=117 sparsity=7.4522 nnzs=102013, refcount: 7>
  <dData1D:(new from dSpData1D) n=102013, refcount: 1>
refcount: 1>
new_DM -- step:    30
Re-using DM from previous geometries...
Number of DMs in history: 1
 DM extrapolation coefficients: 
1   1.00000
New DM after history re-use:
<dSpData2D:SpM extrapolated using coords
  <sparsity:sparsity for geom step 29
    nrows_g=117 nrows=117 sparsity=7.4522 nnzs=102013, refcount: 9>
  <dData2D:(temp array for extrapolation) n=102013 m=1, refcount: 1>
refcount: 1>
No. of atoms with KB's overlaping orbs in proc 0. Max # of overlaps:      72     287

InitMesh: MESH = 30 x 30 x 432 = 388800
InitMesh: Mesh cutoff (required, used) =   200.000   206.314 Ry
New grid distribution [1]: sub = 2

        iscf     Eharris(eV)        E_KS(eV)     FreeEng(eV)     dDmax    Ef(eV) dHmax(eV)
   scf:    1    -1617.433951    -1617.437494    -1617.437494  0.001846 -4.528205  0.086907
   scf:    2    -1617.418909    -1617.431632    -1617.431632  0.009114 -4.532936  0.570273
   scf:    3    -1617.438366    -1617.437624    -1617.437624  0.007910 -4.528496  0.008160
   scf:    4    -1617.437625    -1617.437625    -1617.437625  0.000087 -4.528346  0.004513
   scf:    5    -1617.437625    -1617.437625    -1617.437625  0.000120 -4.528226  0.001181
   scf:    6    -1617.437625    -1617.437625    -1617.437625  0.000019 -4.528196  0.000819

SCF Convergence by DM+H criterion
max |DM_out - DM_in|         :     0.0000185397
max |H_out - H_in|      (eV) :     0.0008187697
SCF cycle converged after 6 iterations

Using DM_out to compute the final energy and forces
No. of atoms with KB's overlaping orbs in proc 0. Max # of overlaps:      72     287

siesta: E_KS(eV) =            -1617.4376

siesta: Atomic forces (eV/Ang):
----------------------------------------
   Tot   -0.000087   -0.000050   -0.000207
----------------------------------------
   Max    0.019198
   Res    0.006534    sqrt( Sum f_i^2 / 3N )
----------------------------------------
   Max    0.019198    constrained

Stress tensor Voigt[x,y,z,yz,xz,xy] (kbar):       -0.05       -0.06        0.19       -0.00       -0.00        0.01
(Free)E + p*V (eV/cell)    -1617.4471
Target enthalpy (eV/cell)    -1617.4376

siesta: Stress tensor (static) (eV/Ang**3):
        -0.000034    0.000004   -0.000003
         0.000004   -0.000039   -0.000002
        -0.000003   -0.000002    0.000117

siesta: Pressure (static):         -0.02353863  kBar

siesta: Stress tensor (total) (eV/Ang**3):
        -0.000034    0.000004   -0.000003
         0.000004   -0.000039   -0.000002
        -0.000003   -0.000002    0.000117

siesta: Pressure (total):         -0.02353863  kBar

                     ====================================
                        Begin CG opt. move =     30
                     ====================================
 Kpoints in:          325 . Kpoints trimmed:          313

siesta: k-grid: Number of k-points = 313
siesta: k-points from Monkhorst-Pack grid
siesta: k-cutoff (effective) =    25.000 Ang
siesta: k-point supercell and displacements
siesta: k-grid:    25     0     0      0.000
siesta: k-grid:     0    25     0      0.000
siesta: k-grid:     0     0     1      0.000

superc: Internal auxiliary supercell:     7 x     7 x     1  =      49
superc: Number of atoms, orbitals, and projectors:    441   5733   2989

outcell: Unit cell vectors (Ang):
        1.932021    3.346251    0.000000
        3.863949    0.000054    0.000000
        0.000000    0.000000   50.000000

outcell: Cell vector modules (Ang)   :    3.863949    3.863949   50.000000
outcell: Cell angles (23,13,12) (deg):     90.0000     90.0000     59.9984
outcell: Cell volume (Ang**3)        :    646.4821
<dSpData1D:S at geom step 30
  <sparsity:sparsity for geom step 30
    nrows_g=117 nrows=117 sparsity=7.4522 nnzs=102013, refcount: 7>
  <dData1D:(new from dSpData1D) n=102013, refcount: 1>
refcount: 1>
new_DM -- step:    31
Re-using DM from previous geometries...
Number of DMs in history: 1
 DM extrapolation coefficients: 
1   1.00000
New DM after history re-use:
<dSpData2D:SpM extrapolated using coords
  <sparsity:sparsity for geom step 30
    nrows_g=117 nrows=117 sparsity=7.4522 nnzs=102013, refcount: 9>
  <dData2D:(temp array for extrapolation) n=102013 m=1, refcount: 1>
refcount: 1>
No. of atoms with KB's overlaping orbs in proc 0. Max # of overlaps:      72     287

InitMesh: MESH = 30 x 30 x 432 = 388800
InitMesh: Mesh cutoff (required, used) =   200.000   206.314 Ry
New grid distribution [1]: sub = 2

        iscf     Eharris(eV)        E_KS(eV)     FreeEng(eV)     dDmax    Ef(eV) dHmax(eV)
   scf:    1    -1617.439569    -1617.437573    -1617.437573  0.001273 -4.528758  0.056169
   scf:    2    -1617.430210    -1617.435251    -1617.435251  0.005566 -4.524825  0.362677
   scf:    3    -1617.437927    -1617.437625    -1617.437625  0.004826 -4.528401  0.004834
   scf:    4    -1617.437625    -1617.437625    -1617.437625  0.000049 -4.528499  0.002862
   scf:    5    -1617.437625    -1617.437625    -1617.437625  0.000090 -4.528623  0.000837

SCF Convergence by DM+H criterion
max |DM_out - DM_in|         :     0.0000901619
max |H_out - H_in|      (eV) :     0.0008371279
SCF cycle converged after 5 iterations

Using DM_out to compute the final energy and forces
No. of atoms with KB's overlaping orbs in proc 0. Max # of overlaps:      72     287

siesta: E_KS(eV) =            -1617.4376

siesta: Atomic forces (eV/Ang):
----------------------------------------
   Tot   -0.000010   -0.000006   -0.000410
----------------------------------------
   Max    0.014360
   Res    0.004915    sqrt( Sum f_i^2 / 3N )
----------------------------------------
   Max    0.014360    constrained

Stress tensor Voigt[x,y,z,yz,xz,xy] (kbar):       -0.04       -0.05        0.17       -0.00       -0.00        0.00
(Free)E + p*V (eV/cell)    -1617.4489
Target enthalpy (eV/cell)    -1617.4376

siesta: Stress tensor (static) (eV/Ang**3):
        -0.000026    0.000003   -0.000002
         0.000003   -0.000029   -0.000001
        -0.000002   -0.000001    0.000108

siesta: Pressure (static):         -0.02804863  kBar

siesta: Stress tensor (total) (eV/Ang**3):
        -0.000026    0.000003   -0.000002
         0.000003   -0.000029   -0.000001
        -0.000002   -0.000001    0.000108

siesta: Pressure (total):         -0.02804863  kBar

cgvc: Finished line minimization   11.  Mean atomic displacement =    0.0048

                     ====================================
                        Begin CG opt. move =     31
                     ====================================
 Kpoints in:          325 . Kpoints trimmed:          313

siesta: k-grid: Number of k-points = 313
siesta: k-points from Monkhorst-Pack grid
siesta: k-cutoff (effective) =    25.000 Ang
siesta: k-point supercell and displacements
siesta: k-grid:    25     0     0      0.000
siesta: k-grid:     0    25     0      0.000
siesta: k-grid:     0     0     1      0.000

superc: Internal auxiliary supercell:     7 x     7 x     1  =      49
superc: Number of atoms, orbitals, and projectors:    441   5733   2989

outcell: Unit cell vectors (Ang):
        1.932039    3.346247    0.000000
        3.863954    0.000072    0.000000
        0.000000    0.000000   50.000000

outcell: Cell vector modules (Ang)   :    3.863954    3.863954   50.000000
outcell: Cell angles (23,13,12) (deg):     90.0000     90.0000     59.9979
outcell: Cell volume (Ang**3)        :    646.4803
<dSpData1D:S at geom step 31
  <sparsity:sparsity for geom step 31
    nrows_g=117 nrows=117 sparsity=7.4522 nnzs=102013, refcount: 7>
  <dData1D:(new from dSpData1D) n=102013, refcount: 1>
refcount: 1>
new_DM -- step:    32
Re-using DM from previous geometries...
Number of DMs in history: 1
 DM extrapolation coefficients: 
1   1.00000
New DM after history re-use:
<dSpData2D:SpM extrapolated using coords
  <sparsity:sparsity for geom step 31
    nrows_g=117 nrows=117 sparsity=7.4522 nnzs=102013, refcount: 9>
  <dData2D:(temp array for extrapolation) n=102013 m=1, refcount: 1>
refcount: 1>
No. of atoms with KB's overlaping orbs in proc 0. Max # of overlaps:      72     287

InitMesh: MESH = 30 x 30 x 432 = 388800
InitMesh: Mesh cutoff (required, used) =   200.000   206.314 Ry
New grid distribution [1]: sub = 2

        iscf     Eharris(eV)        E_KS(eV)     FreeEng(eV)     dDmax    Ef(eV) dHmax(eV)
   scf:    1    -1617.438638    -1617.437565    -1617.437565  0.002023 -4.527541  0.076259
   scf:    2    -1617.425046    -1617.433626    -1617.433626  0.007590 -4.540294  0.516476
   scf:    3    -1617.438162    -1617.437659    -1617.437659  0.006504 -4.529087  0.004930
   scf:    4    -1617.437660    -1617.437659    -1617.437659  0.000065 -4.529162  0.002491
   scf:    5    -1617.437660    -1617.437660    -1617.437660  0.000072 -4.529045  0.000988

SCF Convergence by DM+H criterion
max |DM_out - DM_in|         :     0.0000716668
max |H_out - H_in|      (eV) :     0.0009883522
SCF cycle converged after 5 iterations

Using DM_out to compute the final energy and forces
No. of atoms with KB's overlaping orbs in proc 0. Max # of overlaps:      72     287

siesta: E_KS(eV) =            -1617.4377

siesta: Atomic forces (eV/Ang):
----------------------------------------
   Tot    0.000048    0.000028   -0.000266
----------------------------------------
   Max    0.012403
   Res    0.004016    sqrt( Sum f_i^2 / 3N )
----------------------------------------
   Max    0.012403    constrained

Stress tensor Voigt[x,y,z,yz,xz,xy] (kbar):       -0.03       -0.04        0.16       -0.00       -0.00        0.01
(Free)E + p*V (eV/cell)    -1617.4495
Target enthalpy (eV/cell)    -1617.4377

siesta: Stress tensor (static) (eV/Ang**3):
        -0.000019    0.000004   -0.000002
         0.000004   -0.000024   -0.000001
        -0.000002   -0.000001    0.000098

siesta: Pressure (static):         -0.02936866  kBar

siesta: Stress tensor (total) (eV/Ang**3):
        -0.000019    0.000004   -0.000002
         0.000004   -0.000024   -0.000001
        -0.000002   -0.000001    0.000098

siesta: Pressure (total):         -0.02936866  kBar

                     ====================================
                        Begin CG opt. move =     32
                     ====================================
 Kpoints in:          325 . Kpoints trimmed:          313

siesta: k-grid: Number of k-points = 313
siesta: k-points from Monkhorst-Pack grid
siesta: k-cutoff (effective) =    25.000 Ang
siesta: k-point supercell and displacements
siesta: k-grid:    25     0     0      0.000
siesta: k-grid:     0    25     0      0.000
siesta: k-grid:     0     0     1      0.000

superc: Internal auxiliary supercell:     7 x     7 x     1  =      49
superc: Number of atoms, orbitals, and projectors:    441   5733   2989

outcell: Unit cell vectors (Ang):
        1.932069    3.346240    0.000000
        3.863963    0.000101    0.000000
        0.000000    0.000000   50.000000

outcell: Cell vector modules (Ang)   :    3.863963    3.863963   50.000000
outcell: Cell angles (23,13,12) (deg):     90.0000     90.0000     59.9970
outcell: Cell volume (Ang**3)        :    646.4775
<dSpData1D:S at geom step 32
  <sparsity:sparsity for geom step 32
    nrows_g=117 nrows=117 sparsity=7.4772 nnzs=102355, refcount: 7>
  <dData1D:(new from dSpData1D) n=102355, refcount: 1>
refcount: 1>
new_DM -- step:    33
Re-using DM from previous geometries...
Number of DMs in history: 1
 DM extrapolation coefficients: 
1   1.00000
New DM after history re-use:
<dSpData2D:SpM extrapolated using coords
  <sparsity:sparsity for geom step 32
    nrows_g=117 nrows=117 sparsity=7.4772 nnzs=102355, refcount: 9>
  <dData2D:(temp array for extrapolation) n=102355 m=1, refcount: 1>
refcount: 1>
No. of atoms with KB's overlaping orbs in proc 0. Max # of overlaps:      72     287

InitMesh: MESH = 30 x 30 x 432 = 388800
InitMesh: Mesh cutoff (required, used) =   200.000   206.314 Ry
New grid distribution [1]: sub = 2

        iscf     Eharris(eV)        E_KS(eV)     FreeEng(eV)     dDmax    Ef(eV) dHmax(eV)
   scf:    1    -1617.438946    -1617.437443    -1617.437443  0.027163 -4.527237  0.122865
   scf:    2    -1617.405318    -1617.427334    -1617.427334  0.012068 -4.547364  0.827552
   scf:    3    -1617.438971    -1617.437684    -1617.437684  0.010342 -4.529765  0.007788
   scf:    4    -1617.437686    -1617.437685    -1617.437685  0.000104 -4.529757  0.004009
   scf:    5    -1617.437686    -1617.437686    -1617.437686  0.000115 -4.529558  0.001657
   scf:    6    -1617.437686    -1617.437686    -1617.437686  0.000022 -4.529568  0.001251
   scf:    7    -1617.437686    -1617.437686    -1617.437686  0.000041 -4.529507  0.000413

SCF Convergence by DM+H criterion
max |DM_out - DM_in|         :     0.0000410223
max |H_out - H_in|      (eV) :     0.0004129360
SCF cycle converged after 7 iterations

Using DM_out to compute the final energy and forces
No. of atoms with KB's overlaping orbs in proc 0. Max # of overlaps:      72     287

siesta: E_KS(eV) =            -1617.4377

siesta: Atomic forces (eV/Ang):
----------------------------------------
   Tot    0.000001    0.000001   -0.000298
----------------------------------------
   Max    0.009591
   Res    0.003222    sqrt( Sum f_i^2 / 3N )
----------------------------------------
   Max    0.009591    constrained

Stress tensor Voigt[x,y,z,yz,xz,xy] (kbar):       -0.01       -0.02        0.14       -0.00       -0.00        0.01
(Free)E + p*V (eV/cell)    -1617.4511
Target enthalpy (eV/cell)    -1617.4377

siesta: Stress tensor (static) (eV/Ang**3):
        -0.000008    0.000006   -0.000002
         0.000006   -0.000015   -0.000001
        -0.000002   -0.000001    0.000085

siesta: Pressure (static):         -0.03317701  kBar

siesta: Stress tensor (total) (eV/Ang**3):
        -0.000008    0.000006   -0.000002
         0.000006   -0.000015   -0.000001
        -0.000002   -0.000001    0.000085

siesta: Pressure (total):         -0.03317701  kBar

                     ====================================
                        Begin CG opt. move =     33
                     ====================================
 Kpoints in:          325 . Kpoints trimmed:          313

siesta: k-grid: Number of k-points = 313
siesta: k-points from Monkhorst-Pack grid
siesta: k-cutoff (effective) =    25.000 Ang
siesta: k-point supercell and displacements
siesta: k-grid:    25     0     0      0.000
siesta: k-grid:     0    25     0      0.000
siesta: k-grid:     0     0     1      0.000

superc: Internal auxiliary supercell:     7 x     7 x     1  =      49
superc: Number of atoms, orbitals, and projectors:    441   5733   2989

outcell: Unit cell vectors (Ang):
        1.932115    3.346228    0.000000
        3.863976    0.000147    0.000000
        0.000000    0.000000   50.000000

outcell: Cell vector modules (Ang)   :    3.863976    3.863976   50.000000
outcell: Cell angles (23,13,12) (deg):     90.0000     90.0000     59.9956
outcell: Cell volume (Ang**3)        :    646.4730
<dSpData1D:S at geom step 33
  <sparsity:sparsity for geom step 33
    nrows_g=117 nrows=117 sparsity=7.4772 nnzs=102355, refcount: 7>
  <dData1D:(new from dSpData1D) n=102355, refcount: 1>
refcount: 1>
new_DM -- step:    34
Re-using DM from previous geometries...
Number of DMs in history: 1
 DM extrapolation coefficients: 
1   1.00000
New DM after history re-use:
<dSpData2D:SpM extrapolated using coords
  <sparsity:sparsity for geom step 33
    nrows_g=117 nrows=117 sparsity=7.4772 nnzs=102355, refcount: 9>
  <dData2D:(temp array for extrapolation) n=102355 m=1, refcount: 1>
refcount: 1>
No. of atoms with KB's overlaping orbs in proc 0. Max # of overlaps:      72     287

InitMesh: MESH = 30 x 30 x 432 = 388800
InitMesh: Mesh cutoff (required, used) =   200.000   206.314 Ry
New grid distribution [1]: sub = 2

        iscf     Eharris(eV)        E_KS(eV)     FreeEng(eV)     dDmax    Ef(eV) dHmax(eV)
   scf:    1    -1617.438877    -1617.437061    -1617.437062  0.005224 -4.526908  0.198971
   scf:    2    -1617.352288    -1617.410381    -1617.410381  0.019478 -4.558480  1.344891
   scf:    3    -1617.441067    -1617.437696    -1617.437696  0.016683 -4.530725  0.012318
   scf:    4    -1617.437702    -1617.437700    -1617.437700  0.000174 -4.530668  0.006421
   scf:    5    -1617.437702    -1617.437701    -1617.437701  0.000193 -4.530542  0.002958
   scf:    6    -1617.437701    -1617.437701    -1617.437701  0.000038 -4.530458  0.002184
   scf:    7    -1617.437701    -1617.437701    -1617.437701  0.000065 -4.530388  0.000762

SCF Convergence by DM+H criterion
max |DM_out - DM_in|         :     0.0000646142
max |H_out - H_in|      (eV) :     0.0007623720
SCF cycle converged after 7 iterations

Using DM_out to compute the final energy and forces
No. of atoms with KB's overlaping orbs in proc 0. Max # of overlaps:      72     287

siesta: E_KS(eV) =            -1617.4377

siesta: Atomic forces (eV/Ang):
----------------------------------------
   Tot    0.000058    0.000034   -0.001356
----------------------------------------
   Max    0.012191
   Res    0.004291    sqrt( Sum f_i^2 / 3N )
----------------------------------------
   Max    0.012191    constrained

Stress tensor Voigt[x,y,z,yz,xz,xy] (kbar):        0.02        0.00        0.10       -0.00       -0.00        0.01
(Free)E + p*V (eV/cell)    -1617.4539
Target enthalpy (eV/cell)    -1617.4377

siesta: Stress tensor (static) (eV/Ang**3):
         0.000011    0.000009   -0.000001
         0.000009    0.000001   -0.000001
        -0.000001   -0.000001    0.000062

siesta: Pressure (static):         -0.04005261  kBar

siesta: Stress tensor (total) (eV/Ang**3):
         0.000011    0.000009   -0.000001
         0.000009    0.000001   -0.000001
        -0.000001   -0.000001    0.000062

siesta: Pressure (total):         -0.04005261  kBar

                     ====================================
                        Begin CG opt. move =     34
                     ====================================
 Kpoints in:          325 . Kpoints trimmed:          313

siesta: k-grid: Number of k-points = 313
siesta: k-points from Monkhorst-Pack grid
siesta: k-cutoff (effective) =    25.000 Ang
siesta: k-point supercell and displacements
siesta: k-grid:    25     0     0      0.000
siesta: k-grid:     0    25     0      0.000
siesta: k-grid:     0     0     1      0.000

superc: Internal auxiliary supercell:     7 x     7 x     1  =      49
superc: Number of atoms, orbitals, and projectors:    441   5733   2989

outcell: Unit cell vectors (Ang):
        1.932101    3.346231    0.000000
        3.863972    0.000133    0.000000
        0.000000    0.000000   50.000000

outcell: Cell vector modules (Ang)   :    3.863972    3.863972   50.000000
outcell: Cell angles (23,13,12) (deg):     90.0000     90.0000     59.9961
outcell: Cell volume (Ang**3)        :    646.4744
<dSpData1D:S at geom step 34
  <sparsity:sparsity for geom step 34
    nrows_g=117 nrows=117 sparsity=7.4772 nnzs=102355, refcount: 7>
  <dData1D:(new from dSpData1D) n=102355, refcount: 1>
refcount: 1>
new_DM -- step:    35
Re-using DM from previous geometries...
Number of DMs in history: 1
 DM extrapolation coefficients: 
1   1.00000
New DM after history re-use:
<dSpData2D:SpM extrapolated using coords
  <sparsity:sparsity for geom step 34
    nrows_g=117 nrows=117 sparsity=7.4772 nnzs=102355, refcount: 9>
  <dData2D:(temp array for extrapolation) n=102355 m=1, refcount: 1>
refcount: 1>
No. of atoms with KB's overlaping orbs in proc 0. Max # of overlaps:      72     287

InitMesh: MESH = 30 x 30 x 432 = 388800
InitMesh: Mesh cutoff (required, used) =   200.000   206.314 Ry
New grid distribution [1]: sub = 2

        iscf     Eharris(eV)        E_KS(eV)     FreeEng(eV)     dDmax    Ef(eV) dHmax(eV)
   scf:    1    -1617.436544    -1617.437644    -1617.437644  0.001659 -4.531362  0.061545
   scf:    2    -1617.429613    -1617.435115    -1617.435115  0.005907 -4.520861  0.414651
   scf:    3    -1617.438027    -1617.437703    -1617.437703  0.005072 -4.530011  0.004007
   scf:    4    -1617.437703    -1617.437703    -1617.437703  0.000049 -4.529956  0.002138
   scf:    5    -1617.437703    -1617.437703    -1617.437703  0.000063 -4.530053  0.001004
   scf:    6    -1617.437703    -1617.437703    -1617.437703  0.000014 -4.530041  0.000763

SCF Convergence by DM+H criterion
max |DM_out - DM_in|         :     0.0000144846
max |H_out - H_in|      (eV) :     0.0007625929
SCF cycle converged after 6 iterations

Using DM_out to compute the final energy and forces
No. of atoms with KB's overlaping orbs in proc 0. Max # of overlaps:      72     287

siesta: E_KS(eV) =            -1617.4377

siesta: Atomic forces (eV/Ang):
----------------------------------------
   Tot    0.000114    0.000066   -0.001968
----------------------------------------
   Max    0.011436
   Res    0.003725    sqrt( Sum f_i^2 / 3N )
----------------------------------------
   Max    0.011436    constrained

Stress tensor Voigt[x,y,z,yz,xz,xy] (kbar):        0.01       -0.01        0.11       -0.00       -0.00        0.01
(Free)E + p*V (eV/cell)    -1617.4522
Target enthalpy (eV/cell)    -1617.4377

siesta: Stress tensor (static) (eV/Ang**3):
         0.000005    0.000008   -0.000001
         0.000008   -0.000004   -0.000001
        -0.000001   -0.000001    0.000067

siesta: Pressure (static):         -0.03589181  kBar

siesta: Stress tensor (total) (eV/Ang**3):
         0.000005    0.000008   -0.000001
         0.000008   -0.000004   -0.000001
        -0.000001   -0.000001    0.000067

siesta: Pressure (total):         -0.03589181  kBar

cgvc: Finished line minimization   12.  Mean atomic displacement =    0.0208

                     ====================================
                        Begin CG opt. move =     35
                     ====================================
 Kpoints in:          325 . Kpoints trimmed:          313

siesta: k-grid: Number of k-points = 313
siesta: k-points from Monkhorst-Pack grid
siesta: k-cutoff (effective) =    25.000 Ang
siesta: k-point supercell and displacements
siesta: k-grid:    25     0     0      0.000
siesta: k-grid:     0    25     0      0.000
siesta: k-grid:     0     0     1      0.000

superc: Internal auxiliary supercell:     7 x     7 x     1  =      49
superc: Number of atoms, orbitals, and projectors:    441   5733   2989

outcell: Unit cell vectors (Ang):
        1.931694    3.346199    0.000000
        3.863740   -0.000203    0.000000
        0.000000    0.000000   50.000000

outcell: Cell vector modules (Ang)   :    3.863740    3.863740   50.000000
outcell: Cell angles (23,13,12) (deg):     90.0000     90.0000     60.0060
outcell: Cell volume (Ang**3)        :    646.4617
<dSpData1D:S at geom step 35
  <sparsity:sparsity for geom step 35
    nrows_g=117 nrows=117 sparsity=7.4772 nnzs=102355, refcount: 7>
  <dData1D:(new from dSpData1D) n=102355, refcount: 1>
refcount: 1>
new_DM -- step:    36
Re-using DM from previous geometries...
Number of DMs in history: 1
 DM extrapolation coefficients: 
1   1.00000
New DM after history re-use:
<dSpData2D:SpM extrapolated using coords
  <sparsity:sparsity for geom step 35
    nrows_g=117 nrows=117 sparsity=7.4772 nnzs=102355, refcount: 9>
  <dData2D:(temp array for extrapolation) n=102355 m=1, refcount: 1>
refcount: 1>
No. of atoms with KB's overlaping orbs in proc 0. Max # of overlaps:      72     287

InitMesh: MESH = 30 x 30 x 432 = 388800
InitMesh: Mesh cutoff (required, used) =   200.000   206.314 Ry
New grid distribution [1]: sub = 2

        iscf     Eharris(eV)        E_KS(eV)     FreeEng(eV)     dDmax    Ef(eV) dHmax(eV)
   scf:    1    -1617.422091    -1617.435543    -1617.435543  0.008575 -4.535125  0.256602
   scf:    2    -1617.294428    -1617.391826    -1617.391826  0.026926 -4.541989  1.557590
   scf:    3    -1617.442446    -1617.437195    -1617.437195  0.023091 -4.534543  0.046145
   scf:    4    -1617.437303    -1617.437254    -1617.437254  0.000382 -4.533797  0.026994
   scf:    5    -1617.437320    -1617.437298    -1617.437298  0.000603 -4.532599  0.012386
   scf:    6    -1617.437306    -1617.437303    -1617.437303  0.000099 -4.532644  0.009185
   scf:    7    -1617.437307    -1617.437306    -1617.437306  0.000214 -4.532847  0.004864
   scf:    8    -1617.437306    -1617.437306    -1617.437306  0.000032 -4.533047  0.003155
   scf:    9    -1617.437307    -1617.437306    -1617.437306  0.000033 -4.533154  0.001371
   scf:   10    -1617.437307    -1617.437307    -1617.437307  0.000015 -4.533166  0.000849

SCF Convergence by DM+H criterion
max |DM_out - DM_in|         :     0.0000148482
max |H_out - H_in|      (eV) :     0.0008488504
SCF cycle converged after 10 iterations

Using DM_out to compute the final energy and forces
No. of atoms with KB's overlaping orbs in proc 0. Max # of overlaps:      72     287

siesta: E_KS(eV) =            -1617.4373

siesta: Atomic forces (eV/Ang):
----------------------------------------
   Tot    0.000053    0.000031   -0.000249
----------------------------------------
   Max    0.073205
   Res    0.022518    sqrt( Sum f_i^2 / 3N )
----------------------------------------
   Max    0.073205    constrained

Stress tensor Voigt[x,y,z,yz,xz,xy] (kbar):       -0.21       -0.17       -0.07        0.03        0.04       -0.03
(Free)E + p*V (eV/cell)    -1617.3771
Target enthalpy (eV/cell)    -1617.4373

siesta: Stress tensor (static) (eV/Ang**3):
        -0.000130   -0.000020    0.000027
        -0.000020   -0.000107    0.000016
         0.000027    0.000016   -0.000042

siesta: Pressure (static):          0.14917351  kBar

siesta: Stress tensor (total) (eV/Ang**3):
        -0.000130   -0.000020    0.000027
        -0.000020   -0.000107    0.000016
         0.000027    0.000016   -0.000042

siesta: Pressure (total):          0.14917351  kBar

                     ====================================
                        Begin CG opt. move =     36
                     ====================================
 Kpoints in:          325 . Kpoints trimmed:          313

siesta: k-grid: Number of k-points = 313
siesta: k-points from Monkhorst-Pack grid
siesta: k-cutoff (effective) =    25.000 Ang
siesta: k-point supercell and displacements
siesta: k-grid:    25     0     0      0.000
siesta: k-grid:     0    25     0      0.000
siesta: k-grid:     0     0     1      0.000

superc: Internal auxiliary supercell:     7 x     7 x     1  =      49
superc: Number of atoms, orbitals, and projectors:    441   5733   2989

outcell: Unit cell vectors (Ang):
        1.932040    3.346227    0.000000
        3.863937    0.000082    0.000000
        0.000000    0.000000   50.000000

outcell: Cell vector modules (Ang)   :    3.863937    3.863937   50.000000
outcell: Cell angles (23,13,12) (deg):     90.0000     90.0000     59.9976
outcell: Cell volume (Ang**3)        :    646.4725
<dSpData1D:S at geom step 36
  <sparsity:sparsity for geom step 36
    nrows_g=117 nrows=117 sparsity=7.4772 nnzs=102355, refcount: 7>
  <dData1D:(new from dSpData1D) n=102355, refcount: 1>
refcount: 1>
new_DM -- step:    37
Re-using DM from previous geometries...
Number of DMs in history: 1
 DM extrapolation coefficients: 
1   1.00000
New DM after history re-use:
<dSpData2D:SpM extrapolated using coords
  <sparsity:sparsity for geom step 36
    nrows_g=117 nrows=117 sparsity=7.4772 nnzs=102355, refcount: 9>
  <dData2D:(temp array for extrapolation) n=102355 m=1, refcount: 1>
refcount: 1>
No. of atoms with KB's overlaping orbs in proc 0. Max # of overlaps:      72     287

InitMesh: MESH = 30 x 30 x 432 = 388800
InitMesh: Mesh cutoff (required, used) =   200.000   206.314 Ry
New grid distribution [1]: sub = 2

        iscf     Eharris(eV)        E_KS(eV)     FreeEng(eV)     dDmax    Ef(eV) dHmax(eV)
   scf:    1    -1617.441723    -1617.436439    -1617.436439  0.007360 -4.529230  0.218228
   scf:    2    -1617.335885    -1617.405325    -1617.405325  0.022458 -4.524182  1.310341
   scf:    3    -1617.441544    -1617.437641    -1617.437641  0.019153 -4.529759  0.037576
   scf:    4    -1617.437714    -1617.437681    -1617.437681  0.000305 -4.530421  0.022138
   scf:    5    -1617.437727    -1617.437712    -1617.437712  0.000476 -4.531273  0.011099
   scf:    6    -1617.437718    -1617.437715    -1617.437715  0.000095 -4.531195  0.007712
   scf:    7    -1617.437718    -1617.437717    -1617.437717  0.000185 -4.530945  0.004650
   scf:    8    -1617.437718    -1617.437717    -1617.437717  0.000027 -4.530859  0.003057
   scf:    9    -1617.437718    -1617.437718    -1617.437718  0.000029 -4.530670  0.001273
   scf:   10    -1617.437718    -1617.437718    -1617.437718  0.000012 -4.530663  0.000787

SCF Convergence by DM+H criterion
max |DM_out - DM_in|         :     0.0000119043
max |H_out - H_in|      (eV) :     0.0007868001
SCF cycle converged after 10 iterations

Using DM_out to compute the final energy and forces
No. of atoms with KB's overlaping orbs in proc 0. Max # of overlaps:      72     287

siesta: E_KS(eV) =            -1617.4377

siesta: Atomic forces (eV/Ang):
----------------------------------------
   Tot    0.000130    0.000075   -0.001518
----------------------------------------
   Max    0.003534
   Res    0.001323    sqrt( Sum f_i^2 / 3N )
----------------------------------------
   Max    0.003534    constrained

Stress tensor Voigt[x,y,z,yz,xz,xy] (kbar):       -0.02       -0.03        0.08        0.00        0.00        0.01
(Free)E + p*V (eV/cell)    -1617.4410
Target enthalpy (eV/cell)    -1617.4377

siesta: Stress tensor (static) (eV/Ang**3):
        -0.000015    0.000004    0.000003
         0.000004   -0.000020    0.000002
         0.000003    0.000002    0.000050

siesta: Pressure (static):         -0.00802754  kBar

siesta: Stress tensor (total) (eV/Ang**3):
        -0.000015    0.000004    0.000003
         0.000004   -0.000020    0.000002
         0.000003    0.000002    0.000050

siesta: Pressure (total):         -0.00802754  kBar

cgvc: Finished line minimization   13.  Mean atomic displacement =    0.0031

                     ====================================
                        Begin CG opt. move =     37
                     ====================================
 Kpoints in:          325 . Kpoints trimmed:          313

siesta: k-grid: Number of k-points = 313
siesta: k-points from Monkhorst-Pack grid
siesta: k-cutoff (effective) =    25.000 Ang
siesta: k-point supercell and displacements
siesta: k-grid:    25     0     0      0.000
siesta: k-grid:     0    25     0      0.000
siesta: k-grid:     0     0     1      0.000

superc: Internal auxiliary supercell:     7 x     7 x     1  =      49
superc: Number of atoms, orbitals, and projectors:    441   5733   2989

outcell: Unit cell vectors (Ang):
        1.932185    3.346895    0.000000
        3.864588   -0.000126    0.000000
        0.000000    0.000000   50.000000

outcell: Cell vector modules (Ang)   :    3.864588    3.864588   50.000000
outcell: Cell angles (23,13,12) (deg):     90.0000     90.0000     60.0037
outcell: Cell volume (Ang**3)        :    646.7307
<dSpData1D:S at geom step 37
  <sparsity:sparsity for geom step 37
    nrows_g=117 nrows=117 sparsity=7.4772 nnzs=102355, refcount: 7>
  <dData1D:(new from dSpData1D) n=102355, refcount: 1>
refcount: 1>
new_DM -- step:    38
Re-using DM from previous geometries...
Number of DMs in history: 1
 DM extrapolation coefficients: 
1   1.00000
New DM after history re-use:
<dSpData2D:SpM extrapolated using coords
  <sparsity:sparsity for geom step 37
    nrows_g=117 nrows=117 sparsity=7.4772 nnzs=102355, refcount: 9>
  <dData2D:(temp array for extrapolation) n=102355 m=1, refcount: 1>
refcount: 1>
No. of atoms with KB's overlaping orbs in proc 0. Max # of overlaps:      72     287

InitMesh: MESH = 30 x 30 x 432 = 388800
InitMesh: Mesh cutoff (required, used) =   200.000   206.314 Ry
New grid distribution [1]: sub = 2

        iscf     Eharris(eV)        E_KS(eV)     FreeEng(eV)     dDmax    Ef(eV) dHmax(eV)
   scf:    1    -1617.446427    -1617.437022    -1617.437022  0.002589 -4.531241  0.207356
   scf:    2    -1617.355638    -1617.411468    -1617.411470  0.019988 -4.527301  1.132601
   scf:    3    -1617.441101    -1617.437687    -1617.437687  0.017226 -4.530082  0.018455
   scf:    4    -1617.437692    -1617.437690    -1617.437690  0.000211 -4.529792  0.009685
   scf:    5    -1617.437692    -1617.437691    -1617.437691  0.000184 -4.529774  0.004719
   scf:    6    -1617.437692    -1617.437692    -1617.437692  0.000056 -4.529734  0.003294
   scf:    7    -1617.437692    -1617.437692    -1617.437692  0.000091 -4.529785  0.000751

SCF Convergence by DM+H criterion
max |DM_out - DM_in|         :     0.0000911111
max |H_out - H_in|      (eV) :     0.0007514881
SCF cycle converged after 7 iterations

Using DM_out to compute the final energy and forces
No. of atoms with KB's overlaping orbs in proc 0. Max # of overlaps:      72     287

siesta: E_KS(eV) =            -1617.4377

siesta: Atomic forces (eV/Ang):
----------------------------------------
   Tot    0.000041    0.000024   -0.001086
----------------------------------------
   Max    0.022496
   Res    0.005533    sqrt( Sum f_i^2 / 3N )
----------------------------------------
   Max    0.022496    constrained

Stress tensor Voigt[x,y,z,yz,xz,xy] (kbar):        0.06        0.06        0.01        0.00        0.00       -0.00
(Free)E + p*V (eV/cell)    -1617.4550
Target enthalpy (eV/cell)    -1617.4377

siesta: Stress tensor (static) (eV/Ang**3):
         0.000036   -0.000003    0.000002
        -0.000003    0.000040    0.000001
         0.000002    0.000001    0.000004

siesta: Pressure (static):         -0.04286052  kBar

siesta: Stress tensor (total) (eV/Ang**3):
         0.000036   -0.000003    0.000002
        -0.000003    0.000040    0.000001
         0.000002    0.000001    0.000004

siesta: Pressure (total):         -0.04286052  kBar

                     ====================================
                        Begin CG opt. move =     38
                     ====================================
 Kpoints in:          325 . Kpoints trimmed:          313

siesta: k-grid: Number of k-points = 313
siesta: k-points from Monkhorst-Pack grid
siesta: k-cutoff (effective) =    25.000 Ang
siesta: k-point supercell and displacements
siesta: k-grid:    25     0     0      0.000
siesta: k-grid:     0    25     0      0.000
siesta: k-grid:     0     0     1      0.000

superc: Internal auxiliary supercell:     7 x     7 x     1  =      49
superc: Number of atoms, orbitals, and projectors:    441   5733   2989

outcell: Unit cell vectors (Ang):
        1.932082    3.346419    0.000000
        3.864124    0.000022    0.000000
        0.000000    0.000000   50.000000

outcell: Cell vector modules (Ang)   :    3.864124    3.864124   50.000000
outcell: Cell angles (23,13,12) (deg):     90.0000     90.0000     59.9993
outcell: Cell volume (Ang**3)        :    646.5468
<dSpData1D:S at geom step 38
  <sparsity:sparsity for geom step 38
    nrows_g=117 nrows=117 sparsity=7.4772 nnzs=102355, refcount: 7>
  <dData1D:(new from dSpData1D) n=102355, refcount: 1>
refcount: 1>
new_DM -- step:    39
Re-using DM from previous geometries...
Number of DMs in history: 1
 DM extrapolation coefficients: 
1   1.00000
New DM after history re-use:
<dSpData2D:SpM extrapolated using coords
  <sparsity:sparsity for geom step 38
    nrows_g=117 nrows=117 sparsity=7.4772 nnzs=102355, refcount: 9>
  <dData2D:(temp array for extrapolation) n=102355 m=1, refcount: 1>
refcount: 1>
No. of atoms with KB's overlaping orbs in proc 0. Max # of overlaps:      72     287

InitMesh: MESH = 30 x 30 x 432 = 388800
InitMesh: Mesh cutoff (required, used) =   200.000   206.314 Ry
New grid distribution [1]: sub = 2

        iscf     Eharris(eV)        E_KS(eV)     FreeEng(eV)     dDmax    Ef(eV) dHmax(eV)
   scf:    1    -1617.428914    -1617.437377    -1617.437377  0.001909 -4.529432  0.147646
   scf:    2    -1617.397902    -1617.425016    -1617.425016  0.014129 -4.528832  0.786014
   scf:    3    -1617.439521    -1617.437717    -1617.437717  0.012090 -4.530153  0.013410
   scf:    4    -1617.437720    -1617.437719    -1617.437719  0.000140 -4.530356  0.007140
   scf:    5    -1617.437720    -1617.437719    -1617.437719  0.000138 -4.530425  0.003922
   scf:    6    -1617.437720    -1617.437720    -1617.437720  0.000053 -4.530397  0.002346
   scf:    7    -1617.437720    -1617.437720    -1617.437720  0.000061 -4.530435  0.000606

SCF Convergence by DM+H criterion
max |DM_out - DM_in|         :     0.0000607172
max |H_out - H_in|      (eV) :     0.0006061888
SCF cycle converged after 7 iterations

Using DM_out to compute the final energy and forces
No. of atoms with KB's overlaping orbs in proc 0. Max # of overlaps:      72     287

siesta: E_KS(eV) =            -1617.4377

siesta: Atomic forces (eV/Ang):
----------------------------------------
   Tot    0.000085    0.000049   -0.001375
----------------------------------------
   Max    0.004408
   Res    0.001231    sqrt( Sum f_i^2 / 3N )
----------------------------------------
   Max    0.004408    constrained

Stress tensor Voigt[x,y,z,yz,xz,xy] (kbar):       -0.00       -0.00        0.06        0.00        0.00        0.00
(Free)E + p*V (eV/cell)    -1617.4448
Target enthalpy (eV/cell)    -1617.4377

siesta: Stress tensor (static) (eV/Ang**3):
        -0.000001    0.000002    0.000003
         0.000002   -0.000003    0.000002
         0.000003    0.000002    0.000036

siesta: Pressure (static):         -0.01752883  kBar

siesta: Stress tensor (total) (eV/Ang**3):
        -0.000001    0.000002    0.000003
         0.000002   -0.000003    0.000002
         0.000003    0.000002    0.000036

siesta: Pressure (total):         -0.01752883  kBar

cgvc: Finished line minimization   14.  Mean atomic displacement =    0.0009

                     ====================================
                        Begin CG opt. move =     39
                     ====================================
 Kpoints in:          325 . Kpoints trimmed:          313

siesta: k-grid: Number of k-points = 313
siesta: k-points from Monkhorst-Pack grid
siesta: k-cutoff (effective) =    25.000 Ang
siesta: k-point supercell and displacements
siesta: k-grid:    25     0     0      0.000
siesta: k-grid:     0    25     0      0.000
siesta: k-grid:     0     0     1      0.000

superc: Internal auxiliary supercell:     7 x     7 x     1  =      49
superc: Number of atoms, orbitals, and projectors:    441   5733   2989

outcell: Unit cell vectors (Ang):
        1.932100    3.346599    0.000000
        3.864289   -0.000052    0.000000
        0.000000    0.000000   50.000000

outcell: Cell vector modules (Ang)   :    3.864289    3.864289   50.000000
outcell: Cell angles (23,13,12) (deg):     90.0000     90.0000     60.0015
outcell: Cell volume (Ang**3)        :    646.6163
<dSpData1D:S at geom step 39
  <sparsity:sparsity for geom step 39
    nrows_g=117 nrows=117 sparsity=7.4772 nnzs=102355, refcount: 7>
  <dData1D:(new from dSpData1D) n=102355, refcount: 1>
refcount: 1>
new_DM -- step:    40
Re-using DM from previous geometries...
Number of DMs in history: 1
 DM extrapolation coefficients: 
1   1.00000
New DM after history re-use:
<dSpData2D:SpM extrapolated using coords
  <sparsity:sparsity for geom step 39
    nrows_g=117 nrows=117 sparsity=7.4772 nnzs=102355, refcount: 9>
  <dData2D:(temp array for extrapolation) n=102355 m=1, refcount: 1>
refcount: 1>
No. of atoms with KB's overlaping orbs in proc 0. Max # of overlaps:      72     287

InitMesh: MESH = 30 x 30 x 432 = 388800
InitMesh: Mesh cutoff (required, used) =   200.000   206.314 Ry
New grid distribution [1]: sub = 2

        iscf     Eharris(eV)        E_KS(eV)     FreeEng(eV)     dDmax    Ef(eV) dHmax(eV)
   scf:    1    -1617.439089    -1617.437639    -1617.437639  0.001290 -4.530735  0.073681
   scf:    2    -1617.429530    -1617.435110    -1617.435110  0.007012 -4.529668  0.371422
   scf:    3    -1617.438094    -1617.437720    -1617.437720  0.005956 -4.530320  0.007928
   scf:    4    -1617.437721    -1617.437720    -1617.437720  0.000079 -4.530322  0.003793
   scf:    5    -1617.437720    -1617.437720    -1617.437720  0.000083 -4.530295  0.002143
   scf:    6    -1617.437720    -1617.437720    -1617.437720  0.000033 -4.530293  0.001328
   scf:    7    -1617.437721    -1617.437720    -1617.437720  0.000051 -4.530369  0.000296

SCF Convergence by DM+H criterion
max |DM_out - DM_in|         :     0.0000505099
max |H_out - H_in|      (eV) :     0.0002957109
SCF cycle converged after 7 iterations

Using DM_out to compute the final energy and forces
No. of atoms with KB's overlaping orbs in proc 0. Max # of overlaps:      72     287

siesta: E_KS(eV) =            -1617.4377

siesta: Atomic forces (eV/Ang):
----------------------------------------
   Tot    0.000050    0.000029   -0.001360
----------------------------------------
   Max    0.005960
   Res    0.001436    sqrt( Sum f_i^2 / 3N )
----------------------------------------
   Max    0.005960    constrained

Stress tensor Voigt[x,y,z,yz,xz,xy] (kbar):        0.01        0.01        0.06        0.00        0.00        0.00
(Free)E + p*V (eV/cell)    -1617.4474
Target enthalpy (eV/cell)    -1617.4377

siesta: Stress tensor (static) (eV/Ang**3):
         0.000004    0.000000    0.000001
         0.000000    0.000004    0.000000
         0.000001    0.000000    0.000037

siesta: Pressure (static):         -0.02393570  kBar

siesta: Stress tensor (total) (eV/Ang**3):
         0.000004    0.000000    0.000001
         0.000000    0.000004    0.000000
         0.000001    0.000000    0.000037

siesta: Pressure (total):         -0.02393570  kBar

                     ====================================
                        Begin CG opt. move =     40
                     ====================================
 Kpoints in:          325 . Kpoints trimmed:          313

siesta: k-grid: Number of k-points = 313
siesta: k-points from Monkhorst-Pack grid
siesta: k-cutoff (effective) =    25.000 Ang
siesta: k-point supercell and displacements
siesta: k-grid:    25     0     0      0.000
siesta: k-grid:     0    25     0      0.000
siesta: k-grid:     0     0     1      0.000

superc: Internal auxiliary supercell:     7 x     7 x     1  =      49
superc: Number of atoms, orbitals, and projectors:    441   5733   2989

outcell: Unit cell vectors (Ang):
        1.932093    3.346531    0.000000
        3.864227   -0.000024    0.000000
        0.000000    0.000000   50.000000

outcell: Cell vector modules (Ang)   :    3.864227    3.864227   50.000000
outcell: Cell angles (23,13,12) (deg):     90.0000     90.0000     60.0007
outcell: Cell volume (Ang**3)        :    646.5901
<dSpData1D:S at geom step 40
  <sparsity:sparsity for geom step 40
    nrows_g=117 nrows=117 sparsity=7.4772 nnzs=102355, refcount: 7>
  <dData1D:(new from dSpData1D) n=102355, refcount: 1>
refcount: 1>
new_DM -- step:    41
Re-using DM from previous geometries...
Number of DMs in history: 1
 DM extrapolation coefficients: 
1   1.00000
New DM after history re-use:
<dSpData2D:SpM extrapolated using coords
  <sparsity:sparsity for geom step 40
    nrows_g=117 nrows=117 sparsity=7.4772 nnzs=102355, refcount: 9>
  <dData2D:(temp array for extrapolation) n=102355 m=1, refcount: 1>
refcount: 1>
No. of atoms with KB's overlaping orbs in proc 0. Max # of overlaps:      72     287

InitMesh: MESH = 30 x 30 x 432 = 388800
InitMesh: Mesh cutoff (required, used) =   200.000   206.314 Ry
New grid distribution [1]: sub = 2

        iscf     Eharris(eV)        E_KS(eV)     FreeEng(eV)     dDmax    Ef(eV) dHmax(eV)
   scf:    1    -1617.437071    -1617.437710    -1617.437710  0.000490 -4.530160  0.028241
   scf:    2    -1617.436543    -1617.437346    -1617.437346  0.002667 -4.530683  0.142037
   scf:    3    -1617.437776    -1617.437721    -1617.437721  0.002261 -4.530362  0.002947
   scf:    4    -1617.437721    -1617.437721    -1617.437721  0.000030 -4.530394  0.001465
   scf:    5    -1617.437721    -1617.437721    -1617.437721  0.000031 -4.530263  0.000848

SCF Convergence by DM+H criterion
max |DM_out - DM_in|         :     0.0000310729
max |H_out - H_in|      (eV) :     0.0008480270
SCF cycle converged after 5 iterations

Using DM_out to compute the final energy and forces
No. of atoms with KB's overlaping orbs in proc 0. Max # of overlaps:      72     287

siesta: E_KS(eV) =            -1617.4377

siesta: Atomic forces (eV/Ang):
----------------------------------------
   Tot    0.000054    0.000031   -0.001377
----------------------------------------
   Max    0.002720
   Res    0.000808    sqrt( Sum f_i^2 / 3N )
----------------------------------------
   Max    0.002720    constrained

Stress tensor Voigt[x,y,z,yz,xz,xy] (kbar):        0.00        0.00        0.06        0.00        0.00        0.00
(Free)E + p*V (eV/cell)    -1617.4461
Target enthalpy (eV/cell)    -1617.4377

siesta: Stress tensor (static) (eV/Ang**3):
         0.000002    0.000001    0.000002
         0.000001    0.000001    0.000001
         0.000002    0.000001    0.000036

siesta: Pressure (static):         -0.02081572  kBar

siesta: Stress tensor (total) (eV/Ang**3):
         0.000002    0.000001    0.000002
         0.000001    0.000001    0.000001
         0.000002    0.000001    0.000036

siesta: Pressure (total):         -0.02081572  kBar

cgvc: Finished line minimization   15.  Mean atomic displacement =    0.0006

                     ====================================
                        Begin CG opt. move =     41
                     ====================================
 Kpoints in:          325 . Kpoints trimmed:          313

siesta: k-grid: Number of k-points = 313
siesta: k-points from Monkhorst-Pack grid
siesta: k-cutoff (effective) =    25.000 Ang
siesta: k-point supercell and displacements
siesta: k-grid:    25     0     0      0.000
siesta: k-grid:     0    25     0      0.000
siesta: k-grid:     0     0     1      0.000

superc: Internal auxiliary supercell:     7 x     7 x     1  =      49
superc: Number of atoms, orbitals, and projectors:    441   5733   2989

outcell: Unit cell vectors (Ang):
        1.932079    3.346598    0.000000
        3.864279   -0.000070    0.000000
        0.000000    0.000000   50.000000

outcell: Cell vector modules (Ang)   :    3.864279    3.864279   50.000000
outcell: Cell angles (23,13,12) (deg):     90.0000     90.0000     60.0021
outcell: Cell volume (Ang**3)        :    646.6161
<dSpData1D:S at geom step 41
  <sparsity:sparsity for geom step 41
    nrows_g=117 nrows=117 sparsity=7.4772 nnzs=102355, refcount: 7>
  <dData1D:(new from dSpData1D) n=102355, refcount: 1>
refcount: 1>
new_DM -- step:    42
Re-using DM from previous geometries...
Number of DMs in history: 1
 DM extrapolation coefficients: 
1   1.00000
New DM after history re-use:
<dSpData2D:SpM extrapolated using coords
  <sparsity:sparsity for geom step 41
    nrows_g=117 nrows=117 sparsity=7.4772 nnzs=102355, refcount: 9>
  <dData2D:(temp array for extrapolation) n=102355 m=1, refcount: 1>
refcount: 1>
No. of atoms with KB's overlaping orbs in proc 0. Max # of overlaps:      72     287

InitMesh: MESH = 30 x 30 x 432 = 388800
InitMesh: Mesh cutoff (required, used) =   200.000   206.314 Ry
New grid distribution [1]: sub = 2

        iscf     Eharris(eV)        E_KS(eV)     FreeEng(eV)     dDmax    Ef(eV) dHmax(eV)
   scf:    1    -1617.438272    -1617.437695    -1617.437695  0.000813 -4.531051  0.042762
   scf:    2    -1617.434441    -1617.436673    -1617.436673  0.003770 -4.527545  0.260173
   scf:    3    -1617.437854    -1617.437721    -1617.437722  0.003210 -4.530598  0.006087
   scf:    4    -1617.437722    -1617.437722    -1617.437722  0.000047 -4.530672  0.003868
   scf:    5    -1617.437722    -1617.437722    -1617.437722  0.000081 -4.530787  0.001177
   scf:    6    -1617.437722    -1617.437722    -1617.437722  0.000013 -4.530809  0.000841

SCF Convergence by DM+H criterion
max |DM_out - DM_in|         :     0.0000126608
max |H_out - H_in|      (eV) :     0.0008405431
SCF cycle converged after 6 iterations

Using DM_out to compute the final energy and forces
No. of atoms with KB's overlaping orbs in proc 0. Max # of overlaps:      72     287

siesta: E_KS(eV) =            -1617.4377

siesta: Atomic forces (eV/Ang):
----------------------------------------
   Tot    0.000065    0.000038   -0.001286
----------------------------------------
   Max    0.001124
   Res    0.000497    sqrt( Sum f_i^2 / 3N )
----------------------------------------
   Max    0.001124    constrained

Stress tensor Voigt[x,y,z,yz,xz,xy] (kbar):        0.01        0.01        0.03        0.00        0.00       -0.00
(Free)E + p*V (eV/cell)    -1617.4448
Target enthalpy (eV/cell)    -1617.4377

siesta: Stress tensor (static) (eV/Ang**3):
         0.000005   -0.000001    0.000000
        -0.000001    0.000006    0.000000
         0.000000    0.000000    0.000022

siesta: Pressure (static):         -0.01748264  kBar

siesta: Stress tensor (total) (eV/Ang**3):
         0.000005   -0.000001    0.000000
        -0.000001    0.000006    0.000000
         0.000000    0.000000    0.000022

siesta: Pressure (total):         -0.01748264  kBar

                     ====================================
                        Begin CG opt. move =     42
                     ====================================
 Kpoints in:          325 . Kpoints trimmed:          313

siesta: k-grid: Number of k-points = 313
siesta: k-points from Monkhorst-Pack grid
siesta: k-cutoff (effective) =    25.000 Ang
siesta: k-point supercell and displacements
siesta: k-grid:    25     0     0      0.000
siesta: k-grid:     0    25     0      0.000
siesta: k-grid:     0     0     1      0.000

superc: Internal auxiliary supercell:     7 x     7 x     1  =      49
superc: Number of atoms, orbitals, and projectors:    441   5733   2989

outcell: Unit cell vectors (Ang):
        1.932083    3.346579    0.000000
        3.864264   -0.000056    0.000000
        0.000000    0.000000   50.000000

outcell: Cell vector modules (Ang)   :    3.864264    3.864264   50.000000
outcell: Cell angles (23,13,12) (deg):     90.0000     90.0000     60.0017
outcell: Cell volume (Ang**3)        :    646.6086
<dSpData1D:S at geom step 42
  <sparsity:sparsity for geom step 42
    nrows_g=117 nrows=117 sparsity=7.4772 nnzs=102355, refcount: 7>
  <dData1D:(new from dSpData1D) n=102355, refcount: 1>
refcount: 1>
new_DM -- step:    43
Re-using DM from previous geometries...
Number of DMs in history: 1
 DM extrapolation coefficients: 
1   1.00000
New DM after history re-use:
<dSpData2D:SpM extrapolated using coords
  <sparsity:sparsity for geom step 42
    nrows_g=117 nrows=117 sparsity=7.4772 nnzs=102355, refcount: 9>
  <dData2D:(temp array for extrapolation) n=102355 m=1, refcount: 1>
refcount: 1>
No. of atoms with KB's overlaping orbs in proc 0. Max # of overlaps:      72     287

InitMesh: MESH = 30 x 30 x 432 = 388800
InitMesh: Mesh cutoff (required, used) =   200.000   206.314 Ry
New grid distribution [1]: sub = 2

        iscf     Eharris(eV)        E_KS(eV)     FreeEng(eV)     dDmax    Ef(eV) dHmax(eV)
   scf:    1    -1617.437532    -1617.437720    -1617.437720  0.000251 -4.530566  0.012699
   scf:    2    -1617.437452    -1617.437636    -1617.437636  0.000985 -4.531976  0.076114
   scf:    3    -1617.437733    -1617.437722    -1617.437722  0.000841 -4.530813  0.001552
   scf:    4    -1617.437722    -1617.437722    -1617.437722  0.000013 -4.530742  0.001115
   scf:    5    -1617.437722    -1617.437722    -1617.437722  0.000029 -4.530655  0.000360

SCF Convergence by DM+H criterion
max |DM_out - DM_in|         :     0.0000287537
max |H_out - H_in|      (eV) :     0.0003601097
SCF cycle converged after 5 iterations

Using DM_out to compute the final energy and forces
No. of atoms with KB's overlaping orbs in proc 0. Max # of overlaps:      72     287

siesta: E_KS(eV) =            -1617.4377

siesta: Atomic forces (eV/Ang):
----------------------------------------
   Tot    0.000030    0.000017   -0.001306
----------------------------------------
   Max    0.000582
   Res    0.000260    sqrt( Sum f_i^2 / 3N )
----------------------------------------
   Max    0.000582    constrained

Stress tensor Voigt[x,y,z,yz,xz,xy] (kbar):        0.01        0.01        0.04        0.00        0.00       -0.00
(Free)E + p*V (eV/cell)    -1617.4456
Target enthalpy (eV/cell)    -1617.4377

siesta: Stress tensor (static) (eV/Ang**3):
         0.000005   -0.000000    0.000001
        -0.000000    0.000005    0.000000
         0.000001    0.000000    0.000027

siesta: Pressure (static):         -0.01955953  kBar

siesta: Stress tensor (total) (eV/Ang**3):
         0.000005   -0.000000    0.000001
        -0.000000    0.000005    0.000000
         0.000001    0.000000    0.000027

siesta: Pressure (total):         -0.01955953  kBar

outcoor: Relaxed atomic coordinates (Ang):                  
    1.93126588    1.11501663    0.29000549   2       1  Se
   -0.00095648   -0.00055253    1.55087740   1       2  In
    3.86358137    2.23063958    3.15104086   2       3  Se
    3.86530587    2.23163520    5.55581764   1       4  In
    1.93316387    1.11611250    6.74888564   2       5  Se
    3.86427538    2.23104027   10.33212854   2       6  Se
    1.93211433    1.11550662   11.55658678   1       7  In
    1.93184441    1.11535078   14.34864746   1       8  In
    3.86397632    2.23086765   15.56635098   2       9  Se

outcell: Unit cell vectors (Ang):
        1.932083    3.346579    0.000000
        3.864264   -0.000056    0.000000
        0.000000    0.000000   50.000000

outcell: Cell vector modules (Ang)   :    3.864264    3.864264   50.000000
outcell: Cell angles (23,13,12) (deg):     90.0000     90.0000     60.0017
outcell: Cell volume (Ang**3)        :    646.6086
Computing bands...

diag: Algorithm                                     = D&C
diag: Used triangular part                          = Lower
diag: Absolute tolerance                            =  0.100E-15
diag: Orthogonalization factor                      =  0.100E-05
diag: Memory factor                                 =  1.0000

siesta: Band k vectors (Bohr**-1):
  ik            k
   1     0.000000     0.000000     0.000000
   2     0.005380    -0.000000     0.000000
   3     0.010760    -0.000001     0.000000
   4     0.016140    -0.000001     0.000000
   5     0.021520    -0.000002     0.000000
   6     0.026900    -0.000002     0.000000
   7     0.032280    -0.000003     0.000000
   8     0.037661    -0.000003     0.000000
   9     0.043041    -0.000004     0.000000
  10     0.048421    -0.000004     0.000000
  11     0.053801    -0.000005     0.000000
  12     0.059181    -0.000005     0.000000
  13     0.064561    -0.000006     0.000000
  14     0.069941    -0.000006     0.000000
  15     0.075321    -0.000007     0.000000
  16     0.080701    -0.000007     0.000000
  17     0.086081    -0.000008     0.000000
  18     0.091461    -0.000008     0.000000
  19     0.096841    -0.000009     0.000000
  20     0.102221    -0.000009     0.000000
  21     0.107602    -0.000010     0.000000
  22     0.112982    -0.000010     0.000000
  23     0.118362    -0.000011     0.000000
  24     0.123742    -0.000011     0.000000
  25     0.129122    -0.000012     0.000000
  26     0.134502    -0.000012     0.000000
  27     0.139882    -0.000013     0.000000
  28     0.145262    -0.000013     0.000000
  29     0.150642    -0.000014     0.000000
  30     0.156022    -0.000014     0.000000
  31     0.161402    -0.000015     0.000000
  32     0.166782    -0.000015     0.000000
  33     0.172162    -0.000016     0.000000
  34     0.177543    -0.000016     0.000000
  35     0.182923    -0.000017     0.000000
  36     0.188303    -0.000017     0.000000
  37     0.193683    -0.000017     0.000000
  38     0.199063    -0.000018     0.000000
  39     0.204443    -0.000018     0.000000
  40     0.209823    -0.000019     0.000000
  41     0.215203    -0.000019     0.000000
  42     0.220583    -0.000020     0.000000
  43     0.225963    -0.000020     0.000000
  44     0.231343    -0.000021     0.000000
  45     0.236723    -0.000021     0.000000
  46     0.242103    -0.000022     0.000000
  47     0.247484    -0.000022     0.000000
  48     0.252864    -0.000023     0.000000
  49     0.258244    -0.000023     0.000000
  50     0.263624    -0.000024     0.000000
  51     0.269004    -0.000024     0.000000
  52     0.274384    -0.000025     0.000000
  53     0.279764    -0.000025     0.000000
  54     0.285144    -0.000026     0.000000
  55     0.290524    -0.000026     0.000000
  56     0.295904    -0.000027     0.000000
  57     0.301284    -0.000027     0.000000
  58     0.306664    -0.000028     0.000000
  59     0.312044    -0.000028     0.000000
  60     0.317424    -0.000029     0.000000
  61     0.322805    -0.000029     0.000000
  62     0.328185    -0.000030     0.000000
  63     0.333565    -0.000030     0.000000
  64     0.338945    -0.000031     0.000000
  65     0.344325    -0.000031     0.000000
  66     0.349705    -0.000032     0.000000
  67     0.355085    -0.000032     0.000000
  68     0.360465    -0.000033     0.000000
  69     0.365845    -0.000033     0.000000
  70     0.371225    -0.000034     0.000000
  71     0.376605    -0.000034     0.000000
  72     0.381985    -0.000034     0.000000
  73     0.387365    -0.000035     0.000000
  74     0.392746    -0.000035     0.000000
  75     0.398126    -0.000036     0.000000
  76     0.403506    -0.000036     0.000000
  77     0.408886    -0.000037     0.000000
  78     0.414266    -0.000037     0.000000
  79     0.419646    -0.000038     0.000000
  80     0.425026    -0.000038     0.000000
  81     0.430406    -0.000039     0.000000
  82     0.435786    -0.000039     0.000000
  83     0.441166    -0.000040     0.000000
  84     0.446546    -0.000040     0.000000
  85     0.451926    -0.000041     0.000000
  86     0.457306    -0.000041     0.000000
  87     0.462687    -0.000042     0.000000
  88     0.468067    -0.000042     0.000000
  89     0.473447    -0.000043     0.000000
  90     0.478827    -0.000043     0.000000
  91     0.484207    -0.000044     0.000000
  92     0.489587    -0.000044     0.000000
  93     0.494967    -0.000045     0.000000
  94     0.500347    -0.000045     0.000000
  95     0.505727    -0.000046     0.000000
  96     0.511107    -0.000046     0.000000
  97     0.516487    -0.000047     0.000000
  98     0.521867    -0.000047     0.000000
  99     0.527247    -0.000048     0.000000
 100     0.532628    -0.000048     0.000000
 101     0.538008    -0.000049     0.000000
 102     0.536662     0.002281     0.000000
 103     0.535317     0.004611     0.000000
 104     0.533972     0.006941     0.000000
 105     0.532627     0.009271     0.000000
 106     0.531282     0.011601     0.000000
 107     0.529936     0.013931     0.000000
 108     0.528591     0.016262     0.000000
 109     0.527246     0.018592     0.000000
 110     0.525901     0.020922     0.000000
 111     0.524555     0.023252     0.000000
 112     0.523210     0.025582     0.000000
 113     0.521865     0.027912     0.000000
 114     0.520520     0.030242     0.000000
 115     0.519175     0.032572     0.000000
 116     0.517829     0.034902     0.000000
 117     0.516484     0.037232     0.000000
 118     0.515139     0.039562     0.000000
 119     0.513794     0.041892     0.000000
 120     0.512448     0.044222     0.000000
 121     0.511103     0.046552     0.000000
 122     0.509758     0.048882     0.000000
 123     0.508413     0.051212     0.000000
 124     0.507068     0.053542     0.000000
 125     0.505722     0.055872     0.000000
 126     0.504377     0.058202     0.000000
 127     0.503032     0.060532     0.000000
 128     0.501687     0.062862     0.000000
 129     0.500342     0.065192     0.000000
 130     0.498996     0.067522     0.000000
 131     0.497651     0.069852     0.000000
 132     0.496306     0.072182     0.000000
 133     0.494961     0.074512     0.000000
 134     0.493615     0.076842     0.000000
 135     0.492270     0.079172     0.000000
 136     0.490925     0.081502     0.000000
 137     0.489580     0.083832     0.000000
 138     0.488235     0.086162     0.000000
 139     0.486889     0.088492     0.000000
 140     0.485544     0.090822     0.000000
 141     0.484199     0.093152     0.000000
 142     0.482854     0.095482     0.000000
 143     0.481508     0.097812     0.000000
 144     0.480163     0.100142     0.000000
 145     0.478818     0.102472     0.000000
 146     0.477473     0.104802     0.000000
 147     0.476128     0.107132     0.000000
 148     0.474782     0.109462     0.000000
 149     0.473437     0.111792     0.000000
 150     0.472092     0.114122     0.000000
 151     0.470747     0.116452     0.000000
 152     0.469402     0.118782     0.000000
 153     0.468056     0.121112     0.000000
 154     0.466711     0.123442     0.000000
 155     0.465366     0.125772     0.000000
 156     0.464021     0.128102     0.000000
 157     0.462675     0.130432     0.000000
 158     0.461330     0.132762     0.000000
 159     0.459985     0.135092     0.000000
 160     0.458640     0.137422     0.000000
 161     0.457295     0.139752     0.000000
 162     0.455949     0.142082     0.000000
 163     0.454604     0.144412     0.000000
 164     0.453259     0.146742     0.000000
 165     0.451914     0.149072     0.000000
 166     0.450568     0.151402     0.000000
 167     0.449223     0.153732     0.000000
 168     0.447878     0.156062     0.000000
 169     0.446533     0.158392     0.000000
 170     0.445188     0.160722     0.000000
 171     0.443842     0.163052     0.000000
 172     0.442497     0.165382     0.000000
 173     0.441152     0.167712     0.000000
 174     0.439807     0.170042     0.000000
 175     0.438462     0.172372     0.000000
 176     0.437116     0.174702     0.000000
 177     0.435771     0.177032     0.000000
 178     0.434426     0.179362     0.000000
 179     0.433081     0.181692     0.000000
 180     0.431735     0.184022     0.000000
 181     0.430390     0.186352     0.000000
 182     0.429045     0.188682     0.000000
 183     0.427700     0.191012     0.000000
 184     0.426355     0.193342     0.000000
 185     0.425009     0.195672     0.000000
 186     0.423664     0.198002     0.000000
 187     0.422319     0.200332     0.000000
 188     0.420974     0.202663     0.000000
 189     0.419628     0.204993     0.000000
 190     0.418283     0.207323     0.000000
 191     0.416938     0.209653     0.000000
 192     0.415593     0.211983     0.000000
 193     0.414248     0.214313     0.000000
 194     0.412902     0.216643     0.000000
 195     0.411557     0.218973     0.000000
 196     0.410212     0.221303     0.000000
 197     0.408867     0.223633     0.000000
 198     0.407522     0.225963     0.000000
 199     0.406176     0.228293     0.000000
 200     0.404831     0.230623     0.000000
 201     0.403486     0.232953     0.000000
 202     0.399451     0.230623     0.000000
 203     0.395416     0.228294     0.000000
 204     0.391381     0.225964     0.000000
 205     0.387346     0.223635     0.000000
 206     0.383312     0.221305     0.000000
 207     0.379277     0.218976     0.000000
 208     0.375242     0.216646     0.000000
 209     0.371207     0.214316     0.000000
 210     0.367172     0.211987     0.000000
 211     0.363137     0.209657     0.000000
 212     0.359102     0.207328     0.000000
 213     0.355068     0.204998     0.000000
 214     0.351033     0.202669     0.000000
 215     0.346998     0.200339     0.000000
 216     0.342963     0.198010     0.000000
 217     0.338928     0.195680     0.000000
 218     0.334893     0.193351     0.000000
 219     0.330858     0.191021     0.000000
 220     0.326824     0.188692     0.000000
 221     0.322789     0.186362     0.000000
 222     0.318754     0.184033     0.000000
 223     0.314719     0.181703     0.000000
 224     0.310684     0.179374     0.000000
 225     0.306649     0.177044     0.000000
 226     0.302614     0.174714     0.000000
 227     0.298580     0.172385     0.000000
 228     0.294545     0.170055     0.000000
 229     0.290510     0.167726     0.000000
 230     0.286475     0.165396     0.000000
 231     0.282440     0.163067     0.000000
 232     0.278405     0.160737     0.000000
 233     0.274370     0.158408     0.000000
 234     0.270336     0.156078     0.000000
 235     0.266301     0.153749     0.000000
 236     0.262266     0.151419     0.000000
 237     0.258231     0.149090     0.000000
 238     0.254196     0.146760     0.000000
 239     0.250161     0.144431     0.000000
 240     0.246126     0.142101     0.000000
 241     0.242092     0.139772     0.000000
 242     0.238057     0.137442     0.000000
 243     0.234022     0.135113     0.000000
 244     0.229987     0.132783     0.000000
 245     0.225952     0.130453     0.000000
 246     0.221917     0.128124     0.000000
 247     0.217882     0.125794     0.000000
 248     0.213848     0.123465     0.000000
 249     0.209813     0.121135     0.000000
 250     0.205778     0.118806     0.000000
 251     0.201743     0.116476     0.000000
 252     0.197708     0.114147     0.000000
 253     0.193673     0.111817     0.000000
 254     0.189638     0.109488     0.000000
 255     0.185604     0.107158     0.000000
 256     0.181569     0.104829     0.000000
 257     0.177534     0.102499     0.000000
 258     0.173499     0.100170     0.000000
 259     0.169464     0.097840     0.000000
 260     0.165429     0.095511     0.000000
 261     0.161394     0.093181     0.000000
 262     0.157359     0.090852     0.000000
 263     0.153325     0.088522     0.000000
 264     0.149290     0.086192     0.000000
 265     0.145255     0.083863     0.000000
 266     0.141220     0.081533     0.000000
 267     0.137185     0.079204     0.000000
 268     0.133150     0.076874     0.000000
 269     0.129115     0.074545     0.000000
 270     0.125081     0.072215     0.000000
 271     0.121046     0.069886     0.000000
 272     0.117011     0.067556     0.000000
 273     0.112976     0.065227     0.000000
 274     0.108941     0.062897     0.000000
 275     0.104906     0.060568     0.000000
 276     0.100871     0.058238     0.000000
 277     0.096837     0.055909     0.000000
 278     0.092802     0.053579     0.000000
 279     0.088767     0.051250     0.000000
 280     0.084732     0.048920     0.000000
 281     0.080697     0.046591     0.000000
 282     0.076662     0.044261     0.000000
 283     0.072627     0.041931     0.000000
 284     0.068593     0.039602     0.000000
 285     0.064558     0.037272     0.000000
 286     0.060523     0.034943     0.000000
 287     0.056488     0.032613     0.000000
 288     0.052453     0.030284     0.000000
 289     0.048418     0.027954     0.000000
 290     0.044383     0.025625     0.000000
 291     0.040349     0.023295     0.000000
 292     0.036314     0.020966     0.000000
 293     0.032279     0.018636     0.000000
 294     0.028244     0.016307     0.000000
 295     0.024209     0.013977     0.000000
 296     0.020174     0.011648     0.000000
 297     0.016139     0.009318     0.000000
 298     0.012105     0.006989     0.000000
 299     0.008070     0.004659     0.000000
 300     0.004035     0.002330     0.000000
 301     0.000000     0.000000     0.000000

siesta: Band energies (eV):
  ik is       eps
   1  1  -18.7331  -18.5586  -18.4927  -17.6915  -16.2727  -11.1322  -10.6930   -9.2019   -8.4229   -7.0717
          -7.0714   -6.9173   -6.9170   -6.8703   -6.8699   -6.2590   -5.7563   -5.5027   -5.5027   -4.9305
   -4.9303   -3.1283   -2.7738   -2.1721   -1.3988   -0.4680   -0.4677   -0.4461   -0.0166   -0.0162
    0.1399    0.3400    0.5381    0.5384    1.4076    1.4082    3.8708    3.8716    4.1407    4.1546
    4.1553    4.4169    4.6610    4.6618    4.8287    5.7474    5.7479    6.5262    6.5268    6.6863
    6.8661    6.8696    8.3024    8.5108    8.5138    8.9930    9.3520   10.1255   10.2905   10.2908
   10.8292   11.4651   11.5787   11.5795   11.5827   13.4549   13.9743   13.9758   14.6229   14.8055
   14.8079   17.1128   17.1131   17.9608   17.9656   17.9973   20.0945   20.0951   20.1540   20.7218
   23.1117   23.1137   24.2145   24.8650   24.8655   26.0475   27.7647   27.8362   27.8508   28.9985
   29.8504   29.8537   30.9267   32.2936   32.2939   32.7217   32.7316   35.2493   35.2519   37.0633
   37.0695   38.7311   38.7330   39.7525   41.9898   42.3298   42.5856   42.5929   44.1341   46.4011
   50.3856   51.4045   51.4096   55.2875   55.2901   63.8113   63.8135
   2  1  -18.7329  -18.5584  -18.4925  -17.6914  -16.2726  -11.1320  -10.6929   -9.2017   -8.4230   -7.0735
          -7.0720   -6.9193   -6.9176   -6.8721   -6.8705   -6.2584   -5.7569   -5.5038   -5.5034   -4.9321
   -4.9304   -3.1264   -2.7720   -2.1702   -1.3974   -0.4696   -0.4674   -0.4443   -0.0192   -0.0157
    0.1398    0.3415    0.5378    0.5392    1.4079    1.4087    3.8672    3.8699    4.1351    4.1553
    4.1563    4.4130    4.6595    4.6610    4.8211    5.7464    5.7471    6.5271    6.5281    6.6908
    6.8673    6.8710    8.2903    8.5128    8.5217    8.9907    9.3526   10.1238   10.2785   10.2921
   10.8373   11.4577   11.5412   11.5808   11.6190   13.4463   13.9688   13.9704   14.6136   14.8048
   14.8075   17.1111   17.1116   17.9304   17.9632   18.0274   20.0812   20.0933   20.1457   20.7133
   23.0978   23.1037   24.2090   24.8481   24.8622   26.0170   27.6278   27.8375   27.9777   29.0180
   29.8481   29.8575   30.8569   32.2909   32.3631   32.7287   32.7444   35.2043   35.2572   37.0683
   37.0755   38.6516   38.7494   39.8857   41.9970   42.3469   42.5889   42.6156   44.1414   46.4369
   50.3857   51.4106   51.4166   55.2856   55.2930   63.8079   63.8108
   3  1  -18.7324  -18.5579  -18.4918  -17.6908  -16.2722  -11.1314  -10.6924   -9.2013   -8.4231   -7.0795
          -7.0732   -6.9260   -6.9187   -6.8784   -6.8716   -6.2568   -5.7590   -5.5071   -5.5053   -4.9371
   -4.9302   -3.1207   -2.7665   -2.1646   -1.3930   -0.4748   -0.4659   -0.4390   -0.0276   -0.0133
    0.1392    0.3457    0.5364    0.5421    1.4078    1.4111    3.8548    3.8661    4.1217    4.1556
    4.1577    4.4014    4.6547    4.6589    4.7990    5.7424    5.7452    6.5276    6.5332    6.7046
    6.8708    6.8751    8.2590    8.5127    8.5466    8.9841    9.3546   10.1185   10.2444   10.2966
   10.8583   11.4365   11.5039   11.5842   11.6534   13.4210   13.9501   13.9571   14.5882   14.7992
   14.8087   17.1053   17.1076   17.8787   17.9667   18.0672   20.0281   20.0883   20.1341   20.6891
   23.0515   23.0791   24.1920   24.7977   24.8537   25.9318   27.4899   27.8306   28.0747   29.0761
   29.8285   29.8767   30.7393   32.2793   32.4161   32.7315   32.8834   35.0790   35.2788   37.0839
   37.0945   38.5091   38.8022   40.1730   42.0217   42.4008   42.5947   42.6802   44.1629   46.5437
   50.3861   51.4284   51.4381   55.2750   55.3069   63.7948   63.8063
   4  1  -18.7316  -18.5571  -18.4908  -17.6899  -16.2715  -11.1304  -10.6916   -9.2006   -8.4232   -7.0895
          -7.0751   -6.9370   -6.9206   -6.8888   -6.8735   -6.2542   -5.7626   -5.5123   -5.5086   -4.9454
   -4.9300   -3.1113   -2.7575   -2.1553   -1.3857   -0.4836   -0.4633   -0.4304   -0.0411   -0.0094
    0.1382    0.3524    0.5341    0.5471    1.4076    1.4152    3.8341    3.8596    4.1031    4.1513
    4.1611    4.3826    4.6464    4.6553    4.7651    5.7356    5.7423    6.5253    6.5422    6.7284
    6.8766    6.8818    8.2167    8.5119    8.5787    8.9732    9.3585   10.1094   10.1947   10.3042
   10.8842   11.4052   11.4718   11.5899   11.6816   13.3807   13.9176   13.9384   14.5521   14.7877
   14.8103   17.0949   17.1011   17.8185   17.9727   18.1065   19.9281   20.0802   20.1274   20.6526
   22.9736   23.0416   24.1623   24.7190   24.8394   25.8083   27.3965   27.8187   28.0560   29.1457
   29.8069   29.9137   30.6957   32.2344   32.3602   32.7361   33.1555   34.9168   35.3155   37.1105
   37.1283   38.4056   38.8882   40.4836   42.0698   42.4962   42.6041   42.7685   44.1975   46.7182
   50.3869   51.4575   51.4746   55.2579   55.3302   63.7736   63.7992
   5  1  -18.7305  -18.5560  -18.4893  -17.6885  -16.2705  -11.1289  -10.6905   -9.1997   -8.4234   -7.1034
          -7.0778   -6.9521   -6.9232   -6.9031   -6.8760   -6.2508   -5.7678   -5.5192   -5.5133   -4.9567
   -4.9298   -3.0983   -2.7450   -2.1424   -1.3756   -0.4960   -0.4596   -0.4185   -0.0589   -0.0039
    0.1365    0.3608    0.5309    0.5541    1.4075    1.4210    3.8053    3.8500    4.0798    4.1425
    4.1659    4.3574    4.6345    4.6500    4.7235    5.7259    5.7382    6.5188    6.5547    6.7611
    6.8848    6.8912    8.1684    8.5100    8.6135    8.9583    9.3648   10.0956   10.1357   10.3147
   10.9057   11.3692   11.4487   11.5978   11.7019   13.3282   13.8723   13.9161   14.5110   14.7701
   14.8115   17.0791   17.0917   17.7494   17.9809   18.1443   19.7889   20.0690   20.1222   20.6076
   22.8653   22.9945   24.1176   24.6213   24.8194   25.6659   27.3425   27.7982   27.9178   29.1680
   29.8334   29.9842   30.7445   32.0975   32.3152   32.7479   33.4452   34.7684   35.3683   37.1465
   37.1781   38.3658   39.0056   40.7596   42.1444   42.6157   42.6368   42.8650   44.2438   46.9526
   50.3881   51.4979   51.5261   55.2358   55.3629   63.7464   63.7896
   6  1  -18.7290  -18.5545  -18.4875  -17.6868  -16.2692  -11.1271  -10.6891   -9.1984   -8.4237   -7.1211
          -7.0813   -6.9712   -6.9265   -6.9213   -6.8793   -6.2466   -5.7750   -5.5275   -5.5194   -4.9710
   -4.9297   -3.0818   -2.7292   -2.1260   -1.3629   -0.5118   -0.4549   -0.4035   -0.0804    0.0032
    0.1341    0.3705    0.5270    0.5632    1.4076    1.4285    3.7686    3.8366    4.0520    4.1289
    4.1718    4.3270    4.6182    4.6402    4.6813    5.7129    5.7329    6.5077    6.5705    6.7996
    6.8959    6.9038    8.1165    8.5066    8.6491    8.9403    9.3739   10.0644   10.0842   10.3283
   10.9156   11.3323   11.4401   11.6077   11.7125   13.2681   13.8163   13.8914   14.4690   14.7466
   14.8125   17.0570   17.0789   17.6714   17.9913   18.1794   19.6204   20.0549   20.1167   20.5567
   22.7297   22.9402   24.0549   24.5175   24.7934   25.5180   27.3124   27.6651   27.7983   29.1434
   29.8906   30.1093   30.8370   31.9090   32.2913   32.7725   33.6931   34.6755   35.4387   37.1897
   37.2441   38.3851   39.1534   40.9840   42.2416   42.6351   42.8092   42.9662   44.2998   47.2334
   50.3900   51.5493   51.5927   55.2101   55.4047   63.7150   63.7776
   7  1  -18.7270  -18.5526  -18.4851  -17.6846  -16.2677  -11.1248  -10.6874   -9.1969   -8.4241   -7.1424
          -7.0856   -6.9939   -6.9431   -6.9306   -6.8833   -6.2420   -5.7843   -5.5367   -5.5270   -4.9879
   -4.9297   -3.0620   -2.7101   -2.1062   -1.3476   -0.5312   -0.4492   -0.3859   -0.1047    0.0118
    0.1309    0.3808    0.5222    0.5745    1.4080    1.4376    3.7242    3.8188    4.0200    4.1106
    4.1784    4.2934    4.5934    4.6171    4.6555    5.6965    5.7264    6.4928    6.5894    6.8376
    6.9092    6.9237    8.0624    8.5011    8.6849    8.9203    9.3853    9.9994   10.0596   10.3447
   10.9108   11.2965   11.4500   11.6193   11.7130   13.2054   13.7518   13.8648   14.4294   14.7185
   14.8132   17.0273   17.0615   17.5857   18.0037   18.2102   19.4339   20.0378   20.1102   20.5019
   22.5721   22.8806   23.9724   24.4195   24.7614   25.3706   27.2697   27.4125   27.7738   29.1106
   29.9425   30.2650   30.9047   31.7561   32.2682   32.8141   33.8688   34.6617   35.5280   37.2373
   37.3282   38.4505   39.3317   41.1621   42.3506   42.6597   42.9644   43.1155   44.3647   47.5431
   50.3929   51.6116   51.6742   55.1828   55.4558   63.6815   63.7636
   8  1  -18.7247  -18.5503  -18.4824  -17.6821  -16.2658  -11.1221  -10.6853   -9.1952   -8.4245   -7.1673
          -7.0907   -7.0201   -6.9683   -6.9354   -6.8880   -6.2371   -5.7961   -5.5464   -5.5361   -5.0072
   -4.9300   -3.0389   -2.6880   -2.0831   -1.3298   -0.5542   -0.4424   -0.3662   -0.1307    0.0221
    0.1267    0.3914    0.5169    0.5882    1.4089    1.4485    3.6724    3.7957    3.9842    4.0875
    4.1847    4.2597    4.5536    4.5910    4.6453    5.6766    5.7187    6.4748    6.6109    6.8670
    6.9232    6.9580    8.0069    8.4932    8.7207    8.9000    9.3982    9.9316   10.0336   10.3639
   10.8938   11.2638   11.4772   11.6315   11.7047   13.1453   13.6809   13.8369   14.3940   14.6875
   14.8138   16.9882   17.0379   17.4956   18.0177   18.2348   19.2411   20.0176   20.1025   20.4449
   22.3980   22.8169   23.8724   24.3328   24.7228   25.2255   27.0516   27.3191   27.7572   29.0845
   29.9867   30.4032   30.8820   31.7263   32.2422   32.8744   33.9694   34.7205   35.6356   37.2868
   37.4344   38.5468   39.5414   41.3077   42.4567   42.6943   43.0539   43.3510   44.4394   47.8638
   50.3973   51.6842   51.7702   55.1559   55.5158   63.6477   63.7484
   9  1  -18.7219  -18.5476  -18.4793  -17.6790  -16.2636  -11.1190  -10.6830   -9.1932   -8.4251   -7.1955
          -7.0967   -7.0493   -6.9967   -6.9410   -6.8935   -6.2321   -5.8106   -5.5566   -5.5466   -5.0284
   -4.9307   -3.0130   -2.6631   -2.0571   -1.3099   -0.5806   -0.4346   -0.3456   -0.1570    0.0338
    0.1214    0.4017    0.5110    0.6042    1.4105    1.4611    3.6135    3.7669    3.9450    4.0600
    4.1864    4.2316    4.5084    4.5671    4.6387    5.6529    5.7096    6.4549    6.6346    6.8865
    6.9374    7.0059    7.9508    8.4827    8.7564    8.8808    9.4104    9.8653   10.0051   10.3859
   10.8698   11.2359   11.5166   11.6404   11.6937   13.0915   13.6050   13.8081   14.3640   14.6552
   14.8143   16.9362   17.0056   17.4072   18.0330   18.2509   19.0525   19.9942   20.0932   20.3874
   22.2132   22.7496   23.7608   24.2556   24.6770   25.0845   26.7705   27.2898   27.7493   29.0650
   30.0188   30.4746   30.8075   31.8268   32.2146   32.9510   34.0236   34.8157   35.7575   37.3368
   37.5690   38.6592   39.7820   41.4341   42.5433   42.7443   43.1255   43.6186   44.5279   48.1803
   50.4038   51.7666   51.8800   55.1315   55.5849   63.6149   63.7330
  10  1  -18.7187  -18.5445  -18.4757  -17.6756  -16.2612  -11.1154  -10.6804   -9.1909   -8.4258   -7.2268
          -7.1042   -7.0809   -7.0279   -6.9474   -6.8996   -6.2271   -5.8279   -5.5678   -5.5576   -5.0512
   -4.9319   -2.9843   -2.6356   -2.0282   -1.2880   -0.6103   -0.4258   -0.3268   -0.1807    0.0471
    0.1151    0.4115    0.5048    0.6227    1.4131    1.4754    3.5480    3.7322    3.9034    4.0288
    4.1714    4.2219    4.4648    4.5428    4.6330    5.6257    5.6992    6.4340    6.6603    6.9005
    6.9521    7.0612    7.8944    8.4696    8.7911    8.8643    9.4195    9.8022    9.9761   10.4106
   10.8440   11.2146   11.5608   11.6369   11.6944   13.0450   13.5260   13.7796   14.3401   14.6234
   14.8147   16.8653   16.9633   17.3288   18.0494   18.2566   18.8761   19.9675   20.0819   20.3319
   22.0227   22.6793   23.6438   24.1830   24.6231   24.9514   26.5057   27.2517   27.7524   29.0492
   30.0220   30.4438   30.7931   31.9929   32.1948   33.0389   34.0614   34.9134   35.8860   37.3873
   37.7379   38.7764   40.0503   41.5506   42.6022   42.8055   43.2064   43.8872   44.6382   48.4811
   50.4138   51.8577   52.0027   55.1118   55.6628   63.5835   63.7191
  11  1  -18.7151  -18.5409  -18.4717  -17.6717  -16.2584  -11.1114  -10.6775   -9.1884   -8.4266   -7.2612
          -7.1202   -7.1076   -7.0615   -6.9545   -6.9066   -6.2225   -5.8481   -5.5816   -5.5676   -5.0753
   -4.9336   -2.9531   -2.6056   -1.9967   -1.2642   -0.6432   -0.4160   -0.3163   -0.1952    0.0617
    0.1078    0.4205    0.4982    0.6438    1.4169    1.4914    3.4765    3.6922    3.8597    3.9948
    4.1436    4.2257    4.4254    4.5181    4.6279    5.5951    5.6873    6.4134    6.6876    6.9120
    6.9670    7.1196    7.8385    8.4542    8.8201    8.8555    9.4224    9.7435    9.9504   10.4378
   10.8198   11.2013   11.5870   11.6407   11.7100   13.0036   13.4466   13.7524   14.3227   14.5932
   14.8151   16.7689   16.9125   17.2672   18.0665   18.2505   18.7171   19.9372   20.0680   20.2810
   21.8304   22.6061   23.5256   24.1105   24.5604   24.8310   26.2655   27.2003   27.7655   29.0345
   29.9709   30.3952   30.8213   32.1035   32.2696   33.1332   34.0973   34.9974   36.0115   37.4388
   37.9453   38.8917   40.3383   41.6631   42.6416   42.8595   43.3141   44.1328   44.7834   48.7589
   50.4289   51.9565   52.1368   55.0989   55.7494   63.5530   63.7091
  12  1  -18.7109  -18.5368  -18.4672  -17.6673  -16.2553  -11.1070  -10.6743   -9.1858   -8.4277   -7.2983
          -7.1554   -7.1200   -7.0960   -6.9624   -6.9142   -6.2185   -5.8709   -5.5987   -5.5756   -5.1000
   -4.9359   -2.9196   -2.5736   -1.9629   -1.2389   -0.6791   -0.4053   -0.3225   -0.1921    0.0760
    0.1010    0.4284    0.4914    0.6674    1.4222    1.5093    3.3998    3.6484    3.8143    3.9590
    4.1127    4.2311    4.3916    4.4940    4.6231    5.5617    5.6738    6.3938    6.7163    6.9218
    6.9819    7.1791    7.7836    8.4366    8.8244    8.8724    9.4164    9.6901    9.9321   10.4673
   10.7993   11.1972   11.5733   11.6826   11.7332   12.9619   13.3722   13.7273   14.3116   14.5656
   14.8156   16.6464   16.8562   17.2227   18.0839   18.2321   18.5773   19.9032   20.0506   20.2374
   21.6392   22.5306   23.4086   24.0351   24.4900   24.7267   26.0495   27.1386   27.7853   29.0191
   29.8705   30.3864   30.8499   32.0945   32.4883   33.2317   34.1359   35.0627   36.1263   37.4920
   38.1903   39.0032   40.6337   41.7756   42.6723   42.8942   43.4586   44.3361   44.9748   49.0090
   50.4518   52.0616   52.2808   55.0946   55.8446   63.5222   63.7057
  13  1  -18.7063  -18.5322  -18.4624  -17.6624  -16.2520  -11.1022  -10.6708   -9.1829   -8.4290   -7.3381
          -7.1946   -7.1433   -7.1207   -6.9710   -6.9226   -6.2153   -5.8960   -5.6189   -5.5822   -5.1251
   -4.9389   -2.8842   -2.5397   -1.9271   -1.2123   -0.7176   -0.3940   -0.3443   -0.1722    0.0801
    0.1046    0.4353    0.4845    0.6938    1.4290    1.5290    3.3189    3.6025    3.7671    3.9218
    4.0798    4.2339    4.3643    4.4723    4.6188    5.5262    5.6587    6.3761    6.7461    6.9304
    6.9963    7.2385    7.7307    8.4173    8.8156    8.9022    9.4009    9.6420    9.9245   10.4989
   10.7836   11.2030   11.5540   11.7310   11.7624   12.9120   13.3098   13.7052   14.3063   14.5411
   14.8163   16.5034   16.7964   17.1910   18.1013   18.2028   18.4558   19.8658   20.0292   20.2031
   21.4510   22.4531   23.2941   23.9554   24.4150   24.6382   25.8546   27.0718   27.8081   29.0019
   29.7547   30.3980   30.8747   32.0743   32.7327   33.3373   34.1773   35.1088   36.2262   37.5475
   38.4652   39.1140   40.9204   41.8910   42.7008   42.9111   43.6431   44.4955   45.2073   49.2279
   50.4863   52.1715   52.4331   55.1009   55.9484   63.4896   63.7115
  14  1  -18.7012  -18.5272  -18.4571  -17.6571  -16.2483  -11.0970  -10.6671   -9.1799   -8.4305   -7.3801
          -7.2359   -7.1814   -7.1331   -6.9805   -6.9317   -6.2134   -5.9229   -5.6423   -5.5876   -5.1501
   -4.9426   -2.8469   -2.5041   -1.8895   -1.1847   -0.7586   -0.3863   -0.3702   -0.1433    0.0707
    0.1219    0.4410    0.4778    0.7228    1.4377    1.5505    3.2345    3.5561    3.7181    3.8834
    4.0445    4.2321    4.3425    4.4562    4.6147    5.4895    5.6420    6.3609    6.7767    6.9375
    7.0099    7.2969    7.6810    8.3964    8.8056    8.9311    9.3778    9.5995    9.9287   10.5325
   10.7733   11.2192   11.5395   11.7727   11.8011   12.8472   13.2657   13.6863   14.3066   14.5201
   14.8172   16.3475   16.7342   17.1674   18.1174   18.1662   18.3489   19.8253   20.0039   20.1781
   21.2669   22.3740   23.1829   23.8713   24.3400   24.5622   25.6773   27.0046   27.8310   28.9825
   29.6443   30.4090   30.8996   32.0614   32.9727   33.4606   34.2200   35.1371   36.3115   37.6055
   38.7507   39.2355   41.1808   42.0126   42.7319   42.9155   43.8700   44.6260   45.4605   49.4127
   50.5376   52.2845   52.5923   55.1191   56.0607   63.4542   63.7283
  15  1  -18.6956  -18.5217  -18.4514  -17.6514  -16.2443  -11.0915  -10.6631   -9.1767   -8.4324   -7.4244
          -7.2791   -7.2231   -7.1441   -6.9907   -6.9415   -6.2132   -5.9509   -5.6686   -5.5921   -5.1746
   -4.9470   -2.8081   -2.4672   -1.8505   -1.1563   -0.8015   -0.4125   -0.3650   -0.1099    0.0576
    0.1431    0.4455    0.4713    0.7545    1.4484    1.5739    3.1477    3.5103    3.6673    3.8439
    4.0063    4.2261    4.3223    4.4494    4.6109    5.4526    5.6236    6.3486    6.8080    6.9430
    7.0219    7.3536    7.6361    8.3745    8.7951    8.9560    9.3504    9.5633    9.9431   10.5676
   10.7691   11.2460   11.5317   11.8079   11.8470   12.7670   13.2406   13.6709   14.3119   14.5028
   14.8185   16.1850   16.6705   17.1488   18.1151   18.1431   18.2519   19.7825   19.9757   20.1611
   21.0879   22.2940   23.0752   23.7840   24.2670   24.4960   25.5146   26.9409   27.8520   28.9609
   29.5458   30.4112   30.9246   32.0632   33.1819   33.6230   34.2617   35.1496   36.3852   37.6660
   39.0052   39.3993   41.3981   42.1440   42.7695   42.9121   44.1408   44.7435   45.7161   49.5610
   50.6108   52.3988   52.7572   55.1505   56.1815   63.4156   63.7570
  16  1  -18.6895  -18.5157  -18.4452  -17.6451  -16.2400  -11.0855  -10.6589   -9.1735   -8.4347   -7.4705
          -7.3240   -7.2666   -7.1555   -7.0017   -6.9521   -6.2156   -5.9788   -5.6980   -5.5959   -5.1984
   -4.9523   -2.7681   -2.4292   -1.8105   -1.1276   -0.8461   -0.4484   -0.3513   -0.0747    0.0426
    0.1665    0.4487    0.4656    0.7889    1.4613    1.5992    3.0591    3.4660    3.6147    3.8034
    3.9653    4.2183    4.2994    4.4536    4.6075    5.4166    5.6035    6.3393    6.8399    6.9464
    7.0317    7.4068    7.5989    8.3520    8.7838    8.9759    9.3216    9.5349    9.9650   10.6037
   10.7717   11.2833   11.5313   11.8424   11.8932   12.6759   13.2299   13.6592   14.3218   14.4892
   14.8201   16.0207   16.6060   17.1331   18.0765   18.1443   18.1711   19.7380   19.9457   20.1494
   20.9143   22.2136   22.9709   23.6944   24.1953   24.4387   25.3643   26.8837   27.8700   28.9375
   29.4602   30.4042   30.9446   32.0861   33.3407   33.8414   34.2999   35.1487   36.4515   37.7291
   39.1812   39.6420   41.5610   42.2892   42.8163   42.9042   44.4480   44.8646   45.9622   49.6721
   50.7096   52.5126   52.9269   55.1960   56.3107   63.3741   63.7976
  17  1  -18.6829  -18.5092  -18.4387  -17.6385  -16.2355  -11.0792  -10.6545   -9.1702   -8.4374   -7.5185
          -7.3702   -7.3112   -7.1676   -7.0136   -6.9634   -6.2216   -6.0055   -5.7305   -5.5991   -5.2212
   -4.9584   -2.7270   -2.3903   -1.7697   -1.0990   -0.8917   -0.4857   -0.3363   -0.0392    0.0265
    0.1916    0.4493    0.4623    0.8260    1.4763    1.6265    2.9696    3.4236    3.5607    3.7618
    3.9217    4.2105    4.2727    4.4674    4.6044    5.3825    5.5818    6.3333    6.8720    6.9468
    7.0384    7.4523    7.5752    8.3295    8.7711    8.9902    9.2929    9.5155    9.9918   10.6401
   10.7821   11.3308   11.5376   11.8782   11.9369   12.5804   13.2280   13.6512   14.3362   14.4793
   14.8224   15.8584   16.5416   17.1194   18.0320   18.0702   18.1755   19.6926   19.9145   20.1406
   20.7468   22.1335   22.8694   23.6034   24.1228   24.3911   25.2250   26.8350   27.8841   28.9131
   29.3864   30.3907   30.9524   32.1354   33.4590   34.1031   34.3329   35.1371   36.5149   37.7946
   39.2960   39.9353   41.6679   42.4505   42.8716   42.8965   44.7438   45.0376   46.1928   49.7493
   50.8337   52.6243   53.1008   55.2558   56.4485   63.3301   63.8499
  18  1  -18.6759  -18.5023  -18.4317  -17.6313  -16.2306  -11.0725  -10.6499   -9.1668   -8.4407   -7.5679
          -7.4177   -7.3566   -7.1803   -7.0262   -6.9755   -6.2326   -6.0293   -5.7659   -5.6019   -5.2428
   -4.9653   -2.6850   -2.3508   -1.7288   -1.0713   -0.9373   -0.5233   -0.3207   -0.0086    0.0136
    0.2181    0.4463    0.4633    0.8658    1.4936    1.6556    2.8795    3.3833    3.5054    3.7194
    3.8762    4.2040    4.2431    4.4880    4.6018    5.3511    5.5585    6.3304    6.9043    6.9433
    7.0419    7.4786    7.5778    8.3076    8.7571    8.9993    9.2653    9.5055   10.0212   10.6759
   10.8013   11.3878   11.5497   11.9156   11.9773   12.4858   13.2302   13.6472   14.3548   14.4728
   14.8252   15.7008   16.4780   17.1068   17.9601   18.0170   18.1903   19.6464   19.8822   20.1319
   20.5866   22.0540   22.7699   23.5113   24.0472   24.3547   25.0960   26.7963   27.8942   28.8884
   29.3228   30.3738   30.9428   32.2129   33.5558   34.3365   34.4087   35.1179   36.5794   37.8624
   39.3850   40.2337   41.7258   42.6253   42.8863   42.9429   44.9263   45.3587   46.4049   49.7987
   50.9795   52.7325   53.2786   55.3299   56.5948   63.2839   63.9133
  19  1  -18.6684  -18.4949  -18.4243  -17.6238  -16.2255  -11.0655  -10.6451   -9.1636   -8.4445   -7.6188
          -7.4664   -7.4025   -7.1938   -7.0397   -6.9883   -6.2497   -6.0490   -5.8040   -5.6045   -5.2631
   -4.9730   -2.6424   -2.3110   -1.6882   -1.0476   -0.9799   -0.5606   -0.3045   -0.0153    0.0352
    0.2455    0.4416    0.4678    0.9081    1.5132    1.6867    2.7894    3.3450    3.4494    3.6763
    3.8292    4.1987    4.2119    4.5129    4.6002    5.3232    5.5338    6.3307    6.9335    6.9378
    7.0424    7.4836    7.6100    8.2870    8.7417    9.0042    9.2392    9.5035   10.0517   10.7107
   10.8298   11.4533   11.5667   11.9544   12.0138   12.3968   13.2334   13.6473   14.3775   14.4697
   14.8288   15.5500   16.4158   17.0949   17.8704   17.9861   18.2049   19.5997   19.8486   20.1182
   20.4375   21.9755   22.6713   23.4182   23.9673   24.3299   24.9772   26.7683   27.9001   28.8641
   29.2679   30.3558   30.9146   32.3169   33.6415   34.3580   34.6948   35.0950   36.6485   37.9325
   39.4636   40.5132   41.7455   42.7763   42.9239   43.0166   45.0374   45.7766   46.5987   49.8277
   51.1421   52.8362   53.4600   55.4177   56.7497   63.2361   63.9870
  20  1  -18.6605  -18.4871  -18.4165  -17.6157  -16.2201  -11.0581  -10.6401   -9.1604   -8.4491   -7.6708
          -7.5159   -7.4486   -7.2081   -7.0539   -7.0018   -6.2734   -6.0638   -5.8445   -5.6069   -5.2822
   -4.9816   -2.5994   -2.2710   -1.6485   -1.0498   -0.9973   -0.5971   -0.2880   -0.0349    0.0663
    0.2731    0.4366    0.4756    0.9530    1.5350    1.7197    2.6998    3.3085    3.3929    3.6327
    3.7813    4.1780    4.1964    4.5389    4.6014    5.2995    5.5080    6.3339    6.9199    6.9683
    7.0412    7.4851    7.6541    8.2685    8.7251    9.0061    9.2153    9.5076   10.0820   10.7448
   10.8672   11.5257   11.5877   11.9939   12.0461   12.3182   13.2352   13.6517   14.4041   14.4695
   14.8330   15.4077   16.3557   17.0835   17.7789   17.9625   18.2186   19.5524   19.8134   20.0874
   20.3107   21.8981   22.5728   23.3239   23.8831   24.3164   24.8690   26.7513   27.9017   28.8407
   29.2206   30.3379   30.8697   32.4426   33.7198   34.3548   34.9818   35.0854   36.7251   38.0048
   39.5377   40.7618   41.7374   42.8086   43.0696   43.1255   45.1294   46.2244   46.7803   49.8423
   51.3172   52.9350   53.6447   55.5180   56.9132   63.1872   64.0702
  21  1  -18.6520  -18.4788  -18.4083  -17.6073  -16.2144  -11.0505  -10.6350   -9.1573   -8.4545   -7.7238
          -7.5662   -7.4945   -7.2231   -7.0690   -7.0161   -6.3032   -6.0742   -5.8872   -5.6093   -5.3001
   -4.9911   -2.5562   -2.2311   -1.6108   -1.0874   -0.9800   -0.6321   -0.2714   -0.0564    0.0948
    0.2999    0.4320    0.4882    1.0003    1.5590    1.7545    2.6111    3.2737    3.3367    3.5887
    3.7329    4.1447    4.1942    4.5596    4.6112    5.2801    5.4813    6.3399    6.8993    6.9969
    7.0412    7.4917    7.7006    8.2529    8.7073    9.0064    9.1942    9.5155   10.1115   10.7794
   10.9119   11.5969   11.6174   12.0318   12.0731   12.2568   13.2341   13.6606   14.4342   14.4721
   14.8377   15.2751   16.2981   17.0723   17.6883   17.9441   18.2311   19.5044   19.7763   20.0146
   20.2304   21.8219   22.4740   23.2283   23.7949   24.3127   24.7722   26.7454   27.8991   28.8185
   29.1796   30.3206   30.8111   32.5844   33.7909   34.3368   35.0318   35.3154   36.8113   38.0796
   39.6104   40.9742   41.7098   42.8005   43.1565   43.3543   45.2155   46.6491   46.9836   49.8473
   51.5013   53.0289   53.8322   55.6295   57.0850   63.1376   64.1621
  22  1  -18.6432  -18.4701  -18.3997  -17.5984  -16.2084  -11.0426  -10.6298   -9.1546   -8.4608   -7.7777
          -7.6172   -7.5401   -7.2389   -7.0850   -7.0312   -6.3381   -6.0815   -5.9312   -5.6118   -5.3169
   -5.0014   -2.5128   -2.1915   -1.5763   -1.1290   -0.9589   -0.6644   -0.2549   -0.0790    0.1188
    0.3249    0.4278    0.5071    1.0499    1.5849    1.7911    2.5236    3.2396    3.2816    3.5447
    3.6844    4.1109    4.1935    4.5678    4.6360    5.2653    5.4544    6.3484    6.8736    7.0134
    7.0523    7.5050    7.7465    8.2410    8.6880    9.0060    9.1768    9.5250   10.1396   10.8156
   10.9624   11.6284   11.6902   12.0597   12.0953   12.2247   13.2293   13.6737   14.4661   14.4787
   14.8427   15.1534   16.2436   17.0612   17.5999   17.9299   18.2423   19.4557   19.7368   19.9009
   20.1955   21.7467   22.3745   23.1315   23.7037   24.3156   24.6893   26.7505   27.8924   28.7979
   29.1444   30.3040   30.7423   32.7366   33.8514   34.3082   35.0125   35.6153   36.9084   38.1573
   39.6834   41.1498   41.6689   42.7870   43.2317   43.6145   45.3005   46.9215   47.3283   49.8466
   51.6923   53.1184   54.0219   55.7504   57.2650   63.0879   64.2618
  23  1  -18.6339  -18.4609  -18.3907  -17.5891  -16.2022  -11.0344  -10.6245   -9.1521   -8.4682   -7.8322
          -7.6685   -7.5849   -7.2556   -7.1018   -7.0470   -6.3767   -6.0878   -5.9755   -5.6144   -5.3325
   -5.0125   -2.4696   -2.1525   -1.5470   -1.1674   -0.9410   -0.6925   -0.2388   -0.1024    0.1374
    0.3481    0.4243    0.5331    1.1018    1.6128    1.8293    2.4378    3.2037    3.2308    3.5009
    3.6360    4.0771    4.1937    4.5681    4.6708    5.2549    5.4278    6.3588    6.8445    7.0135
    7.0784    7.5243    7.7909    8.2335    8.6669    9.0060    9.1636    9.5348   10.1662   10.8542
   11.0173   11.6496   11.7699   12.0662   12.1198   12.2323   13.2205   13.6911   14.4802   14.5079
   14.8465   15.0444   16.1927   17.0499   17.5147   17.9194   18.2518   19.4058   19.6932   19.7749
   20.1787   21.6723   22.2748   23.0334   23.6099   24.3185   24.6261   26.7660   27.8816   28.7789
   29.1143   30.2876   30.6661   32.8939   33.8923   34.2792   34.9951   35.9116   37.0171   38.2385
   39.7584   41.2905   41.6200   42.7730   43.3040   43.8831   45.3887   47.0622   47.7874   49.8436
   51.8884   53.2044   54.2131   55.8791   57.4526   63.0384   64.3682
  24  1  -18.6241  -18.4513  -18.3813  -17.5794  -16.1957  -11.0260  -10.6191   -9.1501   -8.4767   -7.8873
          -7.7202   -7.6288   -7.2730   -7.1194   -7.0636   -6.4180   -6.0967   -6.0169   -5.6175   -5.3471
   -5.0245   -2.4267   -2.1141   -1.5261   -1.1988   -0.9292   -0.7143   -0.2234   -0.1264    0.1498
    0.3699    0.4216    0.5661    1.1558    1.6425    1.8690    2.3539    3.1593    3.1913    3.4576
    3.5881    4.0435    4.1949    4.5655    4.7102    5.2481    5.4027    6.3706    6.8143    7.0076
    7.1092    7.5489    7.8329    8.2312    8.6435    9.0072    9.1551    9.5438   10.1912   10.8954
   11.0758   11.6663   11.8405   12.0716   12.1451   12.2704   13.2080   13.7123   14.4869   14.5480
   14.8442   14.9540   16.1458   17.0383   17.4333   17.9120   18.2596   19.3539   19.6259   19.6696
   20.1668   21.5982   22.1757   22.9342   23.5143   24.3100   24.5929   26.7915   27.8667   28.7615
   29.0887   30.2705   30.5854   33.0511   33.8975   34.2680   34.9825   36.1985   37.1373   38.3241
   39.8365   41.3975   41.5695   42.7601   43.3737   44.1476   45.4851   47.1604   48.2649   49.8432
   52.0882   53.2879   54.4048   56.0141   57.6473   62.9897   64.4805
  25  1  -18.6139  -18.4413  -18.3715  -17.5692  -16.1890  -11.0175  -10.6137   -9.1487   -8.4865   -7.9428
          -7.7719   -7.6714   -7.2912   -7.1379   -7.0809   -6.4612   -6.1169   -6.0472   -5.6209   -5.3606
   -5.0373   -2.3841   -2.0766   -1.5175   -1.2193   -0.9262   -0.7269   -0.2090   -0.1509    0.1559
    0.3901    0.4210    0.6048    1.2117    1.6738    1.9098    2.2723    3.1092    3.1607    3.4152
    3.5407    4.0105    4.1967    4.5616    4.7521    5.2435    5.3808    6.3827    6.7850    6.9990
    7.1407    7.5776    7.8723    8.2346    8.6176    9.0106    9.1514    9.5514   10.2144   10.9392
   11.1371   11.6772   11.8917   12.1007   12.1694   12.3261   13.1922   13.7371   14.4920   14.5911
   14.8148   14.9043   16.1032   17.0262   17.3561   17.9071   18.2652   19.2984   19.5113   19.6145
   20.1556   21.5239   22.0782   22.8345   23.4173   24.2807   24.5976   26.8264   27.8479   28.7458
   29.0672   30.2508   30.5035   33.2025   33.8566   34.2881   34.9763   36.4712   37.2686   38.4154
   39.9193   41.4529   41.5424   42.7488   43.4406   44.3949   45.5960   47.2366   48.7296   49.8548
   52.2905   53.3699   54.5960   56.1542   57.8483   62.9423   64.5977
  26  1  -18.6033  -18.4309  -18.3614  -17.5587  -16.1820  -11.0087  -10.6083   -9.1480   -8.4977   -7.9984
          -7.8236   -7.7125   -7.3102   -7.1572   -7.0990   -6.5058   -6.1544   -6.0605   -5.6249   -5.3733
   -5.0510   -2.3421   -2.0402   -1.5242   -1.2260   -0.9331   -0.7294   -0.1961   -0.1755    0.1563
    0.4030    0.4290    0.6477    1.2694    1.7066    1.9516    2.1933    3.0593    3.1338    3.3741
    3.4941    3.9783    4.1991    4.5569    4.7953    5.2389    5.3650    6.3940    6.7590    6.9886
    7.1721    7.6098    7.9089    8.2440    8.5894    9.0168    9.1523    9.5572   10.2359   10.9854
   11.2006   11.6827   11.9253   12.1481   12.2003   12.3944   13.1742   13.7653   14.4927   14.6354
   14.7600   14.8971   16.0654   17.0132   17.2838   17.9044   18.2685   19.2355   19.3992   19.5653
   20.1433   21.4488   21.9836   22.7347   23.3192   24.2345   24.6353   26.8700   27.8251   28.7318
   29.0494   30.2243   30.4255   33.3409   33.7798   34.3337   34.9786   36.7249   37.4100   38.5134
   40.0080   41.4236   41.5787   42.7392   43.5047   44.6126   45.7284   47.2970   49.1462   49.9066
   52.4943   53.4516   54.7856   56.2984   58.0547   62.8967   64.7189
  27  1  -18.5923  -18.4201  -18.3509  -17.5478  -16.1747  -10.9998  -10.6030   -9.1481   -8.5104   -8.0541
          -7.8751   -7.7519   -7.3299   -7.1774   -7.1178   -6.5513   -6.2015   -6.0647   -5.6295   -5.3850
   -5.0654   -2.3007   -2.0050   -1.5454   -1.2202   -0.9479   -0.7233   -0.2014   -0.1836    0.1519
    0.4046    0.4498    0.6934    1.3285    1.7407    1.9939    2.1172    3.0115    3.1093    3.3348
    3.4483    3.9471    4.2020    4.5517    4.8391    5.2315    5.3586    6.4026    6.7384    6.9768
    7.2027    7.6449    7.9425    8.2594    8.5594    9.0264    9.1575    9.5612   10.2557   11.0338
   11.2656   11.6851   11.9528   12.1829   12.2545   12.4738   13.1551   13.7967   14.4840   14.6705
   14.7251   14.9016   16.0326   16.9988   17.2166   17.9035   18.2690   19.1592   19.3038   19.5148
   20.1292   21.3723   21.8931   22.6358   23.2204   24.1801   24.6958   26.9217   27.7986   28.7193
   29.0348   30.1830   30.3604   33.4497   33.6927   34.3930   34.9920   36.9546   37.5601   38.6191
   40.1041   41.3729   41.6218   42.7313   43.5659   44.7913   45.8872   47.3451   49.4328   50.0760
   52.6987   53.5339   54.9722   56.4461   58.2655   62.8535   64.8432
  28  1  -18.5809  -18.4089  -18.3400  -17.5365  -16.1673  -10.9908  -10.5977   -9.1493   -8.5248   -8.1096
          -7.9261   -7.7894   -7.3505   -7.1985   -7.1375   -6.5975   -6.2523   -6.0655   -5.6350   -5.3957
   -5.0806   -2.2602   -1.9713   -1.5772   -1.2063   -0.9669   -0.7117   -0.2261   -0.1743    0.1439
    0.4028    0.4751    0.7408    1.3890    1.7757    2.0361    2.0443    2.9670    3.0867    3.2977
    3.4037    3.9171    4.2052    4.5461    4.8821    5.2202    5.3633    6.4068    6.7256    6.9642
    7.2319    7.6824    7.9735    8.2805    8.5287    9.0398    9.1663    9.5635   10.2740   11.0840
   11.3315   11.6877   11.9810   12.2043   12.3222   12.5629   13.1367   13.8311   14.4610   14.6667
   14.7524   14.9089   16.0049   16.9819   17.1553   17.9038   18.2661   19.0675   19.2287   19.4626
   20.1127   21.2937   21.8075   22.5386   23.1210   24.1230   24.7723   26.9808   27.7685   28.7084
   29.0229   30.1195   30.3159   33.4626   33.6655   34.4591   35.0196   37.1567   37.7166   38.7319
   40.2081   41.3253   41.6544   42.7245   43.6238   44.9287   46.0708   47.3836   49.5455   50.4037
   52.9029   53.6179   55.1545   56.5970   58.4797   62.8131   64.9695
  29  1  -18.5691  -18.3973  -18.3288  -17.5248  -16.1596  -10.9817  -10.5925   -9.1517   -8.5408   -8.1649
          -7.9765   -7.8247   -7.3718   -7.2204   -7.1579   -6.6440   -6.3047   -6.0651   -5.6412   -5.4056
   -5.0966   -2.2205   -1.9392   -1.6155   -1.1898   -0.9862   -0.6972   -0.2510   -0.1670    0.1332
    0.4002    0.5019    0.7891    1.4504    1.8115    1.9747    2.0776    2.9264    3.0660    3.2636
    3.3603    3.8887    4.2088    4.5402    4.9226    5.2074    5.3783    6.4053    6.7219    6.9514
    7.2592    7.7218    8.0024    8.3065    8.4990    9.0570    9.1781    9.5644   10.2909   11.1358
   11.3970   11.6937   12.0111   12.2224   12.3895   12.6590   13.1208   13.8682   14.4255   14.6626
   14.8027   14.9171   15.9823   16.9611   17.1012   17.9052   18.2591   18.9683   19.1670   19.4086
   20.0939   21.2129   21.7271   22.4444   23.0213   24.0655   24.8613   27.0466   27.7352   28.6989
   29.0132   30.0376   30.2890   33.3594   33.7196   34.5287   35.0639   37.3293   37.8769   38.8499
   40.3185   41.2893   41.6772   42.7181   43.6783   45.0298   46.2710   47.4148   49.5745   50.7967
   53.1062   53.7047   55.3313   56.7507   58.6960   62.7761   65.0971
  30  1  -18.5569  -18.3853  -18.3172  -17.5127  -16.1517  -10.9726  -10.5875   -9.1555   -8.5585   -8.2196
          -8.0262   -7.8578   -7.3938   -7.2431   -7.1790   -6.6906   -6.3581   -6.0640   -5.6485   -5.4145
   -5.1134   -2.1819   -1.9090   -1.6571   -1.1760   -1.0015   -0.6816   -0.2757   -0.1620    0.1207
    0.3973    0.5293    0.8376    1.5124    1.8463    1.9103    2.1175    2.8907    3.0471    3.2328
    3.3187    3.8619    4.2126    4.5339    4.9582    5.1971    5.4015    6.3980    6.7273    6.9395
    7.2837    7.7628    8.0298    8.3361    8.4723    9.0779    9.1923    9.5643   10.3065   11.1889
   11.4608   11.7062   12.0428   12.2402   12.4531   12.7575   13.1107   13.9074   14.3853   14.6695
   14.8575   14.9255   15.9648   16.9340   17.0562   17.9071   18.2470   18.8698   19.1117   19.3531
   20.0725   21.1296   21.6516   22.3549   22.9214   24.0084   24.9607   27.1183   27.6991   28.6907
   29.0052   29.9458   30.2716   33.2229   33.7736   34.6002   35.1258   37.4729   38.0377   38.9693
   40.4288   41.2761   41.6927   42.7112   43.7291   45.1022   46.4769   47.4407   49.5772   51.1946
   53.3075   53.7959   55.5012   56.9073   58.9136   62.7430   65.2251
  31  1  -18.5443  -18.3730  -18.3053  -17.5003  -16.1436  -10.9635  -10.5827   -9.1611   -8.5780   -8.2735
          -8.0749   -7.8886   -7.4166   -7.2668   -7.2009   -6.7373   -6.4119   -6.0627   -5.6567   -5.4225
   -5.1309   -2.1446   -1.8815   -1.6999   -1.1697   -1.0087   -0.6660   -0.2999   -0.1597    0.1070
    0.3943    0.5567    0.8857    1.5746    1.8393    1.8916    2.1550    2.8607    3.0300    3.2057
    3.2795    3.8370    4.2168    4.5275    4.9851    5.1942    5.4315    6.3861    6.7397    6.9298
    7.3045    7.8052    8.0566    8.3670    8.4520    9.1020    9.2079    9.5638   10.3211   11.2431
   11.5203   11.7280   12.0751   12.2590   12.5120   12.8518   13.1116   13.9473   14.3478   14.6833
   14.9144   14.9342   15.9520   16.8993   17.0211   17.9091   18.2282   18.7769   19.0595   19.2966
   20.0488   21.0444   21.5797   22.2718   22.8215   23.9520   25.0691   27.1951   27.6606   28.6837
   28.9983   29.8491   30.2590   33.0751   33.8083   34.6728   35.2039   37.5898   38.1956   39.0860
   40.5243   41.3024   41.7038   42.7033   43.7758   45.1530   46.6784   47.4636   49.5714   51.5771
   53.5045   53.8945   55.6631   57.0665   59.1314   62.7145   65.3527
  32  1  -18.5314  -18.3603  -18.2930  -17.4875  -16.1352  -10.9544  -10.5781   -9.1685   -8.5993   -8.3264
          -8.1224   -7.9170   -7.4401   -7.2912   -7.2236   -6.7837   -6.4659   -6.0613   -5.6661   -5.4295
   -5.1490   -2.1087   -1.8582   -1.7411   -1.1741   -1.0053   -0.6510   -0.3236   -0.1599    0.0925
    0.3913    0.5838    0.9330    1.6361    1.7828    1.9264    2.1889    2.8374    3.0146    3.1816
    3.2442    3.8141    4.2212    4.5211    5.0003    5.2021    5.4671    6.3715    6.7561    6.9246
    7.3205    7.8485    8.0834    8.3927    8.4457    9.1290    9.2244    9.5637   10.3349   11.2980
   11.5730   11.7617   12.1074   12.2800   12.5657   12.9309   13.1335   13.9848   14.3196   14.7009
   14.9432   14.9728   15.9434   16.8583   16.9940   17.9110   18.2011   18.6929   19.0090   19.2395
   20.0229   20.9577   21.5098   22.1970   22.7218   23.8964   25.1854   27.2760   27.6203   28.6778
   28.9919   29.7505   30.2491   32.9216   33.8232   34.7459   35.2949   37.6832   38.3467   39.1973
   40.5860   41.3865   41.7146   42.6936   43.8181   45.1875   46.8671   47.4858   49.5638   51.9347
   53.6913   54.0072   55.8162   57.2280   59.3484   62.6911   65.4790
  33  1  -18.5181  -18.3472  -18.2804  -17.4744  -16.1267  -10.9455  -10.5739   -9.1781   -8.6225   -8.3780
          -8.1686   -7.9431   -7.4643   -7.3165   -7.2471   -6.8299   -6.5198   -6.0600   -5.6765   -5.4358
   -5.1679   -2.0746   -1.8462   -1.7727   -1.1876   -0.9931   -0.6370   -0.3465   -0.1628    0.0779
    0.3882    0.6101    0.9790    1.6912    1.7332    1.9632    2.2183    2.8213    3.0011    3.1582
    3.2161    3.7935    4.2261    4.5148    5.0043    5.2207    5.5076    6.3564    6.7724    6.9267
    7.3308    7.8925    8.1109    8.4018    8.4656    9.1582    9.2410    9.5651   10.3481   11.3534
   11.6175   11.8083   12.1390   12.3039   12.6133   12.9840   13.1868   14.0140   14.3081   14.7208
   14.9531   15.0322   15.9386   16.8137   16.9718   17.9122   18.1640   18.6200   18.9595   19.1823
   19.9949   20.8701   21.4397   22.1325   22.6226   23.8413   25.3089   27.3596   27.5794   28.6727
   28.9849   29.6518   30.2410   32.7653   33.8211   34.8191   35.3946   37.7566   38.4863   39.3028
   40.6063   41.5275   41.7338   42.6824   43.8556   45.2088   47.0360   47.5102   49.5575   52.2622
   53.8571   54.1455   55.9599   57.3913   59.5638   62.6732   65.6033
  34  1  -18.5044  -18.3339  -18.2675  -17.4610  -16.1180  -10.9367  -10.5699   -9.1901   -8.6477   -8.4277
          -8.2131   -7.9670   -7.4892   -7.3427   -7.2713   -6.8757   -6.5736   -6.0588   -5.6881   -5.4412
   -5.1873   -2.0434   -1.8614   -1.7779   -1.2067   -0.9760   -0.6244   -0.3686   -0.1680    0.0632
    0.3851    0.6356    1.0235    1.6674    1.7641    1.9996    2.2427    2.8128    2.9897    3.1325
    3.1989    3.7753    4.2313    4.5088    5.0009    5.2459    5.5521    6.3425    6.7850    6.9389
    7.3345    7.9368    8.1399    8.4059    8.5011    9.1883    9.2575    9.5690   10.3612   11.4087
   11.6558   11.8653   12.1695   12.3319   12.6543   13.0176   13.2646   14.0282   14.3212   14.7416
   14.9644   15.0924   15.9369   16.7677   16.9519   17.9124   18.1160   18.5595   18.9110   19.1258
   19.9651   20.7824   21.3677   22.0796   22.5241   23.7865   25.4387   27.4403   27.5429   28.6683
   28.9760   29.5549   30.2339   32.6083   33.8058   34.8920   35.4987   37.8132   38.6093   39.4043
   40.5942   41.6644   41.8116   42.6705   43.8877   45.2191   47.1784   47.5404   49.5544   52.5560
   53.9935   54.3176   56.0937   57.5557   59.7768   62.6615   65.7248
  35  1  -18.4904  -18.3202  -18.2544  -17.4473  -16.1091  -10.9281  -10.5664   -9.2047   -8.6750   -8.4752
          -8.2558   -7.9888   -7.5147   -7.3697   -7.2962   -6.9209   -6.6270   -6.0578   -5.7007   -5.4459
   -5.2073   -2.0175   -1.8928   -1.7647   -1.2284   -0.9572   -0.6133   -0.3895   -0.1752    0.0489
    0.3820    0.6598    1.0661    1.6181    1.8217    2.0346    2.2622    2.8114    2.9806    3.1051
    3.1929    3.7597    4.2372    4.5036    4.9945    5.2737    5.5996    6.3315    6.7930    6.9618
    7.3313    7.9808    8.1715    8.4158    8.5412    9.2170    9.2750    9.5765   10.3746   11.4637
   11.6913   11.9287   12.1987   12.3645   12.6889   13.0462   13.3516   14.0261   14.3602   14.7627
   14.9782   15.1528   15.9376   16.7212   16.9327   17.9109   18.0581   18.5106   18.8633   19.0706
   19.9337   20.6949   21.2927   22.0392   22.4269   23.7320   25.5741   27.4688   27.5599   28.6645
   28.9630   29.4626   30.2277   32.4526   33.7809   34.9646   35.6035   37.8557   38.7106   39.5042
   40.5629   41.7132   42.0134   42.6617   43.9140   45.2197   47.2883   47.5807   49.5552   52.8142
   54.1069   54.5165   56.2177   57.7204   59.9866   62.6563   65.8430
  36  1  -18.4761  -18.3061  -18.2409  -17.4332  -16.1000  -10.9198  -10.5634   -9.2220   -8.7047   -8.5200
          -8.2963   -8.0087   -7.5409   -7.3975   -7.3219   -6.9655   -6.6800   -6.0571   -5.7144   -5.4500
   -5.2279   -2.0064   -1.9162   -1.7481   -1.2509   -0.9387   -0.6042   -0.4090   -0.1838    0.0351
    0.3790    0.6826    1.1067    1.5702    1.8781    2.0669    2.2780    2.8158    2.9734    3.0799
    3.1956    3.7467    4.2437    4.4996    4.9879    5.3011    5.6489    6.3247    6.7984    6.9933
    7.3212    8.0239    8.2064    8.4340    8.5835    9.2397    9.2970    9.5886   10.3885   11.5176
   11.7266   11.9948   12.2269   12.4026   12.7179   13.0768   13.4395   14.0138   14.4187   14.7833
   14.9956   15.2133   15.9401   16.6745   16.9136   17.9074   17.9924   18.4713   18.8168   19.0173
   19.9010   20.6082   21.2143   22.0106   22.3316   23.6775   25.7145   27.4332   27.6413   28.6608
   28.9425   29.3794   30.2220   32.2997   33.7491   35.0368   35.7062   37.8863   38.7872   39.6027
   40.5220   41.7432   42.2446   42.6713   43.9340   45.2113   47.3644   47.6316   49.5599   53.0366
   54.2078   54.7297   56.3320   57.8842   60.1925   62.6580   65.9572
  37  1  -18.4615  -18.2918  -18.2271  -17.4189  -16.0907  -10.9118  -10.5609   -9.2420   -8.7370   -8.5618
          -8.3345   -8.0268   -7.5676   -7.4261   -7.3483   -7.0095   -6.7323   -6.0567   -5.7292   -5.4535
   -5.2489   -2.0241   -1.9137   -1.7321   -1.2733   -0.9219   -0.5972   -0.4268   -0.1933    0.0220
    0.3760    0.7038    1.1453    1.5245    1.9315    2.0950    2.2928    2.8238    2.9655    3.0624
    3.2050    3.7366    4.2511    4.4972    4.9830    5.3268    5.6981    6.3237    6.8040    7.0305
    7.3050    8.0653    8.2452    8.4605    8.6272    9.2530    9.3262    9.6058   10.4037   11.5699
   11.7636   12.0604   12.2549   12.4464   12.7432   13.1107   13.5249   13.9982   14.4888   14.8032
   15.0181   15.2736   15.9435   16.6278   16.8941   17.9008   17.9226   18.4387   18.7715   18.9667
   19.8671   20.5224   21.1332   21.9919   22.2398   23.6228   25.8592   27.3902   27.7298   28.6566
   28.9094   29.3115   30.2164   32.1515   33.7126   35.1086   35.8047   37.9066   38.8388   39.6960
   40.4785   41.7790   42.4133   42.7603   43.9475   45.1946   47.4138   47.6861   49.5676   53.2240
   54.3027   54.9476   56.4366   58.0463   60.3937   62.6670   66.0669
  38  1  -18.4465  -18.2772  -18.2131  -17.4042  -16.0813  -10.9042  -10.5589   -9.2650   -8.7720   -8.6002
          -8.3700   -8.0434   -7.5949   -7.4555   -7.3755   -7.0526   -6.7839   -6.0566   -5.7448   -5.4568
   -5.2702   -2.0600   -1.8949   -1.7178   -1.2949   -0.9079   -0.5926   -0.4425   -0.2028    0.0098
    0.3732    0.7232    1.1818    1.4809    1.9802    2.1176    2.3098    2.8328    2.9535    3.0578
    3.2197    3.7294    4.2595    4.4972    4.9808    5.3499    5.7454    6.3300    6.8122    7.0710
    7.2839    8.1044    8.2878    8.4948    8.6723    9.2592    9.3604    9.6281   10.4204   11.6199
   11.8033   12.1227   12.2840   12.4965   12.7670   13.1473   13.6064   13.9838   14.5639   14.8222
   15.0472   15.3332   15.9474   16.5811   16.8740   17.8478   17.8938   18.4104   18.7277   18.9195
   19.8322   20.4379   21.0502   21.9779   22.1560   23.5677   26.0075   27.3463   27.8175   28.6500
   28.8605   29.2654   30.2107   32.0096   33.6731   35.1799   35.8974   37.9178   38.8674   39.7760
   40.4388   41.8269   42.4566   42.9821   43.9544   45.1700   47.4468   47.7350   49.5766   53.3785
   54.3947   55.1640   56.5318   58.2057   60.5898   62.6836   66.1716
  39  1  -18.4312  -18.2623  -18.1988  -17.3893  -16.0717  -10.8971  -10.5576   -9.2907   -8.8093   -8.6356
          -8.4026   -8.0586   -7.6228   -7.4857   -7.4033   -7.0950   -6.8347   -6.0569   -5.7614   -5.4599
   -5.2917   -2.1013   -1.8724   -1.7054   -1.3151   -0.8974   -0.5907   -0.4559   -0.2115   -0.0015
    0.3705    0.7408    1.2164    1.4395    2.0212    2.1355    2.3317    2.8401    2.9377    3.0671
    3.2383    3.7253    4.2692    4.5003    4.9819    5.3700    5.7888    6.3448    6.8248    7.1123
    7.2603    8.1411    8.3333    8.5358    8.7192    9.2616    9.3967    9.6552   10.4393   11.6672
   11.8461   12.1791   12.3158   12.5531   12.7913   13.1854   13.6833   13.9738   14.6382   14.8415
   15.0846   15.3920   15.9510   16.5342   16.8534   17.7745   17.8818   18.3845   18.6855   18.8761
   19.7964   20.3548   20.9665   21.9537   22.0940   23.5121   26.1582   27.3032   27.9018   28.6351
   28.8013   29.2433   30.2044   31.8756   33.6321   35.2508   35.9833   37.9209   38.8768   39.8315
   40.4094   41.8905   42.4433   43.2617   43.9553   45.1379   47.4703   47.7733   49.5845   53.5021
   54.4851   55.3740   56.6179   58.3614   60.7799   62.7077   66.2709
  40  1  -18.4157  -18.2471  -18.1842  -17.3742  -16.0620  -10.8905  -10.5571   -9.3190   -8.8486   -8.6685
          -8.4323   -8.0725   -7.6511   -7.5166   -7.4319   -7.1364   -6.8846   -6.0576   -5.7788   -5.4631
   -5.3131   -2.1443   -1.8501   -1.6950   -1.3338   -0.8913   -0.5915   -0.4666   -0.2187   -0.0117
    0.3680    0.7565    1.2492    1.4000    2.0492    2.1535    2.3594    2.8419    2.9237    3.0866
    3.2601    3.7244    4.2806    4.5073    4.9869    5.3873    5.8266    6.3688    6.8431    7.1493
    7.2397    8.1752    8.3804    8.5823    8.7686    9.2631    9.4332    9.6866   10.4610   11.7113
   11.8917   12.2272   12.3523   12.6163   12.8179   13.2240   13.7547   13.9710   14.7054   14.8631
   15.1316   15.4495   15.9538   16.4873   16.8325   17.7020   17.8667   18.3597   18.6451   18.8372
   19.7598   20.2732   20.8833   21.8988   22.0735   23.4558   26.3103   27.2618   27.9800   28.5958
   28.7523   29.2426   30.1973   31.7511   33.5904   35.3213   36.0620   37.9164   38.8702   39.8531
   40.3951   41.9719   42.4127   43.5515   43.9546   45.0989   47.4865   47.8008   49.5881   53.5973
   54.5742   55.5738   56.6948   58.5128   60.9635   62.7395   66.3644
  41  1  -18.3999  -18.2316  -18.1694  -17.3588  -16.0521  -10.8844  -10.5573   -9.3498   -8.8891   -8.6993
          -8.4590   -8.0853   -7.6799   -7.5483   -7.4611   -7.1769   -6.9334   -6.0587   -5.7970   -5.4668
   -5.3342   -2.1876   -1.8295   -1.6865   -1.3506   -0.8900   -0.5949   -0.4746   -0.2235   -0.0208
    0.3659    0.7702    1.2801    1.3629    2.0598    2.1778    2.3922    2.8343    2.9179    3.1120
    3.2837    3.7268    4.2939    4.5191    4.9959    5.4019    5.8581    6.4020    6.8681    7.1633
    7.2419    8.2069    8.4277    8.6319    8.8215    9.2662    9.4689    9.7214   10.4861   11.7523
   11.9396   12.2664   12.3938   12.6855   12.8481   13.2626   13.8180   13.9790   14.7594   14.8908
   15.1885   15.5055   15.9555   16.4404   16.8115   17.6315   17.8485   18.3350   18.6063   18.8031
   19.7224   20.1931   20.8019   21.8224   22.0842   23.3987   26.4615   27.2237   28.0498   28.5205
   28.7315   29.2601   30.1888   31.6375   33.5489   35.3912   36.1328   37.9049   38.8509   39.8388
   40.3938   42.0713   42.3756   43.7976   43.9932   45.0540   47.4953   47.8201   49.5847   53.6666
   54.6616   55.7610   56.7626   58.6593   61.1399   62.7790   66.4520
  42  1  -18.3838  -18.2159  -18.1544  -17.3431  -16.0421  -10.8791  -10.5583   -9.3829   -8.9301   -8.7286
          -8.4827   -8.0969   -7.7093   -7.5807   -7.4910   -7.2165   -6.9810   -6.0604   -5.8159   -5.4716
   -5.3544   -2.2309   -1.8114   -1.6796   -1.3654   -0.8940   -0.6005   -0.4800   -0.2254   -0.0288
    0.3642    0.7821    1.3049    1.3324    2.0554    2.2076    2.4286    2.8178    2.9206    3.1402
    3.3084    3.7325    4.3096    4.5363    5.0090    5.4142    5.8834    6.4428    6.9006    7.1461
    7.2759    8.2363    8.4740    8.6817    8.8790    9.2734    9.5032    9.7588   10.5152   11.7904
   11.9888   12.2986   12.4391   12.7594   12.8835   13.3014   13.8691   14.0028   14.7971   14.9264
   15.2542   15.5595   15.9555   16.3939   16.7911   17.5639   17.8272   18.3099   18.5693   18.7739
   19.6842   20.1147   20.7232   21.7400   22.1102   23.3407   26.6082   27.1918   28.1084   28.4234
   28.7299   29.2938   30.1787   31.5362   33.5082   35.4604   36.1958   37.8869   38.8211   39.7951
   40.3970   42.1818   42.3418   43.8516   44.2114   45.0060   47.4948   47.8353   49.5714   53.7125
   54.7466   55.9336   56.8211   58.8005   61.3087   62.8259   66.5335
  43  1  -18.3675  -18.2000  -18.1391  -17.3272  -16.0320  -10.8745  -10.5603   -9.4179   -8.9712   -8.7568
          -8.5038   -8.1075   -7.7391   -7.6138   -7.5216   -7.2551   -7.0274   -6.0625   -5.8354   -5.4782
   -5.3728   -2.2740   -1.7967   -1.6738   -1.3780   -0.9034   -0.6079   -0.4833   -0.2240   -0.0356
    0.3631    0.7922    1.2873    1.3453    2.0419    2.2387    2.4672    2.7967    2.9280    3.1687
    3.3332    3.7414    4.3281    4.5595    5.0262    5.4247    5.9033    6.4888    6.9406    7.1212
    7.3204    8.2634    8.5188    8.7287    8.9409    9.2884    9.5356    9.7981   10.5489   11.8258
   12.0380   12.3259   12.4866   12.8347   12.9265   13.3410   13.9061   14.0447   14.8222   14.9672
   15.3254   15.6110   15.9537   16.3484   16.7717   17.5001   17.8032   18.2839   18.5343   18.7496
   19.6452   20.0381   20.6480   21.6571   22.1454   23.2817   26.7419   27.1731   28.1519   28.3206
   28.7374   29.3427   30.1668   31.4480   33.4687   35.5289   36.2508   37.8628   38.7826   39.7310
   40.3955   42.2411   42.3730   43.8265   44.4844   44.9641   47.4827   47.8507   49.5460   53.7371
   54.8280   56.0905   56.8703   58.9360   61.4691   62.8801   66.6089
  44  1  -18.3509  -18.1839  -18.1237  -17.3112  -16.0218  -10.8707  -10.5632   -9.4546   -9.0118   -8.7840
          -8.5227   -8.1171   -7.7693   -7.6476   -7.5528   -7.2926   -7.0724   -6.0652   -5.8556   -5.4876
   -5.3886   -2.3166   -1.7861   -1.6684   -1.3886   -0.9181   -0.6163   -0.4850   -0.2194   -0.0413
    0.3627    0.8008    1.2557    1.3733    2.0233    2.2687    2.5072    2.7741    2.9369    3.1960
    3.3573    3.7534    4.3498    4.5893    5.0473    5.4343    5.9194    6.5371    6.9852    7.1007
    7.3678    8.2881    8.5618    8.7711    9.0043    9.3154    9.5662    9.8381   10.5877   11.8586
   12.0863   12.3503   12.5355   12.9052   12.9823   13.3822   13.9350   14.0987   14.8410   15.0091
   15.3977   15.6593   15.9500   16.3047   16.7545   17.4407   17.7770   18.2565   18.5014   18.7296
   19.6055   19.9635   20.5770   21.5758   22.1874   23.2215   26.8436   27.1843   28.1578   28.2419
   28.7498   29.4063   30.1528   31.3740   33.4308   35.5964   36.2979   37.8328   38.7369   39.6534
   40.3837   42.2085   42.5074   43.7828   44.6959   44.9822   47.4576   47.8692   49.5067   53.7424
   54.9048   56.2312   56.9098   59.0655   61.6207   62.9412   66.6783
  45  1  -18.3341  -18.1675  -18.1081  -17.2949  -16.0115  -10.8678  -10.5671   -9.4929   -9.0517   -8.8102
          -8.5396   -8.1257   -7.8000   -7.6820   -7.5846   -7.3292   -7.1159   -6.0684   -5.8763   -5.5008
   -5.4008   -2.3588   -1.7802   -1.6626   -1.3971   -0.9375   -0.6253   -0.4855   -0.2116   -0.0457
    0.3632    0.8079    1.2247    1.4020    2.0016    2.2963    2.5478    2.7514    2.9457    3.2206
    3.3799    3.7681    4.3750    4.6259    5.0720    5.4439    5.9328    6.5846    7.0176    7.1051
    7.4166    8.3103    8.6030    8.8083    9.0641    9.3594    9.5954    9.8783   10.6319   11.8887
   12.1327   12.3725   12.5857   12.9659   13.0546   13.4265   13.9629   14.1575   14.8576   15.0503
   15.4664   15.7031   15.9445   16.2644   16.7403   17.3866   17.7493   18.2277   18.4711   18.7133
   19.5650   19.8911   20.5108   21.4970   22.2348   23.1601   26.8901   27.2441   28.0829   28.2380
   28.7650   29.4835   30.1372   31.3144   33.3946   35.6626   36.3371   37.7976   38.6848   39.5666
   40.3591   42.1592   42.6658   43.7277   44.7236   45.1745   47.4194   47.8922   49.4525   53.7302
   54.9761   56.3554   56.9396   59.1887   61.7630   63.0088   66.7417
  46  1  -18.3171  -18.1509  -18.0923  -17.2784  -16.0011  -10.8658  -10.5722   -9.5323   -9.0905   -8.8354
          -8.5552   -8.1331   -7.8312   -7.7170   -7.6170   -7.3648   -7.1578   -6.0723   -5.8974   -5.5179
   -5.4093   -2.4006   -1.7791   -1.6562   -1.4039   -0.9612   -0.6344   -0.4852   -0.2011   -0.0488
    0.3647    0.8139    1.1952    1.4308    1.9781    2.3210    2.5884    2.7294    2.9535    3.2418
    3.4006    3.7853    4.4040    4.6692    5.0999    5.4545    5.9449    6.6280    7.0180    7.1565
    7.4661    8.3299    8.6424    8.8411    9.1160    9.4226    9.6245    9.9178   10.6817   11.9161
   12.1767   12.3929   12.6371   13.0202   13.1381   13.4752   13.9932   14.2172   14.8743   15.0903
   15.5271   15.7402   15.9380   16.2295   16.7304   17.3387   17.7208   18.1971   18.4437   18.6999
   19.5240   19.8212   20.4494   21.4216   22.2870   23.0974   26.8894   27.3345   28.0001   28.2483
   28.7819   29.5727   30.1207   31.2696   33.3604   35.7271   36.3684   37.7576   38.6269   39.4731
   40.3215   42.1057   42.8302   43.6641   44.6694   45.4366   47.3696   47.9193   49.3832   53.7020
   55.0413   56.4632   56.9598   59.3054   61.8956   63.0826   66.7996
  47  1  -18.2998  -18.1342  -18.0763  -17.2618  -15.9906  -10.8648  -10.5783   -9.5727   -9.1280   -8.8595
          -8.5697   -8.1395   -7.8628   -7.7526   -7.6499   -7.3995   -7.1980   -6.0769   -5.9190   -5.5382
   -5.4147   -2.4418   -1.7826   -1.6494   -1.4090   -0.9886   -0.6433   -0.4844   -0.1885   -0.0505
    0.3675    0.8190    1.1672    1.4597    1.9537    2.3425    2.6285    2.7084    2.9602    3.2588
    3.4190    3.8042    4.4365    4.7191    5.1303    5.4673    5.9563    6.6643    7.0108    7.2328
    7.5162    8.3466    8.6802    8.8706    9.1597    9.4997    9.6572    9.9564   10.7368   11.9408
   12.2179   12.4116   12.6899   13.0732   13.2260   13.5297   14.0275   14.2760   14.8925   15.1291
   15.5763   15.7678   15.9315   16.2024   16.7258   17.2981   17.6922   18.1649   18.4193   18.6886
   19.4824   19.7543   20.3930   21.3501   22.3432   23.0334   26.8662   27.4099   27.9524   28.2537
   28.8002   29.6714   30.1045   31.2393   33.3282   35.7892   36.3919   37.7135   38.5638   39.3747
   40.2714   42.0500   42.9894   43.5976   44.5980   45.7019   47.3104   47.9496   49.2993   53.6592
   55.0996   56.5542   56.9710   59.4152   62.0182   63.1620   66.8522
  48  1  -18.2824  -18.1173  -18.0601  -17.2450  -15.9800  -10.8649  -10.5855   -9.6139   -9.1642   -8.8822
          -8.5837   -8.1448   -7.8949   -7.7888   -7.6835   -7.4331   -7.2365   -6.0822   -5.9409   -5.5610
   -5.4178   -2.4826   -1.7898   -1.6427   -1.4128   -1.0188   -0.6519   -0.4833   -0.1746   -0.0504
    0.3718    0.8234    1.1411    1.4887    1.9289    2.3608    2.6672    2.6890    2.9658    3.2715
    3.4347    3.8242    4.4722    4.7752    5.1626    5.4839    5.9678    6.6903    7.0112    7.3212
    7.5671    8.3605    8.7163    8.8980    9.1982    9.5745    9.7051    9.9942   10.7969   11.9626
   12.2563   12.4283   12.7439   13.1265   13.3146   13.5914   14.0666   14.3330   14.9130   15.1669
   15.6109   15.7831   15.9265   16.1852   16.7268   17.2664   17.6644   18.1312   18.3980   18.6787
   19.4406   19.6909   20.3413   21.2831   22.4028   22.9682   26.8329   27.4282   27.9717   28.2533
   28.8197   29.7758   30.0914   31.2231   33.2980   35.8481   36.4078   37.6664   38.4957   39.2724
   40.2098   41.9929   43.1203   43.5462   44.5219   45.9554   47.2458   47.9820   49.2021   53.6029
   55.1509   56.6278   56.9746   59.5176   62.1309   63.2465   66.9002
  49  1  -18.2649  -18.1003  -18.0439  -17.2282  -15.9694  -10.8661  -10.5940   -9.6557   -9.1989   -8.9035
          -8.5973   -8.1489   -7.9274   -7.8254   -7.7175   -7.4659   -7.2732   -6.0883   -5.9631   -5.5855
   -5.4193   -2.5230   -1.7999   -1.6365   -1.4154   -1.0515   -0.6598   -0.4818   -0.1608   -0.0477
    0.3777    0.8274    1.1168    1.5178    1.9043    2.3755    2.6690    2.7063    2.9709    3.2798
    3.4479    3.8447    4.5106    4.8370    5.1959    5.5053    5.9796    6.7037    7.0242    7.4177
    7.6188    8.3716    8.7511    8.9246    9.2342    9.6251    9.7843   10.0322   10.8611   11.9817
   12.2917   12.4432   12.7987   13.1804   13.4009   13.6609   14.1110   14.3879   14.9363   15.2037
   15.6291   15.7859   15.9245   16.1779   16.7328   17.2454   17.6384   18.0964   18.3797   18.6694
   19.3989   19.6317   20.2939   21.2213   22.4655   22.9016   26.7940   27.3861   28.0569   28.2488
   28.8409   29.8781   30.0884   31.2206   33.2697   35.9022   36.4163   37.6171   38.4228   39.1670
   40.1378   41.9345   43.1699   43.5575   44.4466   46.1860   47.1828   48.0151   49.0938   53.5345
   55.1949   56.6823   56.9731   59.6121   62.2339   63.3353   66.9440
  50  1  -18.2472  -18.0831  -18.0275  -17.2111  -15.9587  -10.8685  -10.6036   -9.6978   -9.2321   -8.9232
          -8.6108   -8.1520   -7.9603   -7.8626   -7.7521   -7.4977   -7.3080   -6.0955   -5.9853   -5.6113
   -5.4197   -2.5628   -1.8123   -1.6314   -1.4171   -1.0859   -0.6671   -0.4801   -0.1483   -0.0416
    0.3853    0.8313    1.0944    1.5468    1.8804    2.3866    2.6519    2.7419    2.9765    3.2838
    3.4583    3.8650    4.5507    4.9039    5.2297    5.5328    5.9920    6.7054    7.0506    7.5200
    7.6719    8.3801    8.7848    8.9512    9.2694    9.6544    9.8857   10.0733   10.9285   11.9983
   12.3241   12.4565   12.8539   13.2349   13.4825   13.7386   14.1612   14.4407   14.9622   15.2394
   15.6299   15.7800   15.9262   16.1783   16.7417   17.2372   17.6151   18.0610   18.3641   18.6603
   19.3577   19.5775   20.2501   21.1653   22.5306   22.8341   26.7506   27.3133   28.1684   28.2499
   28.8642   29.9552   30.1181   31.2313   33.2433   35.9491   36.4184   37.5670   38.3452   39.0591
   40.0566   41.8750   43.1143   43.6472   44.3791   46.3741   47.1384   48.0480   48.9779   53.4551
   55.2317   56.7147   56.9709   59.6981   62.3278   63.4276   66.9843
  51  1  -18.2293  -18.0658  -18.0110  -17.1940  -15.9479  -10.8720  -10.6144   -9.7402   -9.2638   -8.9413
          -8.6244   -8.1541   -7.9934   -7.9002   -7.7871   -7.5287   -7.3409   -6.1037   -6.0074   -5.6379
   -5.4193   -2.6023   -1.8265   -1.6277   -1.4180   -1.1216   -0.6735   -0.4782   -0.1386   -0.0310
    0.3948    0.8351    1.0740    1.5755    1.8577    2.3939    2.6360    2.7748    2.9837    3.2838
    3.4662    3.8844    4.5917    4.9751    5.2639    5.5668    6.0050    6.6983    7.0880    7.6250
    7.7284    8.3865    8.8177    8.9787    9.3045    9.6745    9.9856   10.1272   10.9981   12.0126
   12.3531   12.4685   12.9089   13.2897   13.5570   13.8246   14.2172   14.4917   14.9903   15.2742
   15.6148   15.7708   15.9311   16.1833   16.7503   17.2439   17.5958   18.0253   18.3508   18.6507
   19.3176   19.5290   20.2092   21.1156   22.5970   22.7663   26.7028   27.2319   28.2045   28.3365
   28.8904   29.9836   30.2037   31.2548   33.2185   35.9847   36.4165   37.5174   38.2628   38.9492
   39.9673   41.8144   43.0024   43.7523   44.3320   46.4821   47.1468   48.0797   48.8589   53.3659
   55.2612   56.7220   56.9723   59.7749   62.4136   63.5224   67.0219
  52  1  -18.2113  -18.0483  -17.9944  -17.1768  -15.9371  -10.8767  -10.6264   -9.7826   -9.2940   -8.9576
          -8.6382   -8.1557   -8.0264   -7.9382   -7.8227   -7.5588   -7.3718   -6.1134   -6.0291   -5.6651
   -5.4184   -2.6413   -1.8419   -1.6255   -1.4184   -1.1582   -0.6792   -0.4759   -0.1324   -0.0156
    0.4063    0.8392    1.0557    1.6033    1.8370    2.3972    2.6215    2.8041    2.9940    3.2801
    3.4717    3.9024    4.6324    5.0498    5.2987    5.6072    6.0186    6.6860    7.1335    7.7242
    7.7953    8.3912    8.8501    9.0072    9.3393    9.6909   10.0591   10.2120   11.0684   12.0252
   12.3780   12.4802   12.9634   13.3447   13.6221   13.9183   14.2782   14.5418   15.0196   15.3085
   15.5875   15.7621   15.9380   16.1909   16.7555   17.2664   17.5818   17.9900   18.3394   18.6403
   19.2794   19.4868   20.1703   21.0727   22.6538   22.7090   26.6502   27.1526   28.1896   28.4737
   28.9202   29.9893   30.3193   31.2906   33.1952   36.0032   36.4145   37.4697   38.1757   38.8378
   39.8712   41.7526   42.8630   43.8198   44.3278   46.4803   47.2338   48.1096   48.7431   53.2681
   55.2839   56.7047   56.9786   59.8416   62.4927   63.6184   67.0576
  53  1  -18.1932  -18.0308  -17.9777  -17.1596  -15.9263  -10.8825  -10.6395   -9.8250   -9.3227   -8.9721
          -8.6521   -8.1575   -8.0585   -7.9765   -7.8586   -7.5880   -7.4009   -6.1249   -6.0501   -5.6928
   -5.4170   -2.6799   -1.8583   -1.6250   -1.4184   -1.1954   -0.6840   -0.4732   -0.1293    0.0041
    0.4198    0.8436    1.0397    1.6291    1.8194    2.3964    2.6084    2.8288    3.0085    3.2731
    3.4750    3.9185    4.6719    5.1273    5.3349    5.6530    6.0327    6.6715    7.1849    7.8016
    7.8878    8.3950    8.8826    9.0371    9.3734    9.7059   10.1055   10.3249   11.1385   12.0365
   12.3979   12.4924   13.0171   13.3994   13.6766   14.0185   14.3419   14.5924   15.0489   15.3431
   15.5529   15.7561   15.9461   16.2007   16.7558   17.3036   17.5743   17.9555   18.3295   18.6287
   19.2442   19.4514   20.1326   21.0372   22.6143   22.7488   26.5926   27.0806   28.1669   28.6123
   28.9550   29.9925   30.4446   31.3386   33.1734   35.9972   36.4180   37.4246   38.0841   38.7257
   39.7692   41.6895   42.7056   43.8231   44.3812   46.3927   47.3698   48.1369   48.6388   53.1630
   55.3000   56.6674   56.9866   59.8975   62.5667   63.7146   67.0922
  54  1  -18.1750  -18.0133  -17.9610  -17.1423  -15.9154  -10.8896  -10.6537   -9.8672   -9.3500   -8.9848
          -8.6660   -8.1619   -8.0877   -8.0151   -7.8950   -7.6163   -7.4281   -6.1387   -6.0697   -5.7209
   -5.4153   -2.7181   -1.8754   -1.6261   -1.4181   -1.2328   -0.6879   -0.4701   -0.1287    0.0270
    0.4354    0.8484    1.0260    1.6511    1.8071    2.3915    2.5967    2.8491    3.0278    3.2633
    3.4764    3.9323    4.7095    5.2066    5.3732    5.7031    6.0472    6.6565    7.2406    7.8628
    7.9994    8.3987    8.9153    9.0682    9.4061    9.7210   10.1404   10.4481   11.2069   12.0472
   12.4119   12.5061   13.0698   13.4533   13.7200   14.1235   14.4047   14.6448   15.0770   15.3783
   15.5164   15.7533   15.9549   16.2135   16.7512   17.3529   17.5745   17.9224   18.3210   18.6156
   19.2136   19.4232   20.0956   21.0093   22.5439   22.8201   26.5305   27.0182   28.1397   28.7434
   28.9973   30.0000   30.5736   31.3983   33.1527   35.9613   36.4307   37.3824   37.9883   38.6134
   39.6626   41.6247   42.5342   43.7759   44.4718   46.2554   47.5113   48.1613   48.5574   53.0518
   55.3102   56.6158   56.9928   59.9416   62.6376   63.8095   67.1265
  55  1  -18.1568  -17.9957  -17.9442  -17.1249  -15.9046  -10.8978  -10.6690   -9.9091   -9.3761   -8.9957
          -8.6799   -8.1738   -8.1093   -8.0534   -7.9317   -7.6437   -7.4536   -6.1551   -6.0877   -5.7492
   -5.4133   -2.7560   -1.8932   -1.6288   -1.4179   -1.2702   -0.6910   -0.4664   -0.1296    0.0522
    0.4529    0.8537    1.0149    1.6659    1.8033    2.3826    2.5865    2.8654    3.0512    3.2514
    3.4761    3.9435    4.7449    5.2866    5.4144    5.7556    6.0623    6.6426    7.2999    7.9198
    8.1165    8.4036    8.9487    9.1007    9.4364    9.7380   10.1709   10.5723   11.2727   12.0581
   12.4203   12.5212   13.1215   13.5057   13.7525   14.2303   14.4633   14.6994   15.1036   15.4106
   15.4870   15.7534   15.9652   16.2310   16.7428   17.4110   17.5833   17.8914   18.3139   18.6007
   19.1892   19.4021   20.0587   20.9891   22.4707   22.8947   26.4652   26.9657   28.1085   28.8587
   29.0524   30.0149   30.7043   31.4692   33.1331   35.8949   36.4520   37.3423   37.8890   38.5020
   39.5523   41.5581   42.3512   43.7021   44.5686   46.0887   47.6293   48.1819   48.5146   52.9360
   55.3149   56.5542   56.9948   59.9732   62.7073   63.9020   67.1614
  56  1  -18.1385  -17.9780  -17.9274  -17.1076  -15.8937  -10.9070  -10.6853   -9.9505   -9.4010   -9.0048
          -8.6936   -8.1973   -8.1214   -8.0896   -7.9688   -7.6702   -7.4773   -6.1743   -6.1040   -5.7776
   -5.4111   -2.7935   -1.9114   -1.6330   -1.4177   -1.3073   -0.6932   -0.4622   -0.1316    0.0790
    0.4725    0.8595    1.0063    1.6709    1.8108    2.3699    2.5777    2.8792    3.0769    3.2384
    3.4745    3.9520    4.7778    5.3658    5.4593    5.8088    6.0781    6.6308    7.3620    7.9760
    8.2327    8.4127    8.9831    9.1344    9.4631    9.7581   10.1996   10.6926   11.3349   12.0699
   12.4239   12.5369   13.1722   13.5554   13.7754   14.3328   14.5188   14.7538   15.1290   15.4167
   15.4919   15.7557   15.9783   16.2556   16.7322   17.4745   17.6008   17.8635   18.3087   18.5836
   19.1728   19.3882   20.0217   20.9765   22.3964   22.9711   26.3987   26.9223   28.0739   28.9485
   29.1278   30.0396   30.8358   31.5503   33.1144   35.8008   36.4781   37.3021   37.7873   38.3927
   39.4394   41.4892   42.1588   43.6146   44.6489   45.9063   47.7063   48.1967   48.5255   52.8166
   55.3150   56.4859   56.9915   59.9919   62.7778   63.9910   67.1978
  57  1  -18.1201  -17.9603  -17.9106  -17.0902  -15.8829  -10.9173  -10.7025   -9.9916   -9.4248   -9.0122
          -8.7069   -8.2288   -8.1420   -8.1093   -8.0062   -7.6956   -7.4995   -6.1959   -6.1188   -5.8062
   -5.4086   -2.8308   -1.9300   -1.6385   -1.4179   -1.3438   -0.6945   -0.4573   -0.1342    0.1069
    0.4939    0.8659    1.0005    1.6669    1.8289    2.3537    2.5704    2.8916    3.1024    3.2259
    3.4719    3.9576    4.8087    5.4413    5.5094    5.8603    6.0952    6.6219    7.4268    8.0323
    8.3341    8.4386    9.0187    9.1696    9.4852    9.7828   10.2273   10.8055   11.3932   12.0835
   12.4242   12.5522   13.2219   13.6009   13.7900   14.4172   14.5827   14.8017   15.1541   15.3985
   15.5318   15.7598   15.9965   16.2897   16.7208   17.5405   17.6260   17.8404   18.3064   18.5643
   19.1661   19.3813   19.9847   20.9712   22.3212   23.0489   26.3331   26.8868   28.0359   29.0129
   29.2213   30.0758   30.9677   31.6407   33.0966   35.6829   36.5046   37.2579   37.6855   38.2872
   39.3250   41.4174   41.9590   43.5191   44.6904   45.7262   47.7410   48.2040   48.5923   52.6952
   55.3113   56.4134   56.9826   59.9974   62.8510   64.0753   67.2363
  58  1  -18.1017  -17.9426  -17.8938  -17.0729  -15.8721  -10.9286  -10.7205  -10.0320   -9.4478   -9.0179
          -8.7197   -8.2638   -8.1785   -8.1096   -8.0437   -7.7200   -7.5201   -6.2193   -6.1327   -5.8348
   -5.4060   -2.8677   -1.9489   -1.6453   -1.4189   -1.3793   -0.6950   -0.4517   -0.1371    0.1356
    0.5171    0.8728    0.9976    1.6575    1.8539    2.3344    2.5645    2.9036    3.1227    3.2182
    3.4686    3.9604    4.8377    5.5077    5.5686    5.9075    6.1146    6.6167    7.4940    8.0890
    8.3850    8.5161    9.0556    9.2066    9.5022    9.8129   10.2547   10.9077   11.4475   12.0996
   12.4222   12.5664   13.2708   13.6393   13.7990   14.4689   14.6695   14.8356   15.1795   15.3827
   15.5797   15.7667   16.0221   16.3357   16.7100   17.6047   17.6574   17.8250   18.3091   18.5430
   19.1702   19.3814   19.9480   20.9728   22.2457   23.1277   26.2705   26.8577   27.9947   29.0620
   29.3213   30.1254   31.1001   31.7386   33.0796   35.5442   36.5278   37.2046   37.5866   38.1878
   39.2102   41.3415   41.7546   43.4178   44.6641   45.5759   47.7490   48.2045   48.6988   52.5730
   55.3046   56.3388   56.9682   59.9897   62.9284   64.1543   67.2777
  59  1  -18.0834  -17.9250  -17.8771  -17.0557  -15.8613  -10.9408  -10.7392  -10.0718   -9.4700   -9.0220
          -8.7317   -8.3005   -8.2179   -8.1063   -8.0806   -7.7433   -7.5393   -6.2441   -6.1462   -5.8634
   -5.4032   -2.9043   -1.9680   -1.6532   -1.4254   -1.4090   -0.6948   -0.4454   -0.1401    0.1648
    0.5421    0.8803    0.9977    1.6457    1.8829    2.3125    2.5599    2.9156    3.1298    3.2229
    3.4650    3.9605    4.8655    5.5624    5.6377    5.9478    6.1376    6.6160    7.5635    8.1462
    8.4048    8.6248    9.0940    9.2461    9.5142    9.8486   10.2821   10.9957   11.4985   12.1183
   12.4190   12.5789   13.3187   13.6660   13.8064   14.4949   14.7733   14.8507   15.2037   15.3756
   15.6256   15.7801   16.0573   16.3956   16.7013   17.6525   17.7019   17.8214   18.3194   18.5209
   19.1862   19.3880   19.9124   20.9808   22.1702   23.2074   26.2124   26.8338   27.9506   29.1028
   29.4203   30.1892   31.2332   31.8422   33.0636   35.3874   36.5441   37.1366   37.4936   38.0977
   39.0959   41.2584   41.5499   43.3114   44.5444   45.4822   47.7481   48.1993   48.8258   52.4511
   55.2959   56.2641   56.9486   59.9695   63.0113   64.2273   67.3225
  60  1  -18.0650  -17.9074  -17.8603  -17.0385  -15.8505  -10.9538  -10.7586  -10.1109   -9.4916   -9.0246
          -8.7427   -8.3383   -8.2582   -8.1229   -8.0959   -7.7655   -7.5571   -6.2700   -6.1596   -5.8919
   -5.4003   -2.9407   -1.9874   -1.6621   -1.4533   -1.4168   -0.6937   -0.4384   -0.1431    0.1943
    0.5687    0.8881    1.0010    1.6333    1.9140    2.2886    2.5568    2.9279    3.1216    3.2416
    3.4613    3.9582    4.8924    5.6091    5.7111    5.9791    6.1648    6.6205    7.6350    8.2036
    8.4206    8.7360    9.1332    9.2898    9.5222    9.8895   10.3095   11.0666   11.5472   12.1396
   12.4155   12.5896   13.3654   13.6758   13.8172   14.5087   14.8467   14.8808   15.2213   15.3787
   15.6635   15.8048   16.1032   16.4697   16.6965   17.6708   17.7664   17.8312   18.3388   18.5015
   19.2142   19.4010   19.8791   20.9945   22.0949   23.2880   26.1600   26.8141   27.9038   29.1376
   29.5163   30.2672   31.3669   31.9492   33.0486   35.2148   36.5495   37.0516   37.4071   38.0199
   38.9832   41.1582   41.3562   43.1999   44.3370   45.4418   47.7498   48.1888   48.9611   52.3307
   55.2863   56.1912   56.9242   59.9377   63.1003   64.2939   67.3712
  61  1  -18.0467  -17.8898  -17.8437  -17.0213  -15.8398  -10.9675  -10.7786  -10.1492   -9.5127   -9.0260
          -8.7525   -8.3767   -8.2987   -8.1602   -8.0898   -7.7868   -7.5735   -6.2967   -6.1730   -5.9203
   -5.3972   -2.9768   -2.0069   -1.6719   -1.4862   -1.4191   -0.6920   -0.4305   -0.1459    0.2240
    0.5967    0.8965    1.0075    1.6210    1.9465    2.2630    2.5549    2.9405    3.1048    3.2677
    3.4580    3.9538    4.9190    5.6503    5.7844    6.0013    6.1954    6.6306    7.7086    8.2605
    8.4389    8.8419    9.1721    9.3401    9.5276    9.9349   10.3372   11.1188   11.5943   12.1627
   12.4127   12.5987   13.4106   13.6673   13.8328   14.5183   14.8296   14.9806   15.2259   15.3926
   15.6948   15.8406   16.1592   16.5564   16.6984   17.6739   17.8343   17.8533   18.3621   18.4948
   19.2544   19.4198   19.8497   21.0133   22.0203   23.3692   26.1142   26.7976   27.8544   29.1669
   29.6104   30.3586   31.5011   32.0573   33.0354   35.0285   36.5384   36.9534   37.3235   37.9575
   38.8733   41.0155   41.2001   43.0824   44.0725   45.4290   47.7591   48.1740   49.0976   52.2127
   55.2766   56.1218   56.8956   59.8955   63.1959   64.3539   67.4241
  62  1  -18.0284  -17.8723  -17.8271  -17.0043  -15.8291  -10.9818  -10.7989  -10.1866   -9.5335   -9.0261
          -8.7609   -8.4156   -8.3395   -8.1987   -8.0821   -7.8069   -7.5885   -6.3240   -6.1867   -5.9485
   -5.3939   -3.0127   -2.0266   -1.6824   -1.5187   -1.4213   -0.6896   -0.4219   -0.1484    0.2536
    0.6262    0.9055    1.0172    1.6094    1.9796    2.2363    2.5543    2.9535    3.0841    3.2960
    3.4556    3.9479    4.9456    5.6863    5.8552    6.0159    6.2271    6.6465    7.7841    8.3154
    8.4625    8.9382    9.2083    9.4004    9.5323    9.9840   10.3651   11.1522   11.6396   12.1859
   12.4118   12.6062   13.4531   13.6454   13.8491   14.5279   14.8038   15.0627   15.2188   15.4138
   15.7292   15.8811   16.2219   16.6478   16.7152   17.6722   17.8572   17.9243   18.3709   18.5218
   19.3067   19.4432   19.8273   21.0366   21.9469   23.4511   26.0757   26.7837   27.8026   29.1910
   29.7044   30.4616   31.6358   32.1634   33.0246   34.8307   36.5028   36.8520   37.2380   37.9115
   38.7670   40.8258   41.0871   42.9566   43.7790   45.4231   47.7759   48.1566   49.2319   52.0980
   55.2678   56.0574   56.8637   59.8444   63.2980   64.4076   67.4816
  63  1  -18.0102  -17.8549  -17.8106  -16.9874  -15.8185  -10.9966  -10.8196  -10.2232   -9.5541   -9.0254
          -8.7678   -8.4547   -8.3805   -8.2376   -8.0739   -7.8261   -7.6023   -6.3520   -6.2007   -5.9765
   -5.3906   -3.0483   -2.0465   -1.6935   -1.5502   -1.4238   -0.6865   -0.4125   -0.1505    0.2832
    0.6569    0.9151    1.0300    1.5987    2.0132    2.2091    2.5549    2.9667    3.0616    3.3242
    3.4543    3.9407    4.9723    5.7166    5.9223    6.0252    6.2577    6.6680    7.8615    8.3657
    8.4945    9.0225    9.2392    9.4709    9.5408   10.0360   10.3934   11.1690   11.6820   12.2070
   12.4142   12.6127   13.4890   13.6179   13.8621   14.5394   14.7741   15.1063   15.2171   15.4372
   15.7757   15.9204   16.2860   16.7058   16.7844   17.6709   17.8648   18.0112   18.3596   18.5868
   19.3701   19.4699   19.8160   21.0640   21.8753   23.5334   26.0447   26.7717   27.7486   29.2101
   29.8003   30.5744   31.7706   32.2639   33.0179   34.6236   36.4331   36.7597   37.1478   37.8807
   38.6653   40.6174   40.9895   42.8177   43.4777   45.4141   47.7963   48.1406   49.3620   51.9874
   55.2607   55.9995   56.8291   59.7863   63.4062   64.4555   67.5436
  64  1  -17.9922  -17.8376  -17.7942  -16.9707  -15.8080  -11.0119  -10.8405  -10.2589   -9.5745   -9.0239
          -8.7728   -8.4941   -8.4216   -8.2766   -8.0653   -7.8445   -7.6146   -6.3804   -6.2151   -6.0043
   -5.3871   -3.0838   -2.0665   -1.7052   -1.5806   -1.4267   -0.6829   -0.4023   -0.1523    0.3126
    0.6888    0.9255    1.0458    1.5891    2.0464    2.1820    2.5565    2.9798    3.0385    3.3510
    3.4548    3.9331    4.9993    5.7408    5.9844    6.0310    6.2859    6.6943    7.9406    8.4086
    8.5378    9.0935    9.2633    9.5247    9.5816   10.0903   10.4222   11.1725   11.7198   12.2233
   12.4212   12.6186   13.5043   13.6022   13.8694   14.5532   14.7441   15.0952   15.2372   15.4600
   15.8376   15.9555   16.3455   16.7414   16.8939   17.6722   17.8662   18.1052   18.3425   18.6728
   19.4391   19.5025   19.8220   21.0950   21.8064   23.6161   26.0216   26.7608   27.6925   29.2250
   29.8995   30.6949   31.9052   32.3540   33.0177   34.4099   36.3268   36.6811   37.0531   37.8618
   38.5688   40.4047   40.8933   42.6557   43.1901   45.3980   47.8123   48.1328   49.4870   51.8816
   55.2558   55.9494   56.7930   59.7228   63.5196   64.4984   67.6101
  65  1  -17.9742  -17.8205  -17.7780  -16.9541  -15.7975  -11.0275  -10.8614  -10.2935   -9.5949   -9.0218
          -8.7760   -8.5334   -8.4627   -8.3158   -8.0567   -7.8620   -7.6255   -6.4093   -6.2299   -6.0319
   -5.3835   -3.1190   -2.0866   -1.7175   -1.6098   -1.4299   -0.6787   -0.3913   -0.1536    0.3419
    0.7218    0.9369    1.0645    1.5806    2.0781    2.1568    2.5590    2.9928    3.0153    3.3752
    3.4578    3.9255    5.0267    5.7584    6.0346    6.0406    6.3118    6.7240    8.0212    8.4440
    8.5923    9.1509    9.2819    9.5412    9.6739   10.1462   10.4516   11.1665   11.7518   12.2327
   12.4331   12.6247   13.4812   13.6179   13.8699   14.5678   14.7164   15.0557   15.2579   15.4811
   15.9114   15.9856   16.3960   16.7826   17.0128   17.6769   17.8644   18.1980   18.3358   18.7661
   19.4861   19.5668   19.8513   21.1293   21.7412   23.6991   26.0062   26.7506   27.6346   29.2363
   30.0031   30.8209   32.0394   32.4271   33.0280   34.1928   36.1927   36.6092   36.9558   37.8506
   38.4777   40.1924   40.7935   42.4560   42.9402   45.3740   47.8137   48.1417   49.6063   51.7810
   55.2537   55.9081   56.7566   59.6559   63.6367   64.5379   67.6812
  66  1  -17.9563  -17.8035  -17.7619  -16.9377  -15.7872  -11.0432  -10.8824  -10.3272   -9.6152   -9.0195
          -8.7773   -8.5726   -8.5037   -8.3550   -8.0480   -7.8788   -7.6350   -6.4385   -6.2452   -6.0591
   -5.3797   -3.1540   -2.1068   -1.7301   -1.6376   -1.4335   -0.6741   -0.3796   -0.1545    0.3710
    0.7556    0.9494    1.0858    1.5734    2.0993    2.1424    2.5621    2.9926    3.0056    3.3956
    3.4642    3.9188    5.0544    5.7694    6.0370    6.0891    6.3359    6.7557    8.1031    8.4745
    8.6551    9.1915    9.3003    9.5548    9.7795   10.2031   10.4820   11.1547   11.7773   12.2347
   12.4487   12.6317   13.4374   13.6490   13.8634   14.5801   14.6936   15.0068   15.2691   15.4996
   15.9824   16.0193   16.4362   16.8281   17.1366   17.6839   17.8629   18.2477   18.3850   18.8562
   19.5063   19.6689   19.9068   21.1663   21.6815   23.7823   25.9986   26.7405   27.5748   29.2452
   30.1115   30.9497   32.1729   32.4760   33.0528   33.9769   36.0424   36.5347   36.8584   37.8420
   38.3922   39.9828   40.6872   42.2160   42.7400   45.3426   47.7948   48.1713   49.7198   51.6862
   55.2548   55.8763   56.7211   59.5871   63.7553   64.5763   67.7566
  67  1  -17.9386  -17.7867  -17.7459  -16.9215  -15.7769  -11.0591  -10.9033  -10.3598   -9.6356   -9.0171
          -8.7768   -8.6113   -8.5448   -8.3943   -8.0393   -7.8950   -7.6429   -6.4681   -6.2609   -6.0859
   -5.3758   -3.1888   -2.1271   -1.7432   -1.6640   -1.4374   -0.6691   -0.3671   -0.1550    0.3999
    0.7901    0.9631    1.1096    1.5674    2.0887    2.1604    2.5656    2.9711    3.0179    3.4113
    3.4743    3.9136    5.0824    5.7741    6.0382    6.1293    6.3595    6.7876    8.1859    8.5020
    8.7233    9.2095    9.3269    9.5706    9.8891   10.2603   10.5142   11.1406   11.7964   12.2300
   12.4653   12.6405   13.3871   13.6824   13.8505   14.5860   14.6777   14.9563   15.2733   15.5144
   16.0120   16.0894   16.4676   16.8725   17.2630   17.6914   17.8657   18.2478   18.4974   18.9344
   19.5223   19.7923   19.9873   21.2054   21.6299   23.8655   25.9984   26.7300   27.5132   29.2523
   30.2249   31.0781   32.3055   32.4947   33.0941   33.7681   35.8841   36.4522   36.7635   37.8300
   38.3128   39.7768   40.5724   41.9573   42.5770   45.3048   47.7578   48.2179   49.8273   51.5978
   55.2592   55.8543   56.6884   59.5181   63.8719   64.6171   67.8360
  68  1  -17.9211  -17.7701  -17.7302  -16.9055  -15.7667  -11.0750  -10.9240  -10.3913   -9.6559   -9.0147
          -8.7752   -8.6489   -8.5856   -8.4336   -8.0309   -7.9108   -7.6492   -6.4981   -6.2770   -6.1124
   -5.3718   -3.2234   -2.1475   -1.7568   -1.6888   -1.4415   -0.6638   -0.3540   -0.1549    0.4287
    0.8251    0.9782    1.1358    1.5625    2.0663    2.1912    2.5691    2.9513    3.0298    3.4229
    3.4873    3.9107    5.1107    5.7733    6.0382    6.1604    6.3831    6.8183    8.2692    8.5275
    8.7950    9.2069    9.3615    9.5892    9.9979   10.3178   10.5492   11.1274   11.8095   12.2201
   12.4802   12.6516   13.3354   13.7139   13.8323   14.5827   14.6670   14.9101   15.2744   15.5257
   16.0231   16.1685   16.4919   16.9110   17.3883   17.6965   17.8776   18.2407   18.6302   18.9935
   19.5438   19.9334   20.0892   21.2444   21.5912   23.9488   26.0054   26.7185   27.4498   29.2585
   30.3433   31.2018   32.4322   32.4835   33.1496   33.5754   35.7236   36.3600   36.6732   37.8064
   38.2418   39.5747   40.4482   41.7057   42.4345   45.2618   47.7087   48.2743   49.9288   51.5163
   55.2673   55.8416   56.6603   59.4502   63.9817   64.6653   67.9193
  69  1  -17.9038  -17.7536  -17.7147  -16.8898  -15.7567  -11.0908  -10.9444  -10.4217   -9.6763   -9.0126
          -8.7743   -8.6835   -8.6261   -8.4729   -8.0227   -7.9260   -7.6539   -6.5283   -6.2936   -6.1385
   -5.3677   -3.2578   -2.1679   -1.7707   -1.7120   -1.4458   -0.6582   -0.3403   -0.1544    0.4573
    0.8603    0.9949    1.1643    1.5589    2.0432    2.2236    2.5720    2.9340    3.0411    3.4314
    3.5017    3.9107    5.1390    5.7677    6.0368    6.1825    6.4070    6.8466    8.3523    8.5511
    8.8690    9.1914    9.3973    9.6112   10.1009   10.3761   10.5887   11.1181   11.8173   12.2063
   12.4914   12.6651   13.2844   13.7399   13.8115   14.5714   14.6555   14.8737   15.2752   15.5342
   16.0282   16.2415   16.5111   16.9412   17.5062   17.6968   17.9032   18.2383   18.7709   19.0309
   19.5746   20.0892   20.2091   21.2780   21.5746   24.0319   26.0190   26.7057   27.3844   29.2644
   30.4666   31.3154   32.4222   32.5686   33.2139   33.4121   35.5660   36.2588   36.5892   37.7606
   38.1834   39.3760   40.3163   41.4780   42.3027   45.2149   47.6523   48.3343   50.0245   51.4426
   55.2793   55.8372   56.6391   59.3846   64.0779   64.7278   68.0061
  70  1  -17.8867  -17.7374  -17.6994  -16.8743  -15.7468  -11.1065  -10.9645  -10.4509   -9.6966   -9.0107
          -8.7796   -8.7101   -8.6657   -8.5121   -8.0153   -7.9404   -7.6570   -6.5588   -6.3107   -6.1641
   -5.3634   -3.2919   -2.1884   -1.7852   -1.7333   -1.4503   -0.6525   -0.3260   -0.1533    0.4859
    0.8952    1.0136    1.1948    1.5564    2.0213    2.2560    2.5737    2.9199    3.0520    3.4380
    3.5162    3.9141    5.1671    5.7583    6.0338    6.1963    6.4301    6.8715    8.4335    8.5725
    8.9438    9.1686    9.4282    9.6383   10.1924   10.4374   10.6343   11.1150   11.8207   12.1898
   12.4984   12.6800   13.2357   13.7493   13.7996   14.5518   14.6408   14.8497   15.2771   15.5417
   16.0298   16.3035   16.5275   16.9622   17.6077   17.6924   17.9453   18.2462   18.9137   19.0491
   19.6138   20.2491   20.3500   21.2980   21.5928   24.1147   26.0387   26.6914   27.3168   29.2705
   30.5945   31.4128   32.3322   32.6834   33.2646   33.3139   35.4157   36.1510   36.5122   37.6824
   38.1418   39.1800   40.1825   41.2816   42.1773   45.1650   47.5923   48.3934   50.1142   51.3777
   55.2957   55.8395   56.6271   59.3223   64.1540   64.8112   68.0961
  71  1  -17.8699  -17.7215  -17.6843  -16.8591  -15.7370  -11.1219  -10.9841  -10.4789   -9.7168   -9.0092
          -8.7996   -8.7250   -8.6998   -8.5512   -8.0093   -7.9533   -7.6586   -6.5895   -6.3283   -6.1893
   -5.3591   -3.3258   -2.2088   -1.8002   -1.7527   -1.4549   -0.6468   -0.3113   -0.1518    0.5145
    0.9291    1.0347    1.2272    1.5551    2.0014    2.2879    2.5736    2.9100    3.0624    3.4426
    3.5306    3.9212    5.1949    5.7458    6.0289    6.2032    6.4514    6.8922    8.5092    8.5930
    9.0161    9.1446    9.4504    9.6729   10.2665   10.5051   10.6876   11.1199   11.8204   12.1715
   12.5011   12.6952   13.1907   13.7290   13.8100   14.5206   14.6291   14.8354   15.2796   15.5503
   16.0294   16.3508   16.5442   16.9744   17.6669   17.7033   18.0002   18.2709   19.0344   19.0743
   19.6570   20.3911   20.5249   21.3025   21.6532   24.1970   26.0640   26.6754   27.2470   29.2768
   30.7266   31.4869   32.2051   32.7690   33.2255   33.3768   35.2773   36.0401   36.4425   37.5677
   38.1161   38.9869   40.0558   41.1166   42.0565   45.1130   47.5313   48.4482   50.1979   51.3227
   55.3168   55.8461   56.6269   59.2642   64.2068   64.9189   68.1890
  72  1  -17.8532  -17.7058  -17.6695  -16.8442  -15.7274  -11.1369  -11.0032  -10.5058   -9.7370   -9.0081
          -8.8310   -8.7535   -8.7060   -8.5903   -8.0072   -7.9623   -7.6586   -6.6204   -6.3463   -6.2139
   -5.3546   -3.3594   -2.2293   -1.8157   -1.7701   -1.4596   -0.6411   -0.2963   -0.1496    0.5432
    0.9613    1.0588    1.2613    1.5549    1.9839    2.3191    2.5710    2.9050    3.0726    3.4452
    3.5452    3.9317    5.2219    5.7311    6.0220    6.2046    6.4695    6.9081    8.5651    8.6228
    9.0654    9.1422    9.4621    9.7162   10.3216   10.5789   10.7490   11.1343   11.8175   12.1524
   12.5002   12.7095   13.1503   13.6963   13.8263   14.4783   14.6258   14.8255   15.2808   15.5629
   16.0280   16.3810   16.5641   16.9787   17.6588   17.7558   18.0544   18.3210   19.0396   19.2025
   19.6994   20.5092   20.7310   21.3000   21.7524   24.2787   26.0942   26.6578   27.1749   29.2833
   30.8624   31.5311   32.0517   32.8018   33.2367   33.4768   35.1547   35.9303   36.3800   37.4195
   38.0995   38.7990   39.9452   40.9787   41.9396   45.0597   47.4713   48.4955   50.2757   51.2791
   55.3431   55.8549   56.6408   59.2110   64.2378   65.0494   68.2844
  73  1  -17.8369  -17.6904  -17.6550  -16.8296  -15.7179  -11.1516  -11.0218  -10.5314   -9.7569   -9.0075
          -8.8666   -8.7917   -8.6957   -8.6291   -8.0121   -7.9643   -7.6572   -6.6514   -6.3648   -6.2381
   -5.3500   -3.3928   -2.2497   -1.8316   -1.7856   -1.4642   -0.6355   -0.2812   -0.1467    0.5721
    0.9911    1.0867    1.2968    1.5558    1.9691    2.3493    2.5656    2.9055    3.0826    3.4455
    3.5606    3.9455    5.2479    5.7148    6.0131    6.2016    6.4834    6.9187    8.5834    8.6727
    9.0599    9.1980    9.4645    9.7679   10.3617   10.6542   10.8181   11.1590   11.8128   12.1337
   12.4959   12.7220   13.1152   13.6598   13.8407   14.4300   14.6303   14.8166   15.2778   15.5820
   16.0263   16.3948   16.5872   16.9761   17.6412   17.7987   18.0955   18.3991   19.0301   19.3358
   19.7366   20.6089   20.9529   21.3021   21.8839   24.3598   26.1287   26.6383   27.1006   29.2895
   31.0010   31.5379   31.8888   32.7841   33.2895   33.6082   35.0504   35.8264   36.3245   37.2440
   38.0836   38.6227   39.8564   40.8619   41.8263   45.0058   47.4142   48.5327   50.3474   51.2485
   55.3750   55.8640   56.6702   59.1631   64.2515   65.1985   68.3820
  74  1  -17.8209  -17.6754  -17.6407  -16.8154  -15.7086  -11.1658  -11.0397  -10.5558   -9.7767   -9.0077
          -8.9033   -8.8308   -8.6808   -8.6675   -8.0235   -7.9599   -7.6545   -6.6826   -6.3837   -6.2618
   -5.3453   -3.4258   -2.2700   -1.8476   -1.7994   -1.4688   -0.6301   -0.2660   -0.1431    0.6012
    1.0181    1.1184    1.3333    1.5581    1.9575    2.3784    2.5572    2.9118    3.0926    3.4435
    3.5772    3.9620    5.2723    5.6975    6.0023    6.1949    6.4924    6.9238    8.5814    8.7134
    9.0495    9.2716    9.4604    9.8267   10.3927   10.7255   10.8926   11.1947   11.8072   12.1163
   12.4886   12.7323   13.0859   13.6220   13.8517   14.3803   14.6401   14.8075   15.2688   15.6089
   16.0247   16.3966   16.6104   16.9680   17.6207   17.8314   18.1231   18.4956   19.0200   19.4619
   19.7657   20.6940   21.1589   21.3378   22.0419   24.4400   26.1667   26.6169   27.0247   29.2945
   31.1406   31.4951   31.7405   32.7328   33.3537   33.7710   34.9656   35.7333   36.2753   37.0493
   38.0570   38.4693   39.7909   40.7608   41.7170   44.9518   47.3613   48.5575   50.4129   51.2325
   55.4125   55.8727   56.7156   59.1211   64.2524   65.3617   68.4814
  75  1  -17.8052  -17.6606  -17.6268  -16.8014  -15.6995  -11.1795  -11.0569  -10.5789   -9.7962   -9.0095
          -8.9391   -8.8696   -8.7064   -8.6625   -8.0381   -7.9521   -7.6507   -6.7139   -6.4030   -6.2849
   -5.3405   -3.4585   -2.2901   -1.8634   -1.8118   -1.4734   -0.6251   -0.2512   -0.1386    0.6306
    1.0426    1.1536    1.3704    1.5619    1.9493    2.4062    2.5462    2.9235    3.1025    3.4398
    3.5952    3.9807    5.2946    5.6800    5.9897    6.1855    6.4959    6.9232    8.5667    8.7222
    9.0624    9.3461    9.4540    9.8911   10.4186   10.7908   10.9683   11.2418   11.8017   12.1014
   12.4783   12.7406   13.0625   13.5844   13.8588   14.3323   14.6532   14.7988   15.2531   15.6428
   16.0235   16.3912   16.6306   16.9556   17.5984   17.8566   18.1420   18.5988   19.0135   19.5789
   19.7844   20.7683   21.2457   21.5065   22.2204   24.5196   26.2078   26.5928   26.9489   29.2970
   31.2695   31.4001   31.6302   32.6568   33.4199   33.9530   34.9010   35.6556   36.2317   36.8456
   38.0042   38.3560   39.7469   40.6712   41.6117   44.8983   47.3140   48.5679   50.4721   51.2325
   55.4554   55.8810   56.7765   59.0851   64.2437   65.5358   68.5823
  76  1  -17.7898  -17.6462  -17.6132  -16.7879  -15.6905  -11.1926  -11.0734  -10.6008   -9.8153   -9.0162
          -8.9708   -8.9076   -8.7446   -8.6427   -8.0542   -7.9427   -7.6459   -6.7452   -6.4227   -6.3075
   -5.3357   -3.4909   -2.3101   -1.8789   -1.8229   -1.4778   -0.6205   -0.2370   -0.1328    0.6604
    1.0652    1.1914    1.4073    1.5680    1.9449    2.4324    2.5334    2.9405    3.1125    3.4350
    3.6145    4.0009    5.3139    5.6629    5.9755    6.1737    6.4936    6.9168    8.5398    8.6944
    9.1032    9.4088    9.4587    9.9601   10.4419   10.8499   11.0411   11.2999   11.7975   12.0899
   12.4654   12.7477   13.0447   13.5483   13.8616   14.2879   14.6669   14.7921   15.2315   15.6816
   16.0226   16.3826   16.6457   16.9400   17.5747   17.8758   18.1549   18.6998   19.0145   19.6842
   19.7932   20.8357   21.2667   21.7501   22.4134   24.5986   26.2511   26.5637   26.8764   29.2955
   31.2188   31.4412   31.5447   32.5613   33.4867   34.1353   34.8602   35.5961   36.1928   36.6456
   37.9171   38.2925   39.7213   40.5900   41.5110   44.8456   47.2733   48.5625   50.5249   51.2498
   55.5031   55.8905   56.8512   59.0556   64.2281   65.7182   68.6842
  77  1  -17.7747  -17.6321  -17.5999  -16.7747  -15.6817  -11.2051  -11.0890  -10.6214   -9.8341   -9.0360
          -8.9911   -8.9435   -8.7825   -8.6213   -8.0711   -7.9322   -7.6403   -6.7765   -6.4427   -6.3296
   -5.3307   -3.5229   -2.3299   -1.8939   -1.8329   -1.4820   -0.6164   -0.2237   -0.1257    0.6907
    1.0866    1.2312    1.4425    1.5776    1.9443    2.4559    2.5203    2.9621    3.1226    3.4299
    3.6347    4.0223    5.3293    5.6471    5.9599    6.1600    6.4854    6.9047    8.5006    8.6401
    9.1610    9.4226    9.5135   10.0326   10.4636   10.9033   11.1088   11.3663   11.7960   12.0827
   12.4503   12.7545   13.0320   13.5146   13.8596   14.2487   14.6779   14.7903   15.2053   15.7221
   16.0220   16.3742   16.6550   16.9220   17.5501   17.8898   18.1624   18.7923   19.0278   19.7590
   19.8104   20.8988   21.2807   22.0047   22.6152   24.6773   26.2964   26.5255   26.8132   29.2884
   31.0655   31.4523   31.5760   32.4544   33.5518   34.2915   34.8556   35.5539   36.1583   36.4648
   37.8110   38.2653   39.7108   40.5151   41.4151   44.7942   47.2402   48.5406   50.5714   51.2848
   55.5541   55.9033   56.9378   59.0325   64.2070   65.9075   68.7869
  78  1  -17.7601  -17.6184  -17.5870  -16.7619  -15.6731  -11.2169  -11.1039  -10.6407   -9.8524   -9.0678
          -9.0067   -8.9714   -8.8201   -8.5987   -8.0886   -7.9208   -7.6340   -6.8078   -6.4629   -6.3511
   -5.3257   -3.5544   -2.3494   -1.9083   -1.8418   -1.4861   -0.6130   -0.2117   -0.1170    0.7215
    1.1071    1.2723    1.4739    1.5927    1.9478    2.4720    2.5121    2.9876    3.1326    3.4254
    3.6556    4.0443    5.3398    5.6333    5.9430    6.1448    6.4712    6.8869    8.4486    8.5699
    9.2233    9.4233    9.5859   10.1075   10.4842   10.9514   11.1715   11.4364   11.7991   12.0806
   12.4338   12.7619   13.0236   13.4845   13.8524   14.2160   14.6828   14.7963   15.1759   15.7609
   16.0216   16.3690   16.6585   16.9026   17.5247   17.8991   18.1640   18.8701   19.0591   19.7578
   19.8822   20.9583   21.2957   22.2571   22.8209   24.7561   26.3430   26.4729   26.7667   29.2740
   30.9120   31.3566   31.6933   32.3506   33.6107   34.3900   34.9061   35.5228   36.1301   36.3216
   37.7058   38.2563   39.7126   40.4448   41.3245   44.7445   47.2153   48.5018   50.6116   51.3376
   55.6064   55.9224   57.0342   59.0161   64.1816   66.1022   68.8898
  79  1  -17.7458  -17.6051  -17.5745  -16.7495  -15.6647  -11.2280  -11.1179  -10.6587   -9.8702   -9.1033
          -9.0345   -8.9824   -8.8573   -8.5751   -8.1063   -7.9089   -7.6271   -6.8391   -6.4833   -6.3722
   -5.3206   -3.5855   -2.3687   -1.9221   -1.8497   -1.4900   -0.6103   -0.2012   -0.1065    0.7527
    1.1272    1.3143    1.4995    1.6156    1.9553    2.4698    2.5204    3.0165    3.1426    3.4222
    3.6768    4.0666    5.3443    5.6222    5.9251    6.1285    6.4512    6.8637    8.3837    8.4904
    9.2791    9.4334    9.6592   10.1835   10.5043   10.9944   11.2304   11.5047   11.8091   12.0839
   12.4174   12.7708   13.0189   13.4587   13.8395   14.1904   14.6807   14.8102   15.1446   15.7943
   16.0214   16.3699   16.6565   16.8825   17.4986   17.9040   18.1592   18.9305   19.1109   19.7332
   19.9575   21.0129   21.3144   22.5000   23.0266   24.8354   26.3839   26.4111   26.7411   29.2510
   30.7666   31.2502   31.7700   32.2793   33.6578   34.4271   35.0036   35.4928   36.1131   36.2347
   37.6139   38.2563   39.7241   40.3781   41.2394   44.6967   47.1992   48.4467   50.6456   51.4077
   55.6568   55.9514   57.1384   59.0064   64.1529   66.3015   68.9926
  80  1  -17.7319  -17.5922  -17.5623  -16.7376  -15.6566  -11.2383  -11.1310  -10.6755   -9.8874   -9.1396
          -9.0691   -8.9850   -8.8942   -8.5506   -8.1241   -7.8963   -7.6199   -6.8702   -6.5038   -6.3929
   -5.3155   -3.6161   -2.3876   -1.9353   -1.8566   -1.4936   -0.6083   -0.1922   -0.0943    0.7846
    1.1471    1.3567    1.5187    1.6468    1.9668    2.4560    2.5388    3.0483    3.1524    3.4211
    3.6980    4.0889    5.3421    5.6142    5.9063    6.1113    6.4257    6.8352    8.3057    8.4057
    9.3155    9.4644    9.7314   10.2587   10.5246   11.0322   11.2864   11.5660   11.8284   12.0928
   12.4029   12.7817   13.0174   13.4380   13.8210   14.1723   14.6737   14.8295   15.1127   15.8189
   16.0210   16.3796   16.6499   16.8625   17.4718   17.9048   18.1478   18.9801   19.1764   19.6994
   20.0244   21.0598   21.3389   22.7272   23.2288   24.9155   26.3180   26.4456   26.7349   29.2189
   30.6312   31.1352   31.7641   32.2827   33.6894   34.4300   35.1093   35.4613   36.0973   36.2271
   37.5434   38.2611   39.7436   40.3142   41.1603   44.6511   47.1923   48.3760   50.6738   51.4942
   55.7020   55.9936   57.2485   59.0035   64.1215   66.5044   69.0949
  81  1  -17.7185  -17.5797  -17.5505  -16.7260  -15.6486  -11.2479  -11.1432  -10.6909   -9.9041   -9.1759
          -9.1050   -8.9850   -8.9306   -8.5255   -8.1420   -7.8831   -7.6123   -6.9012   -6.5244   -6.4131
   -5.3104   -3.6462   -2.4061   -1.9478   -1.8625   -1.4969   -0.6073   -0.1847   -0.0807    0.8170
    1.1669    1.3993    1.5338    1.6842    1.9822    2.4397    2.5587    3.0821    3.1622    3.4228
    3.7187    4.1110    5.3331    5.6088    5.8864    6.0935    6.3953    6.8019    8.2154    8.3183
    9.3305    9.5171    9.8016   10.3299   10.5476   11.0645   11.3401   11.6171   11.8577   12.1069
   12.3928   12.7949   13.0188   13.4232   13.7977   14.1610   14.6639   14.8510   15.0816   15.8324
   16.0206   16.3992   16.6395   16.8435   17.4444   17.9017   18.1300   19.0274   19.2457   19.6599
   20.0822   21.0962   21.3711   22.9327   23.4251   24.9961   26.2302   26.4993   26.7444   29.1777
   30.5055   31.0135   31.6805   32.3551   33.7063   34.4178   35.1943   35.4442   36.0695   36.2990
   37.5023   38.2693   39.7699   40.2527   41.0873   44.6081   47.1949   48.2909   50.6961   51.5960
   55.7402   56.0507   57.3630   59.0072   64.0878   66.7104   69.1962
  82  1  -17.7055  -17.5676  -17.5392  -16.7149  -15.6409  -11.2566  -11.1545  -10.7051   -9.9201   -9.2119
          -9.1409   -8.9842   -8.9665   -8.4999   -8.1598   -7.8695   -7.6047   -6.9321   -6.5449   -6.4329
   -5.3053   -3.6757   -2.4242   -1.9597   -1.8674   -1.5000   -0.6071   -0.1785   -0.0659    0.8500
    1.1868    1.4412    1.5476    1.7256    2.0015    2.4229    2.5782    3.1167    3.1728    3.4277
    3.7386    4.1326    5.3177    5.6052    5.8654    6.0751    6.3608    6.7642    8.1149    8.2286
    9.3340    9.5803    9.8694   10.3917   10.5778   11.0913   11.3919   11.6584   11.8946   12.1248
   12.3904   12.8103   13.0230   13.4145   13.7706   14.1556   14.6523   14.8725   15.0529   15.8340
   16.0200   16.4275   16.6265   16.8270   17.4162   17.8949   18.1063   19.0771   19.3119   19.6181
   20.1311   21.1206   21.4112   23.1116   23.6128   25.0759   26.1425   26.5579   26.7662   29.1287
   30.3880   30.8872   31.5610   32.4514   33.7158   34.3954   35.2493   35.4638   36.0410   36.4071
   37.4999   38.2803   39.8019   40.1936   41.0208   44.5677   47.2070   48.1928   50.7127   51.7119
   55.7721   56.1214   57.4804   59.0174   64.0525   66.9187   69.2961
  83  1  -17.6929  -17.5560  -17.5282  -16.7042  -15.6334  -11.2646  -11.1649  -10.7180   -9.9354   -9.2475
          -9.1765   -9.0020   -8.9827   -8.4740   -8.1773   -7.8554   -7.5969   -6.9626   -6.5652   -6.4523
   -5.3001   -3.7045   -2.4419   -1.9711   -1.8713   -1.5028   -0.6080   -0.1732   -0.0503    0.8836
    1.2069    1.4814    1.5628    1.7693    2.0244    2.4064    2.5969    3.1484    3.1878    3.4362
    3.7571    4.1536    5.2966    5.6022    5.8427    6.0562    6.3234    6.7225    8.0068    8.1363
    9.3327    9.6465    9.9339   10.4376   10.6215   11.1125   11.4417   11.6934   11.9348   12.1442
   12.3991   12.8280   13.0302   13.4124   13.7410   14.1550   14.6391   14.8921   15.0283   15.8248
   16.0191   16.4604   16.6128   16.8153   17.3872   17.8845   18.0775   19.1305   19.3676   19.5803
   20.1717   21.1344   21.4569   23.2607   23.7889   25.1512   26.0623   26.6223   26.7983   29.0734
   30.2770   30.7580   31.4294   32.5420   33.7298   34.3642   35.2826   35.5237   36.0159   36.5152
   37.5449   38.2943   39.8386   40.1372   40.9609   44.5301   47.2286   48.0830   50.7239   51.8408
   55.7996   56.2029   57.5997   59.0341   64.0158   67.1286   69.3943
  84  1  -17.6808  -17.5448  -17.5177  -16.6940  -15.6261  -11.2717  -11.1743  -10.7296   -9.9500   -9.2826
          -9.2115   -9.0369   -8.9809   -8.4480   -8.1945   -7.8410   -7.5892   -6.9929   -6.5853   -6.4713
   -5.2950   -3.7328   -2.4590   -1.9818   -1.8742   -1.5053   -0.6099   -0.1686   -0.0343    0.9178
    1.2275    1.5174    1.5827    1.8143    2.0507    2.3907    2.6146    3.1695    3.2148    3.4483
    3.7739    4.1741    5.2709    5.5986    5.8176    6.0364    6.2849    6.6774    7.8935    8.0413
    9.3292    9.7122    9.9942   10.4661   10.6798   11.1284   11.4894   11.7252   11.9748   12.1626
   12.4215   12.8476   13.0402   13.4167   13.7101   14.1580   14.6239   14.9082   15.0100   15.8069
   16.0177   16.4898   16.6011   16.8122   17.3575   17.8708   18.0444   19.1872   19.3975   19.5621
   20.2046   21.1397   21.5053   23.3791   23.9503   25.2153   25.9987   26.6930   26.8396   29.0141
   30.1705   30.6279   31.2950   32.6107   33.7616   34.3279   35.3057   35.6138   35.9958   36.6024
   37.6396   38.3120   39.8782   40.0858   40.9078   44.4956   47.2592   47.9630   50.7298   51.9816
   55.8249   56.2922   57.7197   59.0570   63.9782   67.3393   69.4903
  85  1  -17.6692  -17.5341  -17.5076  -16.6843  -15.6191  -11.2780  -11.1828  -10.7400   -9.9639   -9.3170
          -9.2459   -9.0711   -8.9789   -8.4221   -8.2110   -7.8262   -7.5816   -7.0229   -6.6051   -6.4900
   -5.2899   -3.7603   -2.4757   -1.9921   -1.8761   -1.5075   -0.6129   -0.1645   -0.0181    0.9526
    1.2485    1.5463    1.6107    1.8598    2.0804    2.3760    2.6310    3.1818    3.2521    3.4639
    3.7884    4.1939    5.2410    5.5936    5.7889    6.0148    6.2476    6.6295    7.7766    7.9436
    9.3246    9.7757   10.0495   10.4828   10.7472   11.1399   11.5348   11.7556   12.0138   12.1787
   12.4575   12.8689   13.0533   13.4274   13.6789   14.1640   14.6062   14.9196   14.9997   15.7823
   16.0155   16.5053   16.5954   16.8232   17.3270   17.8539   18.0078   19.2455   19.3850   19.5812
   20.2309   21.1390   21.5535   23.4676   24.0941   25.2583   25.9621   26.7694   26.8898   28.9530
   30.0674   30.4985   31.1620   32.6496   33.8211   34.2914   35.3203   35.7266   35.9817   36.6657
   37.7739   38.3347   39.9124   40.0481   40.8616   44.4641   47.2978   47.8348   50.7308   52.1330
   55.8492   56.3867   57.8397   59.0857   63.9400   67.5502   69.5838
  86  1  -17.6581  -17.5238  -17.4979  -16.6749  -15.6124  -11.2835  -11.1903  -10.7492   -9.9770   -9.3507
          -9.2796   -9.1048   -8.9768   -8.3966   -8.2267   -7.8112   -7.5742   -7.0526   -6.6244   -6.5084
   -5.2849   -3.7870   -2.4917   -2.0018   -1.8769   -1.5094   -0.6169   -0.1609   -0.0020    0.9880
    1.2703    1.5686    1.6466    1.9054    2.1131    2.3626    2.6461    3.1919    3.2936    3.4826
    3.8001    4.2131    5.2076    5.5869    5.7553    5.9903    6.2143    6.5796    7.6575    7.8436
    9.3193    9.8360   10.0985   10.4935   10.8180   11.1483   11.5775   11.7848   12.0527   12.1935
   12.5044   12.8919   13.0696   13.4438   13.6483   14.1726   14.5852   14.9270   14.9971   15.7531
   16.0122   16.5028   16.5942   16.8528   17.2958   17.8339   17.9684   19.2990   19.3500   19.6234
   20.2517   21.1338   21.5995   23.5282   24.2178   25.2720   25.9609   26.8486   26.9502   28.8922
   29.9670   30.3712   31.0322   32.6585   33.9104   34.2583   35.3247   35.8556   35.9741   36.7136
   37.9287   38.3656   39.9143   40.0520   40.8223   44.4356   47.3412   47.7023   50.7273   52.2940
   55.8731   56.4844   57.9591   59.1200   63.9015   67.7605   69.6745
  87  1  -17.6474  -17.5140  -17.4887  -16.6661  -15.6059  -11.2882  -11.1970  -10.7572   -9.9893   -9.3837
          -9.3125   -9.1377   -8.9746   -8.3721   -8.2410   -7.7960   -7.5671   -7.0818   -6.6432   -6.5264
   -5.2800   -3.8130   -2.5072   -2.0111   -1.8768   -1.5109   -0.6219   -0.1576    0.0138    1.0239
    1.2929    1.5881    1.6866    1.9506    2.1484    2.3509    2.6597    3.2024    3.3370    3.5040
    3.8085    4.2318    5.1708    5.5782    5.7155    5.9617    6.1873    6.5283    7.5371    7.7420
    9.3138    9.8920   10.1402   10.5024   10.8884   11.1552   11.6173   11.8127   12.0928   12.2086
   12.5586   12.9164   13.0888   13.4652   13.6191   14.1836   14.5607   14.9334   14.9991   15.7208
   16.0075   16.4896   16.5903   16.9000   17.2639   17.8111   17.9267   19.2834   19.3730   19.6717
   20.2685   21.1256   21.6420   23.5637   24.3200   25.2576   25.9934   26.9268   27.0230   28.8334
   29.8693   30.2470   30.9066   32.6437   34.0245   34.2305   35.3189   35.9676   35.9986   36.7566
   38.0810   38.4119   39.8799   40.1030   40.7900   44.4102   47.3743   47.5810   50.7196   52.4633
   55.8971   56.5836   58.0772   59.1593   63.8630   67.9694   69.7620
  88  1  -17.6373  -17.5047  -17.4800  -16.6577  -15.5997  -11.2921  -11.2027  -10.7640  -10.0009   -9.4159
          -9.3445   -9.1699   -8.9723   -8.3497   -8.2529   -7.7806   -7.5603   -7.1106   -6.6614   -6.5440
   -5.2751   -3.8381   -2.5221   -2.0199   -1.8758   -1.5122   -0.6279   -0.1546    0.0292    1.0603
    1.3164    1.6072    1.7284    1.9952    2.1859    2.3414    2.6719    3.2143    3.3815    3.5278
    3.8131    4.2500    5.1308    5.5675    5.6688    5.9292    6.1675    6.4765    7.4163    7.6396
    9.3082    9.9426   10.1741   10.5120   10.9556   11.1625   11.6541   11.8391   12.1348   12.2257
   12.6171   12.9422   13.1109   13.4904   13.5922   14.1970   14.5328   14.9413   15.0030   15.6864
   16.0010   16.4728   16.5815   16.9597   17.2318   17.7858   17.8831   19.2301   19.4265   19.7206
   20.2831   21.1152   21.6800   23.5772   24.3991   25.2266   26.0487   27.0020   27.1073   28.7781
   29.7746   30.1270   30.7859   32.6136   34.1483   34.2162   35.3047   35.9701   36.1387   36.8032
   38.2057   38.4872   39.8346   40.1775   40.7644   44.3876   47.3263   47.5418   50.7082   52.6399
   55.9208   56.6831   58.1938   59.2031   63.8249   68.1761   69.8460
  89  1  -17.6277  -17.4959  -17.4717  -16.6498  -15.5938  -11.2952  -11.2075  -10.7697  -10.0116   -9.4471
          -9.3757   -9.2013   -8.9701   -8.3319   -8.2597   -7.7652   -7.5538   -7.1389   -6.6789   -6.5613
   -5.2703   -3.8624   -2.5363   -2.0283   -1.8738   -1.5132   -0.6349   -0.1517    0.0441    1.0972
    1.3409    1.6272    1.7706    2.0388    2.2242    2.3353    2.6825    3.2283    3.4267    3.5532
    3.8137    4.2679    5.0877    5.5532    5.6164    5.8939    6.1541    6.4250    7.2959    7.5371
    9.3027    9.9860   10.2006   10.5238   11.0171   11.1727   11.6881   11.8641   12.1772   12.2471
   12.6778   12.9694   13.1354   13.5176   13.5691   14.2129   14.5020   14.9496   15.0090   15.6509
   15.9922   16.4556   16.5693   17.0265   17.2001   17.7584   17.8379   19.1735   19.4756   19.7690
   20.2976   21.1036   21.7132   23.5715   24.4539   25.1924   26.1142   27.0757   27.1989   28.7275
   29.6836   30.0121   30.6705   32.5753   34.1746   34.3151   35.2845   35.9705   36.2781   36.8591
   38.2887   38.5974   39.7875   40.2683   40.7453   44.3678   47.1901   47.5920   50.6935   52.8224
   55.9443   56.7816   58.3083   59.2509   63.7874   68.3797   69.9263
  90  1  -17.6186  -17.4876  -17.4638  -16.6424  -15.5882  -11.2976  -11.2115  -10.7743  -10.0216   -9.4774
          -9.4059   -9.2319   -8.9680   -8.3236   -8.2568   -7.7497   -7.5478   -7.1666   -6.6957   -6.5781
   -5.2657   -3.8857   -2.5498   -2.0363   -1.8709   -1.5140   -0.6428   -0.1490    0.0584    1.1345
    1.3666    1.6485    1.8127    2.0810    2.2601    2.3360    2.6916    3.2448    3.4723    3.5799
    3.8100    4.2854    5.0413    5.5240    5.5703    5.8574    6.1451    6.3744    7.1767    7.4354
    9.2977   10.0199   10.2219   10.5378   11.0694   11.1892   11.7199   11.8878   12.2153   12.2771
   12.7394   12.9979   13.1620   13.5372   13.5589   14.2315   14.4691   14.9531   15.0210   15.6149
   15.9807   16.4397   16.5554   17.0927   17.1727   17.7296   17.7915   19.1163   19.5152   19.8177
   20.3139   21.0914   21.7412   23.5494   24.4833   25.1658   26.1814   27.1499   27.2925   28.6826
   29.5966   29.9029   30.5606   32.5336   34.1593   34.4656   35.2607   35.9682   36.4098   36.9267
   38.3431   38.7244   39.7410   40.3747   40.7322   44.3505   47.0298   47.6673   50.6762   53.0096
   55.9670   56.8781   58.4206   59.3019   63.7508   68.5793   70.0028
  91  1  -17.6100  -17.4798  -17.4564  -16.6354  -15.5828  -11.2992  -11.2146  -10.7779  -10.0308   -9.5067
          -9.4350   -9.2615   -8.9660   -8.3256   -8.2433   -7.7344   -7.5422   -7.1937   -6.7116   -6.5946
   -5.2612   -3.9080   -2.5626   -2.0439   -1.8671   -1.5145   -0.6514   -0.1465    0.0719    1.1723
    1.3934    1.6713    1.8543    2.1214    2.2850    2.3520    2.6993    3.2640    3.5179    3.6068
    3.8023    4.3027    4.9918    5.4635    5.5479    5.8208    6.1384    6.3253    7.0595    7.3355
    9.2932   10.0417   10.2417   10.5535   11.1091   11.2152   11.7504   11.9107   12.2447   12.3188
   12.8010   13.0277   13.1898   13.5284   13.5826   14.2529   14.4347   14.9473   15.0426   15.5789
   15.9663   16.4258   16.5413   17.1159   17.1897   17.7003   17.7440   19.0595   19.5416   19.8679
   20.3339   21.0793   21.7641   23.5134   24.4882   25.1527   26.2450   27.2245   27.3848   28.6439
   29.5140   29.8001   30.4565   32.4918   34.1436   34.6219   35.2353   35.9615   36.5311   37.0053
   38.3853   38.8492   39.6960   40.4973   40.7244   44.3354   46.8599   47.7527   50.6565   53.2002
   55.9886   56.9718   58.5305   59.3554   63.7155   68.7741   70.0753
  92  1  -17.6020  -17.4725  -17.4495  -16.6289  -15.5778  -11.3002  -11.2170  -10.7806  -10.0392   -9.5348
          -9.4630   -9.2902   -8.9642   -8.3329   -8.2242   -7.7191   -7.5371   -7.2202   -6.7265   -6.6107
   -5.2569   -3.9292   -2.5746   -2.0512   -1.8626   -1.5147   -0.6608   -0.1440    0.0846    1.2104
    1.4214    1.6957    1.8950    2.1592    2.2961    2.3866    2.7057    3.2860    3.5631    3.6327
    3.7916    4.3196    4.9392    5.3881    5.5344    5.7848    6.1319    6.2781    6.9453    7.2386
    9.2894   10.0496   10.2631   10.5696   11.1372   11.2497   11.7804   11.9329   12.2678   12.3684
   12.8621   13.0584   13.2182   13.5201   13.6117   14.2770   14.3997   14.9324   15.0726   15.5433
   15.9487   16.4140   16.5283   17.0896   17.2550   17.6724   17.6957   19.0037   19.5523   19.9207
   20.3587   21.0680   21.7821   23.4656   24.4719   25.1542   26.3028   27.2986   27.4739   28.6117
   29.4357   29.7043   30.3582   32.4517   34.1288   34.7794   35.2102   35.9493   36.6421   37.0905
   38.4227   38.9630   39.6531   40.6364   40.7210   44.3222   46.6840   47.8444   50.6351   53.3928
   56.0087   57.0617   58.6375   59.4108   63.6816   68.9629   70.1438
  93  1  -17.5945  -17.4656  -17.4431  -16.6229  -15.5730  -11.3005  -11.2187  -10.7823  -10.0468   -9.5618
          -9.4899   -9.3177   -8.9627   -8.3418   -8.2034   -7.7040   -7.5326   -7.2460   -6.7405   -6.6262
   -5.2528   -3.9494   -2.5859   -2.0580   -1.8574   -1.5148   -0.6707   -0.1416    0.0966    1.2488
    1.4506    1.7217    1.9346    2.1932    2.3037    2.4301    2.7110    3.3107    3.6076    3.6542
    3.7809    4.3363    4.8838    5.3059    5.5230    5.7497    6.1238    6.2326    6.8357    7.1456
    9.2865   10.0448   10.2870   10.5851   11.1593   11.2868   11.8105   11.9545   12.2885   12.4204
   12.9224   13.0898   13.2462   13.5191   13.6401   14.3031   14.3647   14.9101   15.1085   15.5083
   15.9281   16.4033   16.5178   17.0579   17.3205   17.6467   17.6492   18.9494   19.5469   19.9762
   20.3882   21.0583   21.7954   23.4080   24.4402   25.1678   26.3542   27.3700   27.5592   28.5864
   29.3615   29.6158   30.2659   32.4142   34.1149   34.9355   35.1870   35.9314   36.7449   37.1762
   38.4581   39.0631   39.6125   40.7190   40.7934   44.3104   46.5037   47.9401   50.6123   53.5859
   56.0267   57.1474   58.7415   59.4672   63.6495   69.1449   70.2082
  94  1  -17.5876  -17.4593  -17.4371  -16.6173  -15.5686  -11.3003  -11.2196  -10.7831  -10.0537   -9.5875
          -9.5155   -9.3442   -8.9615   -8.3507   -8.1825   -7.6892   -7.5285   -7.2710   -6.7534   -6.6413
   -5.2488   -3.9685   -2.5965   -2.0646   -1.8515   -1.5147   -0.6810   -0.1394    0.1077    1.2874
    1.4808    1.7493    1.9727    2.2212    2.3150    2.4768    2.7154    3.3380    3.6502    3.6646
    3.7774    4.3526    4.8258    5.2194    5.5124    5.7158    6.1126    6.1880    6.7323    7.0577
    9.2845   10.0298   10.3122   10.5990   11.1798   11.3219   11.8409   11.9754   12.3085   12.4714
   12.9814   13.1218   13.2731   13.5272   13.6669   14.3235   14.3379   14.8814   15.1486   15.4746
   15.9049   16.3921   16.5116   17.0259   17.3734   17.5975   17.6383   18.8970   19.5266   20.0335
   20.4216   21.0510   21.8046   23.3423   24.3991   25.1898   26.3995   27.4368   27.6407   28.5679
   29.2909   29.5346   30.1796   32.3799   34.1018   35.0836   35.1715   35.9081   36.8418   37.2565
   38.4923   39.1495   39.5746   40.7198   40.9648   44.2997   46.3199   48.0382   50.5886   53.7782
   56.0422   57.2283   58.8420   59.5239   63.6193   69.3191   70.2686
  95  1  -17.5811  -17.4535  -17.4316  -16.6122  -15.5645  -11.2995  -11.2200  -10.7832  -10.0599   -9.6120
          -9.5398   -9.3694   -8.9606   -8.3591   -8.1621   -7.6746   -7.5250   -7.2951   -6.7651   -6.6558
   -5.2451   -3.9864   -2.6062   -2.0708   -1.8451   -1.5145   -0.6916   -0.1372    0.1179    1.3261
    1.5120    1.7784    2.0090    2.2421    2.3329    2.5244    2.7192    3.3676    3.6547    3.6925
    3.7887    4.3684    4.7658    5.1302    5.5022    5.6834    6.0970    6.1434    6.6377    6.9761
    9.2835   10.0077   10.3373   10.6112   11.2004   11.3531   11.8714   11.9957   12.3285   12.5192
   13.0387   13.1540   13.2989   13.5453   13.6918   14.2942   14.3630   14.8471   15.1904   15.4431
   15.8798   16.3787   16.5111   16.9947   17.4004   17.5487   17.6519   18.8469   19.4934   20.0917
   20.4573   21.0469   21.8104   23.2701   24.3532   25.2169   26.4394   27.4976   27.7184   28.5563
   29.2232   29.4607   30.0992   32.3486   34.0896   35.1335   35.2537   35.8798   36.9346   37.3269
   38.5253   39.2235   39.5395   40.7198   41.1511   44.2894   46.1338   48.1372   50.5645   53.9682
   56.0547   57.3040   58.9387   59.5802   63.5913   69.4842   70.3253
  96  1  -17.5753  -17.4481  -17.4266  -16.6075  -15.5607  -11.2983  -11.2198  -10.7826  -10.0655   -9.6350
          -9.5627   -9.3934   -8.9601   -8.3666   -8.1426   -7.6603   -7.5220   -7.3184   -6.7757   -6.6697
   -5.2416   -4.0031   -2.6152   -2.0766   -1.8382   -1.5141   -0.7023   -0.1351    0.1273    1.3647
    1.5441    1.8090    2.0432    2.2570    2.3564    2.5716    2.7230    3.3986    3.6305    3.7309
    3.8126    4.3836    4.7046    5.0395    5.4917    5.6528    6.0721    6.1009    6.5543    6.9018
    9.2834    9.9810   10.3610   10.6214   11.2217   11.3798   11.9013   12.0153   12.3490   12.5618
   13.0939   13.1861   13.3249   13.5727   13.7144   14.2621   14.3929   14.8080   15.2300   15.4171
   15.8534   16.3618   16.5171   16.9650   17.3957   17.5010   17.6946   18.7995   19.4494   20.1498
   20.4933   21.0468   21.8136   23.1926   24.3060   25.2467   26.4749   27.5519   27.7919   28.5516
   29.1579   29.3935   30.0248   32.3204   34.0783   35.1205   35.3974   35.8472   37.0241   37.3848
   38.5566   39.2869   39.5073   40.7177   41.3500   44.2792   45.9462   48.2353   50.5403   54.1545
   56.0638   57.3742   59.0311   59.6354   63.5657   69.6393   70.3785
  97  1  -17.5699  -17.4433  -17.4220  -16.6033  -15.5572  -11.2968  -11.2191  -10.7815  -10.0703   -9.6565
          -9.5842   -9.4159   -8.9599   -8.3733   -8.1242   -7.6463   -7.5195   -7.3408   -6.7851   -6.6830
   -5.2383   -4.0185   -2.6233   -2.0821   -1.8310   -1.5136   -0.7130   -0.1331    0.1359    1.4031
    1.5769    1.8407    2.0749    2.2691    2.3824    2.6168    2.7277    3.4293    3.5985    3.7660
    3.8429    4.3982    4.6430    4.9484    5.4801    5.6242    6.0251    6.0723    6.4837    6.8357
    9.2842    9.9517   10.3826   10.6300   11.2435   11.4022   11.9299   12.0342   12.3703   12.5980
   13.1467   13.2173   13.3539   13.6075   13.7345   14.2320   14.4225   14.7650   15.2576   15.4053
   15.8266   16.3414   16.5290   16.9374   17.3687   17.4554   17.7564   18.7550   19.3968   20.2070
   20.5275   21.0513   21.8154   23.1111   24.2598   25.2775   26.5068   27.6005   27.8603   28.5538
   29.0944   29.3324   29.9562   32.2951   34.0681   35.1077   35.5387   35.8114   37.1107   37.4295
   38.5857   39.3413   39.4784   40.7122   41.5592   44.2684   45.7582   48.3313   50.5164   54.3356
   56.0690   57.4386   59.1186   59.6889   63.5425   69.7830   70.4287
  98  1  -17.5651  -17.4389  -17.4178  -16.5995  -15.5540  -11.2949  -11.2181  -10.7798  -10.0746   -9.6764
          -9.6041   -9.4370   -8.9601   -8.3789   -8.1071   -7.6326   -7.5175   -7.3621   -6.7932   -6.6956
   -5.2352   -4.0327   -2.6306   -2.0872   -1.8236   -1.5131   -0.7235   -0.1312    0.1436    1.4410
    1.6103    1.8734    2.1038    2.2807    2.4081    2.6566    2.7359    3.4541    3.5684    3.7971
    3.8763    4.4121    4.5821    4.8582    5.4663    5.5983    5.9635    6.0512    6.4260    6.7784
    9.2858    9.9212   10.4019   10.6371   11.2654   11.4206   11.9562   12.0522   12.3926   12.6268
   13.1970   13.2461   13.3886   13.6470   13.7520   14.2050   14.4506   14.7191   15.2591   15.4209
   15.8003   16.3175   16.5460   16.9126   17.3291   17.4121   17.8271   18.7139   19.3373   20.2628
   20.5580   21.0606   21.8170   23.0269   24.2160   25.3080   26.5358   27.6445   27.9223   28.5630
   29.0322   29.2767   29.8936   32.2725   34.0591   35.0980   35.6707   35.7765   37.1938   37.4612
   38.6119   39.3883   39.4529   40.7021   41.7760   44.2564   45.5708   48.4237   50.4931   54.5103
   56.0699   57.4971   59.2008   59.7401   63.5218   69.9141   70.4765
  99  1  -17.5608  -17.4350  -17.4142  -16.5961  -15.5512  -11.2928  -11.2167  -10.7777  -10.0783   -9.6947
          -9.6223   -9.4565   -8.9607   -8.3836   -8.0915   -7.6194   -7.5161   -7.3824   -6.8001   -6.7074
   -5.2325   -4.0455   -2.6372   -2.0920   -1.8162   -1.5125   -0.7336   -0.1295    0.1506    1.4779
    1.6443    1.9069    2.1298    2.2929    2.4319    2.6837    2.7540    3.4548    3.5602    3.8242
    3.9106    4.4249    4.5231    4.7701    5.4486    5.5754    5.8964    6.0323    6.3791    6.7303
    9.2880    9.8907   10.4186   10.6429   11.2870   11.4355   11.9798   12.0692   12.4159   12.6480
   13.2454   13.2715   13.4308   13.6883   13.7664   14.1820   14.4756   14.6720   15.2376   15.4602
   15.7754   16.2904   16.5670   16.8913   17.2827   17.3709   17.9016   18.6764   19.2725   20.3167
   20.5836   21.0743   21.8199   22.9409   24.1754   25.3376   26.5626   27.6856   27.9766   28.5790
   28.9710   29.2257   29.8366   32.2523   34.0515   35.0921   35.7162   35.8190   37.2723   37.4817
   38.6349   39.4216   39.4387   40.6869   41.9977   44.2425   45.3853   48.5110   50.4709   54.6773
   56.0660   57.5496   59.2769   59.7884   63.5038   70.0311   70.5227
 100  1  -17.5570  -17.4316  -17.4109  -16.5932  -15.5486  -11.2906  -11.2151  -10.7754  -10.0814   -9.7113
          -9.6388   -9.4742   -8.9615   -8.3873   -8.0776   -7.6065   -7.5151   -7.4016   -6.8059   -6.7183
   -5.2300   -4.0570   -2.6429   -2.0963   -1.8090   -1.5119   -0.7431   -0.1278    0.1568    1.5134
    1.6787    1.9407    2.1530    2.3057    2.4529    2.6944    2.7845    3.4240    3.5831    3.8468
    3.9446    4.4358    4.4675    4.6856    5.4253    5.5558    5.8300    6.0153    6.3405    6.6910
    9.2905    9.8613   10.4329   10.6477   11.3078   11.4475   12.0003   12.0848   12.4399   12.6621
   13.2906   13.2951   13.4798   13.7282   13.7776   14.1642   14.4947   14.6272   15.2054   15.5100
   15.7526   16.2605   16.5913   16.8743   17.2329   17.3311   17.9774   18.6429   19.2038   20.3681
   20.6037   21.0910   21.8258   22.8544   24.1388   25.3654   26.5873   27.7253   28.0226   28.6011
   28.9105   29.1791   29.7853   32.2345   34.0451   35.0905   35.6765   35.9372   37.3438   37.4942
   38.6544   39.4080   39.4699   40.6665   42.2215   44.2261   45.2029   48.5922   50.4500   54.8355
   56.0571   57.5961   59.3465   59.8333   63.4884   70.1326   70.5679
 101  1  -17.5537  -17.4286  -17.4081  -16.5906  -15.5464  -11.2883  -11.2133  -10.7729  -10.0840   -9.7261
          -9.6536   -9.4902   -8.9625   -8.3902   -8.0652   -7.5940   -7.5146   -7.4195   -6.8104   -6.7283
   -5.2278   -4.0671   -2.6478   -2.1003   -1.8020   -1.5114   -0.7519   -0.1263    0.1622    1.5470
    1.7135    1.9743    2.1737    2.3188    2.4706    2.6947    2.8199    3.3811    3.6191    3.8652
    3.9773    4.4124    4.4476    4.6068    5.3952    5.5397    5.7694    6.0003    6.3080    6.6599
    9.2932    9.8340   10.4447   10.6516   11.3273   11.4570   12.0178   12.0987   12.4642   12.6701
   13.3111   13.3394   13.5336   13.7609   13.7878   14.1523   14.4998   14.5938   15.1688   15.5631
   15.7334   16.2276   16.6182   16.8621   17.1816   17.2922   18.0532   18.6134   19.1325   20.4164
   20.6188   21.1087   21.8361   22.7684   24.1064   25.3910   26.6100   27.7648   28.0603   28.6280
   28.8507   29.1367   29.7394   32.2190   34.0400   35.0935   35.6308   36.0511   37.4009   37.5067
   38.6704   39.3918   39.5031   40.6414   42.4444   44.2063   45.0256   48.6660   50.4307   54.9838
   56.0428   57.6367   59.4089   59.8743   63.4756   70.2178   70.6128
 102  1  -17.5545  -17.4293  -17.4088  -16.5912  -15.5470  -11.2889  -11.2138  -10.7737  -10.0834   -9.7223
          -9.6498   -9.4861   -8.9621   -8.3896   -8.0682   -7.5971   -7.5147   -7.4151   -6.8094   -6.7258
   -5.2283   -4.0646   -2.6466   -2.0993   -1.8038   -1.5116   -0.7497   -0.1267    0.1607    1.5373
    1.7030    1.9631    2.1711    2.3154    2.4680    2.6960    2.8121    3.3920    3.6051    3.8632
    3.9709    4.4227    4.4492    4.6263    5.4036    5.5436    5.7841    6.0040    6.3158    6.6673
    9.2927    9.8406   10.4419   10.6506   11.3223   11.4548   12.0133   12.0954   12.4579   12.6682
   13.3049   13.3280   13.5197   13.7522   13.7867   14.1550   14.5005   14.6001   15.1783   15.5491
   15.7381   16.2365   16.6116   16.8641   17.1948   17.3032   18.0339   18.6205   19.1513   20.4044
   20.6149   21.1040   21.8336   22.7903   24.1144   25.3844   26.6038   27.7531   28.0510   28.6218
   28.8672   29.1469   29.7510   32.2227   34.0408   35.0916   35.6444   36.0220   37.3871   37.5028
   38.6665   39.3956   39.4947   40.6503   42.3895   44.2094   45.0707   48.6473   50.4358   54.9459
   56.0469   57.6267   59.3931   59.8638   63.4784   70.1968   70.6012
 103  1  -17.5554  -17.4301  -17.4096  -16.5919  -15.5476  -11.2898  -11.2145  -10.7746  -10.0829   -9.7181
          -9.6455   -9.4814   -8.9616   -8.3890   -8.0715   -7.6000   -7.5149   -7.4105   -6.8083   -6.7229
   -5.2289   -4.0618   -2.6454   -2.0980   -1.8060   -1.5118   -0.7475   -0.1271    0.1586    1.5245
    1.6891    1.9462    2.1728    2.3118    2.4680    2.6983    2.8068    3.4022    3.5836    3.8642
    3.9680    4.4267    4.4593    4.6474    5.4119    5.5483    5.8001    6.0081    6.3241    6.6757
    9.2927    9.8476   10.4389   10.6496   11.3169   11.4523   12.0080   12.0919   12.4511   12.6650
   13.2946   13.3164   13.5063   13.7400   13.7885   14.1583   14.4994   14.6076   15.1880   15.5337
   15.7439   16.2459   16.6059   16.8654   17.2084   17.3169   18.0140   18.6281   19.1715   20.3914
   20.6094   21.0989   21.8332   22.8129   24.1235   25.3768   26.5961   27.7378   28.0396   28.6181
   28.8871   29.1572   29.7640   32.2267   34.0410   35.0886   35.6614   35.9897   37.3678   37.5004
   38.6619   39.3997   39.4858   40.6634   42.3359   44.2079   45.1186   48.6257   50.4416   54.9039
   56.0502   57.6156   59.3747   59.8516   63.4810   70.1717   70.5885
 104  1  -17.5564  -17.4310  -17.4104  -16.5927  -15.5483  -11.2908  -11.2154  -10.7758  -10.0823   -9.7132
          -9.6406   -9.4760   -8.9609   -8.3885   -8.0749   -7.6030   -7.5151   -7.4057   -6.8071   -6.7196
   -5.2297   -4.0588   -2.6441   -2.0964   -1.8086   -1.5122   -0.7451   -0.1275    0.1559    1.5083
    1.6720    1.9247    2.1781    2.3081    2.4705    2.7018    2.8039    3.4108    3.5573    3.8652
    3.9697    4.4276    4.4750    4.6698    5.4203    5.5536    5.8172    6.0127    6.3331    6.6851
    9.2930    9.8548   10.4356   10.6483   11.3109   11.4494   12.0018   12.0884   12.4439   12.6603
   13.2808   13.3040   13.4938   13.7261   13.7916   14.1622   14.4966   14.6160   15.1977   15.5171
   15.7509   16.2557   16.6013   16.8661   17.2226   17.3333   17.9937   18.6361   19.1929   20.3773
   20.6025   21.0935   21.8350   22.8359   24.1336   25.3681   26.5867   27.7191   28.0260   28.6168
   28.9101   29.1679   29.7784   32.2309   34.0406   35.0850   35.6814   35.9545   37.3425   37.4997
   38.6565   39.4037   39.4768   40.6808   42.2837   44.2028   45.1684   48.6013   50.4483   54.8579
   56.0527   57.6034   59.3538   59.8378   63.4832   70.1425   70.5751
 105  1  -17.5574  -17.4320  -17.4113  -16.5935  -15.5490  -11.2920  -11.2165  -10.7772  -10.0818   -9.7077
          -9.6352   -9.4700   -8.9601   -8.3881   -8.0786   -7.6058   -7.5153   -7.4008   -6.8058   -6.7160
   -5.2304   -4.0555   -2.6427   -2.0946   -1.8115   -1.5126   -0.7427   -0.1278    0.1526    1.4887
    1.6521    1.8996    2.1854    2.3049    2.4752    2.7063    2.8033    3.4159    3.5300    3.8633
    3.9770    4.4284    4.4931    4.6935    5.4287    5.5596    5.8353    6.0177    6.3427    6.6955
    9.2939    9.8622   10.4322   10.6469   11.3044   11.4463   11.9947   12.0849   12.4361   12.6541
   13.2645   13.2901   13.4825   13.7109   13.7954   14.1664   14.4926   14.6249   15.2071   15.4994
   15.7592   16.2656   16.5979   16.8665   17.2373   17.3519   17.9733   18.6445   19.2153   20.3621
   20.5944   21.0879   21.8388   22.8593   24.1446   25.3583   26.5757   27.6974   28.0100   28.6182
   28.9359   29.1791   29.7941   32.2354   34.0395   35.0810   35.7039   35.9169   37.3115   37.5005
   38.6503   39.4067   39.4688   40.7023   42.2331   44.1946   45.2192   48.5742   50.4558   54.8080
   56.0543   57.5900   59.3304   59.8222   63.4852   70.1088   70.5612
 106  1  -17.5585  -17.4330  -17.4122  -16.5943  -15.5498  -11.2934  -11.2177  -10.7788  -10.0814   -9.7017
          -9.6291   -9.4633   -8.9590   -8.3877   -8.0825   -7.6086   -7.5156   -7.3958   -6.8045   -6.7120
   -5.2313   -4.0519   -2.6413   -2.0926   -1.8148   -1.5132   -0.7404   -0.1282    0.1485    1.4657
    1.6297    1.8720    2.1934    2.3029    2.4818    2.7121    2.8049    3.4136    3.5073    3.8575
    3.9897    4.4300    4.5126    4.7183    5.4372    5.5661    5.8542    6.0232    6.3530    6.7070
    9.2952    9.8697   10.4284   10.6454   11.2974   11.4429   11.9868   12.0812   12.4279   12.6463
   13.2459   13.2746   13.4726   13.6950   13.7996   14.1707   14.4876   14.6340   15.2161   15.4807
   15.7687   16.2756   16.5958   16.8666   17.2524   17.3724   17.9529   18.6534   19.2386   20.3457
   20.5851   21.0823   21.8448   22.8829   24.1566   25.3474   26.5632   27.6730   27.9915   28.6220
   28.9641   29.1909   29.8111   32.2400   34.0376   35.0769   35.7275   35.8783   37.2751   37.5022
   38.6433   39.4074   39.4633   40.7279   42.1840   44.1840   45.2706   48.5444   50.4641   54.7543
   56.0549   57.5755   59.3045   59.8050   63.4867   70.0704   70.5469
 107  1  -17.5597  -17.4341  -17.4133  -16.5953  -15.5506  -11.2950  -11.2191  -10.7807  -10.0810   -9.6952
          -9.6225   -9.4559   -8.9578   -8.3873   -8.0865   -7.6113   -7.5158   -7.3907   -6.8032   -6.7077
   -5.2322   -4.0481   -2.6399   -2.0902   -1.8183   -1.5139   -0.7381   -0.1285    0.1437    1.4395
    1.6051    1.8427    2.2004    2.3032    2.4899    2.7190    2.8085    3.3982    3.4959    3.8479
    4.0066    4.4329    4.5333    4.7442    5.4459    5.5731    5.8739    6.0290    6.3641    6.7194
    9.2970    9.8774   10.4245   10.6436   11.2901   11.4392   11.9779   12.0775   12.4190   12.6367
   13.2250   13.2580   13.4638   13.6786   13.8041   14.1750   14.4817   14.6430   15.2245   15.4613
   15.7794   16.2855   16.5951   16.8668   17.2680   17.3947   17.9328   18.6625   19.2628   20.3281
   20.5748   21.0768   21.8526   22.9065   24.1695   25.3353   26.5490   27.6463   27.9705   28.6283
   28.9944   29.2035   29.8292   32.2446   34.0349   35.0730   35.7474   35.8433   37.2338   37.5045
   38.6356   39.4042   39.4620   40.7573   42.1367   44.1714   45.3220   48.5120   50.4732   54.6970
   56.0544   57.5600   59.2760   59.7861   63.4878   70.0271   70.5323
 108  1  -17.5610  -17.4352  -17.4144  -16.5962  -15.5515  -11.2967  -11.2207  -10.7828  -10.0807   -9.6880
          -9.6153   -9.4480   -8.9565   -8.3870   -8.0907   -7.6139   -7.5161   -7.3855   -6.8017   -6.7031
   -5.2333   -4.0440   -2.6384   -2.0876   -1.8222   -1.5146   -0.7359   -0.1288    0.1381    1.4103
    1.5786    1.8123    2.2049    2.3069    2.4991    2.7269    2.8140    3.3708    3.4956    3.8353
    4.0262    4.4370    4.5550    4.7710    5.4548    5.5806    5.8941    6.0353    6.3760    6.7328
    9.2992    9.8851   10.4203   10.6418   11.2822   11.4351   11.9682   12.0737   12.4096   12.6253
   13.2017   13.2412   13.4559   13.6620   13.8086   14.1792   14.4750   14.6519   15.2320   15.4413
   15.7913   16.2953   16.5959   16.8671   17.2840   17.4184   17.9130   18.6719   19.2875   20.3092
   20.5636   21.0715   21.8623   22.9300   24.1833   25.3222   26.5332   27.6177   27.9471   28.6369
   29.0261   29.2174   29.8485   32.2494   34.0313   35.0696   35.7458   35.8296   37.1880   37.5069
   38.6273   39.3970   39.4652   40.7906   42.0912   44.1573   45.3730   48.4769   50.4831   54.6362
   56.0528   57.5433   59.2451   59.7656   63.4885   69.9788   70.5177
 109  1  -17.5624  -17.4364  -17.4155  -16.5973  -15.5525  -11.2987  -11.2225  -10.7851  -10.0805   -9.6803
          -9.6075   -9.4393   -8.9550   -8.3867   -8.0951   -7.6164   -7.5164   -7.3802   -6.8002   -6.6981
   -5.2344   -4.0398   -2.6370   -2.0847   -1.8264   -1.5155   -0.7338   -0.1291    0.1317    1.3783
    1.5504    1.7814    2.2063    2.3143    2.5091    2.7359    2.8210    3.3373    3.5013    3.8203
    4.0474    4.4425    4.5776    4.7987    5.4641    5.5884    5.9147    6.0419    6.3889    6.7471
    9.3020    9.8929   10.4158   10.6397   11.2740   11.4308   11.9577   12.0697   12.3994   12.6119
   13.1763   13.2244   13.4486   13.6454   13.8132   14.1829   14.4678   14.6604   15.2384   15.4212
   15.8044   16.3048   16.5982   16.8678   17.3005   17.4433   17.8938   18.6816   19.3129   20.2889
   20.5519   21.0666   21.8737   22.9533   24.1978   25.3079   26.5159   27.5875   27.9214   28.6476
   29.0589   29.2327   29.8689   32.2541   34.0267   35.0669   35.7119   35.8479   37.1381   37.5091
   38.6183   39.3869   39.4719   40.8274   42.0475   44.1418   45.4233   48.4392   50.4938   54.5719
   56.0500   57.5256   59.2116   59.7434   63.4887   69.9253   70.5030
 110  1  -17.5638  -17.4377  -17.4167  -16.5984  -15.5535  -11.3008  -11.2244  -10.7876  -10.0804   -9.6721
          -9.5992   -9.4301   -8.9533   -8.3865   -8.0995   -7.6189   -7.5167   -7.3749   -6.7987   -6.6927
   -5.2355   -4.0353   -2.6356   -2.0815   -1.8309   -1.5166   -0.7321   -0.1294    0.1243    1.3439
    1.5205    1.7502    2.2047    2.3252    2.5196    2.7457    2.8296    3.3017    3.5095    3.8036
    4.0694    4.4495    4.6012    4.8272    5.4738    5.5966    5.9356    6.0489    6.4028    6.7623
    9.3052    9.9007   10.4112   10.6375   11.2655   11.4261   11.9464   12.0656   12.3886   12.5966
   13.1490   13.2079   13.4415   13.6290   13.8176   14.1861   14.4599   14.6685   15.2431   15.4015
   15.8185   16.3140   16.6022   16.8689   17.3173   17.4691   17.8753   18.6916   19.3387   20.2673
   20.5397   21.0621   21.8866   22.9764   24.2132   25.2924   26.4971   27.5559   27.8935   28.6602
   29.0919   29.2500   29.8903   32.2588   34.0212   35.0652   35.6650   35.8787   37.0844   37.5108
   38.6090   39.3752   39.4808   40.8674   42.0056   44.1253   45.4728   48.3990   50.5053   54.5041
   56.0460   57.5069   59.1756   59.7197   63.4884   69.8666   70.4884
 111  1  -17.5652  -17.4391  -17.4180  -16.5995  -15.5546  -11.3031  -11.2266  -10.7904  -10.0804   -9.6632
          -9.5903   -9.4202   -8.9515   -8.3863   -8.1041   -7.6213   -7.5169   -7.3695   -6.7971   -6.6870
   -5.2368   -4.0306   -2.6341   -2.0780   -1.8356   -1.5177   -0.7306   -0.1296    0.1159    1.3073
    1.4892    1.7192    2.2009    2.3386    2.5302    2.7563    2.8395    3.2658    3.5188    3.7853
    4.0916    4.4580    4.6256    4.8565    5.4839    5.6050    5.9567    6.0563    6.4178    6.7784
    9.3089    9.9084   10.4062   10.6350   11.2565   11.4211   11.9344   12.0613   12.3770   12.5794
   13.1202   13.1919   13.4346   13.6131   13.8219   14.1887   14.4516   14.6762   15.2453   15.3831
   15.8336   16.3228   16.6078   16.8706   17.3344   17.4958   17.8577   18.7017   19.3650   20.2444
   20.5272   21.0582   21.9009   22.9990   24.2292   25.2758   26.4768   27.5233   27.8636   28.6746
   29.1244   29.2700   29.9126   32.2634   34.0145   35.0645   35.6133   35.9141   37.0273   37.5117
   38.5994   39.3627   39.4914   40.9106   41.9655   44.1079   45.5213   48.3563   50.5175   54.4331
   56.0409   57.4871   59.1371   59.6943   63.4875   69.8027   70.4737
 112  1  -17.5668  -17.4405  -17.4194  -16.6007  -15.5557  -11.3056  -11.2289  -10.7933  -10.0805   -9.6539
          -9.5808   -9.4097   -8.9496   -8.3861   -8.1088   -7.6236   -7.5172   -7.3640   -6.7955   -6.6810
   -5.2381   -4.0258   -2.6327   -2.0742   -1.8406   -1.5190   -0.7295   -0.1298    0.1065    1.2689
    1.4567    1.6885    2.1958    2.3532    2.5408    2.7674    2.8506    3.2308    3.5286    3.7659
    4.1136    4.4680    4.6509    4.8865    5.4945    5.6136    5.9779    6.0641    6.4340    6.7953
    9.3130    9.9161   10.4011   10.6324   11.2473   11.4158   11.9217   12.0568   12.3646   12.5601
   13.0901   13.1763   13.4276   13.5979   13.8258   14.1905   14.4429   14.6832   15.2437   15.3674
   15.8495   16.3313   16.6150   16.8730   17.3518   17.5229   17.8411   18.7120   19.3915   20.2202
   20.5145   21.0550   21.9165   23.0213   24.2458   25.2579   26.4551   27.4898   27.8320   28.6905
   29.1556   29.2933   29.9359   32.2678   34.0068   35.0649   35.5587   35.9518   36.9671   37.5116
   38.5897   39.3499   39.5031   40.9566   41.9274   44.0898   45.5687   48.3112   50.5305   54.3587
   56.0345   57.4664   59.0960   59.6674   63.4860   69.7334   70.4591
 113  1  -17.5684  -17.4419  -17.4207  -16.6019  -15.5569  -11.3083  -11.2313  -10.7965  -10.0807   -9.6440
          -9.5708   -9.3986   -8.9475   -8.3859   -8.1135   -7.6258   -7.5175   -7.3584   -6.7939   -6.6745
   -5.2395   -4.0207   -2.6313   -2.0701   -1.8459   -1.5204   -0.7288   -0.1300    0.0961    1.2289
    1.4231    1.6583    2.1899    2.3683    2.5511    2.7789    2.8627    3.1977    3.5384    3.7456
    4.1351    4.4798    4.6769    4.9172    5.5056    5.6224    5.9991    6.0723    6.4514    6.8130
    9.3176    9.9238   10.3957   10.6295   11.2377   11.4102   11.9083   12.0519   12.3515   12.5389
   13.0591   13.1612   13.4204   13.5835   13.8292   14.1914   14.4338   14.6897   15.2369   15.3559
   15.8663   16.3394   16.6238   16.8760   17.3694   17.5505   17.8256   18.7225   19.4184   20.1947
   20.5019   21.0524   21.9332   23.0430   24.2629   25.2389   26.4321   27.4557   27.7987   28.7077
   29.1846   29.3204   29.9600   32.2720   33.9980   35.0665   35.5019   35.9912   36.9042   37.5102
   38.5801   39.3371   39.5159   41.0052   41.8911   44.0711   45.6148   48.2637   50.5442   54.2810
   56.0270   57.4446   59.0525   59.6389   63.4840   69.6589   70.4443
 114  1  -17.5701  -17.4435  -17.4222  -16.6032  -15.5581  -11.3111  -11.2340  -10.7998  -10.0810   -9.6335
          -9.5602   -9.3869   -8.9453   -8.3858   -8.1183   -7.6279   -7.5177   -7.3529   -6.7923   -6.6677
   -5.2409   -4.0156   -2.6300   -2.0657   -1.8513   -1.5220   -0.7287   -0.1302    0.0846    1.1876
    1.3887    1.6286    2.1837    2.3830    2.5610    2.7906    2.8756    3.1672    3.5481    3.7246
    4.1556    4.4933    4.7038    4.9484    5.5174    5.6313    6.0201    6.0808    6.4701    6.8314
    9.3227    9.9313   10.3900   10.6264   11.2278   11.4043   11.8944   12.0467   12.3374   12.5159
   13.0273   13.1466   13.4129   13.5702   13.8322   14.1914   14.4243   14.6957   15.2241   15.3494
   15.8836   16.3470   16.6343   16.8798   17.3872   17.5782   17.8116   18.7331   19.4454   20.1680
   20.4893   21.0505   21.9510   23.0643   24.2805   25.2186   26.4078   27.4210   27.7641   28.7261
   29.2112   29.3517   29.9849   32.2759   33.9880   35.0693   35.4435   36.0317   36.8389   37.5074
   38.5707   39.3245   39.5295   41.0561   41.8567   44.0519   45.6598   48.2140   50.5585   54.2001
   56.0183   57.4219   59.0066   59.6090   63.4814   69.5790   70.4295
 115  1  -17.5718  -17.4450  -17.4237  -16.6045  -15.5593  -11.3142  -11.2368  -10.8034  -10.0814   -9.6225
          -9.5491   -9.3746   -8.9430   -8.3857   -8.1232   -7.6300   -7.5180   -7.3472   -6.7907   -6.6606
   -5.2425   -4.0103   -2.6287   -2.0610   -1.8570   -1.5238   -0.7291   -0.1305    0.0720    1.1451
    1.3537    1.5996    2.1774    2.3966    2.5704    2.8022    2.8890    3.1400    3.5574    3.7033
    4.1750    4.5088    4.7313    4.9803    5.5297    5.6402    6.0410    6.0898    6.4900    6.8506
    9.3281    9.9387   10.3840   10.6231   11.2177   11.3980   11.8798   12.0411   12.3226   12.4911
   12.9948   13.1325   13.4051   13.5581   13.8345   14.1904   14.4144   14.7011   15.2057   15.3477
   15.9016   16.3543   16.6463   16.8843   17.4051   17.6057   17.7993   18.7438   19.4726   20.1403
   20.4770   21.0493   21.9696   23.0849   24.2984   25.1971   26.3824   27.3860   27.7282   28.7454
   29.2355   29.3866   30.0107   32.2795   33.9770   35.0729   35.3839   36.0731   36.7715   37.5029
   38.5618   39.3124   39.5438   41.1089   41.8242   44.0323   45.7035   48.1620   50.5736   54.1160
   56.0083   57.3982   58.9581   59.5775   63.4781   69.4937   70.4145
 116  1  -17.5736  -17.4466  -17.4252  -16.6059  -15.5607  -11.3173  -11.2398  -10.8071  -10.0820   -9.6110
          -9.5374   -9.3617   -8.9406   -8.3855   -8.1281   -7.6320   -7.5182   -7.3416   -6.7891   -6.6530
   -5.2441   -4.0049   -2.6275   -2.0561   -1.8629   -1.5257   -0.7303   -0.1308    0.0584    1.1016
    1.3184    1.5714    2.1713    2.4084    2.5793    2.8136    2.9027    3.1172    3.5657    3.6825
    4.1932    4.5261    4.7596    5.0126    5.5426    5.6493    6.0615    6.0994    6.5114    6.8704
    9.3340    9.9460   10.3778   10.6196   11.2072   11.3914   11.8648   12.0349   12.3069   12.4647
   12.9619   13.1188   13.3968   13.5472   13.8361   14.1884   14.4043   14.7059   15.1830   15.3495
   15.9200   16.3612   16.6597   16.8895   17.4230   17.6327   17.7891   18.7546   19.4997   20.1117
   20.4648   21.0490   21.9890   23.1050   24.3166   25.1743   26.3559   27.3506   27.6914   28.7656
   29.2581   29.4247   30.0373   32.2827   33.9647   35.0768   35.3238   36.1149   36.7026   37.4966
   38.5536   39.3008   39.5590   41.1632   41.7938   44.0124   45.7459   48.1080   50.5892   54.0288
   55.9973   57.3736   58.9072   59.5446   63.4743   69.4032   70.3994
 117  1  -17.5754  -17.4483  -17.4268  -16.6073  -15.5620  -11.3207  -11.2429  -10.8111  -10.0827   -9.5990
          -9.5253   -9.3483   -8.9382   -8.3854   -8.1329   -7.6339   -7.5185   -7.3359   -6.7876   -6.6450
   -5.2458   -3.9994   -2.6263   -2.0508   -1.8689   -1.5277   -0.7322   -0.1314    0.0437    1.0572
    1.2830    1.5440    2.1653    2.4177    2.5877    2.8244    2.9165    3.0993    3.5721    3.6632
    4.2100    4.5454    4.7885    5.0455    5.5562    5.6583    6.0816    6.1097    6.5340    6.8908
    9.3402    9.9532   10.3713   10.6158   11.1966   11.3845   11.8492   12.0282   12.2905   12.4367
   12.9285   13.1055   13.3881   13.5378   13.8369   14.1854   14.3938   14.7101   15.1574   15.3536
   15.9389   16.3679   16.6745   16.8955   17.4409   17.6582   17.7818   18.7654   19.5269   20.0823
   20.4531   21.0493   22.0090   23.1245   24.3348   25.1502   26.3284   27.3151   27.6538   28.7863
   29.2796   29.4651   30.0646   32.2855   33.9514   35.0797   35.2646   36.1567   36.6326   37.4884
   38.5461   39.2900   39.5748   41.2185   41.7657   43.9923   45.7870   48.0520   50.6055   53.9384
   55.9850   57.3480   58.8539   59.5102   63.4698   69.3072   70.3839
 118  1  -17.5773  -17.4500  -17.4284  -16.6087  -15.5634  -11.3242  -11.2462  -10.8151  -10.0836   -9.5865
          -9.5126   -9.3343   -8.9357   -8.3852   -8.1378   -7.6358   -7.5187   -7.3302   -6.7860   -6.6367
   -5.2475   -3.9938   -2.6252   -2.0453   -1.8750   -1.5300   -0.7349   -0.1323    0.0281    1.0121
    1.2478    1.5174    2.1595    2.4240    2.5956    2.8346    2.9300    3.0872    3.5742    3.6479
    4.2254    4.5667    4.8181    5.0788    5.5703    5.6674    6.1005    6.1213    6.5579    6.9118
    9.3469    9.9602   10.3646   10.6117   11.1856   11.3772   11.8332   12.0207   12.2734   12.4075
   12.8949   13.0926   13.3791   13.5298   13.8369   14.1814   14.3830   14.7139   15.1297   15.3591
   15.9580   16.3742   16.6906   16.9022   17.4587   17.6809   17.7789   18.7763   19.5539   20.0523
   20.4417   21.0505   22.0297   23.1434   24.3530   25.1249   26.3001   27.2793   27.6156   28.8076
   29.3004   29.5072   30.0927   32.2878   33.9369   35.0779   35.2103   36.1977   36.5624   37.4781
   38.5395   39.2800   39.5912   41.2742   41.7402   43.9720   45.8268   47.9940   50.6223   53.8450
   55.9717   57.3216   58.7981   59.4744   63.4648   69.2059   70.3681
 119  1  -17.5792  -17.4518  -17.4300  -16.6102  -15.5648  -11.3278  -11.2496  -10.8194  -10.0846   -9.5735
          -9.4994   -9.3198   -8.9331   -8.3850   -8.1426   -7.6375   -7.5189   -7.3245   -6.7846   -6.6279
   -5.2493   -3.9881   -2.6242   -2.0396   -1.8812   -1.5324   -0.7386   -0.1338    0.0119    0.9662
    1.2131    1.4918    2.1539    2.4266    2.6031    2.8442    2.9432    3.0811    3.5688    3.6402
    4.2394    4.5897    4.8483    5.1125    5.5851    5.6765    6.1173    6.1353    6.5831    6.9335
    9.3538    9.9670   10.3576   10.6073   11.1745   11.3695   11.8167   12.0124   12.2557   12.3770
   12.8610   13.0800   13.3696   13.5233   13.8359   14.1764   14.3718   14.7171   15.1004   15.3657
   15.9774   16.3803   16.7078   16.9097   17.4763   17.6983   17.7829   18.7873   19.5806   20.0219
   20.4307   21.0524   22.0509   23.1617   24.3709   25.0984   26.2710   27.2435   27.5771   28.8291
   29.3210   29.5506   30.1214   32.2896   33.9213   35.0606   35.1712   36.2360   36.4941   37.4657
   38.5338   39.2711   39.6084   41.3292   41.7181   43.9515   45.8654   47.9342   50.6396   53.7484
   55.9572   57.2941   58.7400   59.4373   63.4592   69.0993   70.3520
 120  1  -17.5812  -17.4536  -17.4317  -16.6117  -15.5663  -11.3316  -11.2532  -10.8238  -10.0857   -9.5600
          -9.4858   -9.3048   -8.9305   -8.3848   -8.1474   -7.6392   -7.5191   -7.3187   -6.7831   -6.6188
   -5.2512   -3.9825   -2.6233   -2.0337   -1.8875   -1.5350   -0.7432   -0.1363   -0.0046    0.9197
    1.1790    1.4670    2.1485    2.4253    2.6101    2.8534    2.9560    3.0808    3.5554    3.6409
    4.2522    4.6144    4.8791    5.1466    5.6005    5.6856    6.1312    6.1525    6.6095    6.9556
    9.3611    9.9737   10.3503   10.6026   11.1631   11.3615   11.7998   12.0031   12.2377   12.3455
   12.8270   13.0677   13.3598   13.5181   13.8341   14.1704   14.3604   14.7198   15.0700   15.3730
   15.9970   16.3861   16.7260   16.9179   17.4935   17.7089   17.7954   18.7983   19.6069   19.9914
   20.4202   21.0551   22.0725   23.1795   24.3885   25.0707   26.2412   27.2075   27.5384   28.8508
   29.3417   29.5948   30.1509   32.2909   33.9045   35.0182   35.1574   36.2656   36.4337   37.4513
   38.5291   39.2634   39.6262   41.3819   41.7007   43.9310   45.9028   47.8728   50.6574   53.6489
   55.9415   57.2658   58.6794   59.3987   63.4530   68.9872   70.3353
 121  1  -17.5832  -17.4554  -17.4335  -16.6132  -15.5678  -11.3355  -11.2569  -10.8284  -10.0870   -9.5460
          -9.4717   -9.2893   -8.9279   -8.3846   -8.1522   -7.6408   -7.5192   -7.3130   -6.7818   -6.6092
   -5.2531   -3.9767   -2.6225   -2.0277   -1.8937   -1.5378   -0.7489   -0.1403   -0.0208    0.8727
    1.1457    1.4433    2.1433    2.4201    2.6167    2.8627    2.9684    3.0856    3.5372    3.6468
    4.2637    4.6407    4.9104    5.1810    5.6165    5.6948    6.1435    6.1716    6.6370    6.9783
    9.3686    9.9802   10.3427   10.5977   11.1515   11.3531   11.7824   11.9926   12.2195   12.3130
   12.7929   13.0556   13.3497   13.5142   13.8312   14.1635   14.3488   14.7220   15.0387   15.3807
   16.0168   16.3918   16.7450   16.9268   17.5102   17.7140   17.8151   18.8093   19.6324   19.9611
   20.4102   21.0585   22.0944   23.1966   24.4054   25.0418   26.2109   27.1713   27.4999   28.8726
   29.3626   29.6397   30.1811   32.2917   33.8865   34.9599   35.1595   36.2657   36.4023   37.4347
   38.5253   39.2571   39.6447   41.4291   41.6908   43.9104   45.9390   47.8098   50.6756   53.5463
   55.9248   57.2365   58.6166   59.3588   63.4463   68.8697   70.3182
 122  1  -17.5852  -17.4573  -17.4353  -16.6148  -15.5694  -11.3395  -11.2607  -10.8330  -10.0884   -9.5315
          -9.4571   -9.2732   -8.9253   -8.3843   -8.1568   -7.6424   -7.5194   -7.3073   -6.7805   -6.5992
   -5.2551   -3.9710   -2.6218   -2.0216   -1.8997   -1.5407   -0.7558   -0.1469   -0.0358    0.8252
    1.1134    1.4206    2.1381    2.4111    2.6228    2.8725    2.9805    3.0944    3.5173    3.6555
    4.2742    4.6683    4.9423    5.2157    5.6331    5.7040    6.1553    6.1916    6.6656    7.0015
    9.3765    9.9865   10.3348   10.5924   11.1396   11.3443   11.7647   11.9807   12.2013   12.2799
   12.7588   13.0437   13.3395   13.5116   13.8273   14.1555   14.3370   14.7236   15.0068   15.3889
   16.0366   16.3973   16.7647   16.9364   17.5262   17.7170   17.8389   18.8203   19.6566   19.9317
   20.4009   21.0627   22.1167   23.2131   24.4216   25.0118   26.1803   27.1350   27.4617   28.8942
   29.3838   29.6849   30.2119   32.2919   33.8673   34.8951   35.1678   36.2204   36.4156   37.4162
   38.5223   39.2522   39.6640   41.4659   41.6931   43.8898   45.9739   47.7454   50.6942   53.4408
   55.9069   57.2063   58.5515   59.3176   63.4390   68.7468   70.3005
 123  1  -17.5873  -17.4592  -17.4371  -16.6164  -15.5709  -11.3437  -11.2647  -10.8379  -10.0900   -9.5166
          -9.4421   -9.2567   -8.9227   -8.3840   -8.1614   -7.6438   -7.5195   -7.3015   -6.7792   -6.5888
   -5.2572   -3.9653   -2.6212   -2.0156   -1.9055   -1.5439   -0.7638   -0.1569   -0.0486    0.7772
    1.0822    1.3988    2.1330    2.3988    2.6282    2.8832    2.9922    3.1060    3.4975    3.6656
    4.2838    4.6971    4.9746    5.2507    5.6503    5.7133    6.1670    6.2121    6.6953    7.0251
    9.3846    9.9926   10.3267   10.5868   11.1275   11.3351   11.7467   11.9673   12.1834   12.2461
   12.7246   13.0318   13.3292   13.5100   13.8226   14.1466   14.3251   14.7245   14.9745   15.3972
   16.0566   16.4028   16.7848   16.9468   17.5414   17.7199   17.8645   18.8314   19.6786   19.9039
   20.3922   21.0676   22.1392   23.2291   24.4366   24.9809   26.1494   27.0984   27.4240   28.9157
   29.4055   29.7304   30.2433   32.2916   33.8469   34.8275   35.1787   36.1550   36.4488   37.3959
   38.5201   39.2491   39.6839   41.4871   41.7124   43.8693   46.0078   47.6797   50.7130   53.3324
   55.8879   57.1752   58.4841   59.2751   63.4313   68.6184   70.2822
 124  1  -17.5894  -17.4611  -17.4389  -16.6180  -15.5726  -11.3480  -11.2687  -10.8428  -10.0917   -9.5013
          -9.4266   -9.2397   -8.9202   -8.3837   -8.1658   -7.6452   -7.5195   -7.2958   -6.7781   -6.5780
   -5.2593   -3.9597   -2.6207   -2.0100   -1.9108   -1.5472   -0.7731   -0.1712   -0.0582    0.7289
    1.0522    1.3782    2.1279    2.3839    2.6330    2.8948    3.0036    3.1193    3.4787    3.6765
    4.2926    4.7270    5.0075    5.2858    5.6680    5.7227    6.1789    6.2329    6.7259    7.0492
    9.3929    9.9985   10.3182   10.5808   11.1153   11.3254   11.7282   11.9521   12.1661   12.2119
   12.6905   13.0199   13.3188   13.5095   13.8169   14.1366   14.3133   14.7246   14.9422   15.4058
   16.0765   16.4081   16.8052   16.9581   17.5555   17.7242   17.8910   18.8425   19.6969   19.8795
   20.3842   21.0733   22.1619   23.2446   24.4502   24.9492   26.1183   27.0616   27.3871   28.9367
   29.4276   29.7760   30.2754   32.2906   33.8251   34.7584   35.1908   36.0840   36.4874   37.3738
   38.5185   39.2478   39.7047   41.4926   41.7484   43.8488   46.0405   47.6129   50.7321   53.2212
   55.8678   57.1432   58.4145   59.2313   63.4231   68.4846   70.2632
 125  1  -17.5916  -17.4631  -17.4408  -16.6197  -15.5742  -11.3524  -11.2729  -10.8478  -10.0935   -9.4855
          -9.4108   -9.2223   -8.9177   -8.3833   -8.1701   -7.6464   -7.5196   -7.2901   -6.7770   -6.5667
   -5.2615   -3.9540   -2.6203   -2.0048   -1.9154   -1.5508   -0.7837   -0.1900   -0.0645    0.6802
    1.0235    1.3586    2.1227    2.3670    2.6372    2.9073    3.0143    3.1336    3.4621    3.6881
    4.3007    4.7578    5.0408    5.3211    5.6863    5.7324    6.1911    6.2539    6.7573    7.0737
    9.4014   10.0042   10.3095   10.5745   11.1027   11.3153   11.7094   11.9351   12.1493   12.1776
   12.6566   13.0079   13.3086   13.5097   13.8104   14.1255   14.3016   14.7235   14.9101   15.4145
   16.0965   16.4134   16.8256   16.9702   17.5685   17.7304   17.9177   18.8536   19.7085   19.8614
   20.3770   21.0796   22.1847   23.2595   24.4619   24.9169   26.0873   27.0245   27.3512   28.9573
   29.4502   29.8215   30.3081   32.2891   33.8018   34.6885   35.2032   36.0115   36.5274   37.3502
   38.5173   39.2485   39.7264   41.4874   41.7958   43.8286   46.0720   47.5452   50.7514   53.1072
   55.8466   57.1102   58.3427   59.1861   63.4145   68.3453   70.2434
 126  1  -17.5938  -17.4651  -17.4427  -16.6214  -15.5759  -11.3569  -11.2772  -10.8530  -10.0955   -9.4694
          -9.3945   -9.2044   -8.9152   -8.3829   -8.1742   -7.6476   -7.5195   -7.2844   -6.7761   -6.5551
   -5.2637   -3.9485   -2.6201   -2.0007   -1.9188   -1.5545   -0.7956   -0.2127   -0.0681    0.6313
    0.9960    1.3401    2.1174    2.3488    2.6406    2.9200    3.0241    3.1481    3.4484    3.7003
    4.3083    4.7893    5.0745    5.3563    5.7051    5.7424    6.2034    6.2752    6.7896    7.0986
    9.4101   10.0096   10.3005   10.5678   11.0900   11.3046   11.6902   11.9162   12.1314   12.1450
   12.6227   12.9958   13.2985   13.5106   13.8032   14.1131   14.2901   14.7208   14.8789   15.4232
   16.1164   16.4187   16.8457   16.9833   17.5803   17.7388   17.9444   18.8648   19.7095   19.8535
   20.3708   21.0867   22.2076   23.2739   24.4713   24.8844   26.0564   26.9871   27.3165   28.9772
   29.4734   29.8671   30.3414   32.2870   33.7768   34.6182   35.2153   35.9393   36.5676   37.3254
   38.5164   39.2512   39.7489   41.4764   41.8494   43.8084   46.1025   47.4767   50.7706   52.9906
   55.8242   57.0762   58.2688   59.1397   63.4055   68.2005   70.2228
 127  1  -17.5960  -17.4671  -17.4446  -16.6231  -15.5776  -11.3614  -11.2815  -10.8582  -10.0976   -9.4528
          -9.3778   -9.1862   -8.9129   -8.3825   -8.1782   -7.6486   -7.5195   -7.2788   -6.7752   -6.5430
   -5.2660   -3.9431   -2.6201   -1.9980   -1.9206   -1.5584   -0.8089   -0.2386   -0.0695    0.5822
    0.9699    1.3226    2.1117    2.3300    2.6434    2.9325    3.0327    3.1624    3.4385    3.7128
    4.3154    4.8215    5.1086    5.3916    5.7243    5.7529    6.2161    6.2968    6.8226    7.1239
    9.4189   10.0149   10.2912   10.5608   11.0770   11.2935   11.6707   11.8955   12.1031   12.1237
   12.5889   12.9834   13.2886   13.5119   13.7954   14.0994   14.2791   14.7154   14.8498   15.4320
   16.1363   16.4240   16.8654   16.9976   17.5909   17.7494   17.9707   18.8760   19.6985   19.8571
   20.3657   21.0945   22.2306   23.2879   24.4777   24.8522   26.0258   26.9494   27.2831   28.9965
   29.4970   29.9124   30.3752   32.2843   33.7501   34.5479   35.2263   35.8682   36.6074   37.2996
   38.5155   39.2560   39.7725   41.4626   41.9059   43.7886   46.1319   47.4078   50.7898   52.8714
   55.8007   57.0413   58.1929   59.0921   63.3963   68.0502   70.2013
 128  1  -17.5982  -17.4692  -17.4465  -16.6248  -15.5793  -11.3661  -11.2860  -10.8635  -10.0998   -9.4358
          -9.3608   -9.1675   -8.9106   -8.3821   -8.1820   -7.6496   -7.5193   -7.2731   -6.7744   -6.5305
   -5.2684   -3.9377   -2.6201   -1.9972   -1.9203   -1.5625   -0.8236   -0.2670   -0.0694    0.5330
    0.9451    1.3063    2.1057    2.3109    2.6456    2.9438    3.0397    3.1764    3.4332    3.7258
    4.3223    4.8542    5.1432    5.4266    5.7439    5.7641    6.2291    6.3187    6.8563    7.1496
    9.4278   10.0200   10.2816   10.5533   11.0637   11.2818   11.6508   11.8732   12.0685   12.1097
   12.5553   12.9707   13.2791   13.5136   13.7873   14.0844   14.2686   14.7059   14.8241   15.4407
   16.1561   16.4292   16.8843   17.0130   17.6005   17.7623   17.9966   18.8873   19.6786   19.8691
   20.3618   21.1029   22.2536   23.3013   24.4803   24.8208   25.9956   26.9114   27.2512   29.0149
   29.5211   29.9576   30.4095   32.2812   33.7213   34.4779   35.2354   35.7992   36.6462   37.2732
   38.5147   39.2630   39.7971   41.4475   41.9635   43.7690   46.1603   47.3385   50.8087   52.7498
   55.7760   57.0053   58.1150   59.0431   63.3867   67.8944   70.1789
 129  1  -17.6005  -17.4713  -17.4485  -16.6265  -15.5810  -11.3708  -11.2905  -10.8689  -10.1022   -9.4185
          -9.3435   -9.1484   -8.9084   -8.3817   -8.1856   -7.6505   -7.5191   -7.2675   -6.7737   -6.5177
   -5.2708   -3.9325   -2.6204   -1.9984   -1.9178   -1.5667   -0.8397   -0.2974   -0.0683    0.4837
    0.9216    1.2910    2.0992    2.2923    2.6472    2.9530    3.0453    3.1903    3.4329    3.7391
    4.3288    4.8873    5.1781    5.4614    5.7637    5.7763    6.2423    6.3409    6.8905    7.1757
    9.4368   10.0248   10.2717   10.5455   11.0502   11.2695   11.6304   11.8495   12.0330   12.0977
   12.5219   12.9576   13.2698   13.5154   13.7789   14.0680   14.2587   14.6905   14.8037   15.4494
   16.1757   16.4346   16.9023   17.0297   17.6094   17.7771   18.0218   18.8986   19.6538   19.8853
   20.3594   21.1120   22.2765   23.3144   24.4782   24.7912   25.9660   26.8731   27.2209   29.0324
   29.5457   30.0026   30.4444   32.2775   33.6902   34.4085   35.2416   35.7334   36.6840   37.2463
   38.5137   39.2721   39.8230   41.4318   42.0209   43.7497   46.1876   47.2691   50.8272   52.6259
   55.7500   56.9684   58.0352   58.9929   63.3770   67.7330   70.1555
 130  1  -17.6028  -17.4734  -17.4505  -16.6283  -15.5828  -11.3757  -11.2951  -10.8744  -10.1046   -9.4008
          -9.3258   -9.1290   -8.9063   -8.3813   -8.1889   -7.6513   -7.5187   -7.2620   -6.7731   -6.5044
   -5.2732   -3.9275   -2.6208   -2.0016   -1.9132   -1.5711   -0.8572   -0.3294   -0.0663    0.4344
    0.8992    1.2769    2.0920    2.2745    2.6480    2.9587    3.0500    3.2046    3.4376    3.7528
    4.3352    4.9207    5.2133    5.4956    5.7827    5.7908    6.2559    6.3634    6.9253    7.2021
    9.4459   10.0294   10.2616   10.5373   11.0364   11.2566   11.6097   11.8247   11.9971   12.0868
   12.4887   12.9441   13.2609   13.5170   13.7707   14.0502   14.2495   14.6686   14.7894   15.4579
   16.1951   16.4401   16.9192   17.0477   17.6178   17.7936   18.0464   18.9100   19.6265   19.9032
   20.3586   21.1218   22.2994   23.3269   24.4702   24.7642   25.9370   26.8347   27.1922   29.0489
   29.5707   30.0473   30.4797   32.2733   33.6565   34.3401   35.2435   35.6720   36.7203   37.2194
   38.5126   39.2832   39.8501   41.4159   42.0774   43.7308   46.2139   47.1998   50.8450   52.5000
   55.7229   56.9304   57.9536   58.9414   63.3670   67.5661   70.1310
 131  1  -17.6051  -17.4755  -17.4525  -16.6300  -15.5846  -11.3805  -11.2998  -10.8799  -10.1072   -9.3828
          -9.3079   -9.1092   -8.9044   -8.3808   -8.1920   -7.6519   -7.5183   -7.2564   -6.7726   -6.4908
   -5.2758   -3.9226   -2.6214   -2.0064   -1.9068   -1.5756   -0.8761   -0.3628   -0.0638    0.3852
    0.8779    1.2640    2.0841    2.2578    2.6482    2.9598    3.0546    3.2199    3.4470    3.7668
    4.3415    4.9543    5.2489    5.5292    5.7992    5.8093    6.2698    6.3863    6.9607    7.2288
    9.4550   10.0337   10.2512   10.5287   11.0223   11.2430   11.5885   11.7992   11.9612   12.0769
   12.4557   12.9301   13.2523   13.5184   13.7627   14.0311   14.2409   14.6411   14.7801   15.4663
   16.2143   16.4457   16.9350   17.0669   17.6260   17.8116   18.0703   18.9214   19.5982   19.9213
   20.3597   21.1323   22.3221   23.3391   24.4555   24.7406   25.9089   26.7963   27.1652   29.0644
   29.5960   30.0917   30.5155   32.2687   33.6199   34.2730   35.2391   35.6170   36.7549   37.1929
   38.5113   39.2961   39.8786   41.4002   42.1324   43.7123   46.2390   47.1310   50.8618   52.3725
   55.6944   56.8913   57.8703   58.8886   63.3570   67.3937   70.1053
 132  1  -17.6074  -17.4776  -17.4545  -16.6318  -15.5864  -11.3855  -11.3046  -10.8855  -10.1099   -9.3645
          -9.2896   -9.0890   -8.9026   -8.3804   -8.1949   -7.6525   -7.5177   -7.2509   -6.7722   -6.4768
   -5.2783   -3.9179   -2.6222   -2.0124   -1.8992   -1.5802   -0.8963   -0.3973   -0.0608    0.3361
    0.8577    1.2522    2.0753    2.2426    2.6477    2.9555    3.0598    3.2365    3.4604    3.7811
    4.3477    4.9880    5.2848    5.5618    5.8152    5.8303    6.2840    6.4094    6.9964    7.2559
    9.4641   10.0378   10.2406   10.5197   11.0079   11.2287   11.5668   11.7731   11.9254   12.0678
   12.4228   12.9156   13.2441   13.5191   13.7553   14.0107   14.2329   14.6100   14.7741   15.4746
   16.2331   16.4515   16.9497   17.0872   17.6342   17.8308   18.0933   18.9330   19.5696   19.9386
   20.3630   21.1433   22.3447   23.3508   24.4335   24.7208   25.8815   26.7580   27.1398   29.0787
   29.6216   30.1357   30.5518   32.2638   33.5801   34.2077   35.2265   35.5702   36.7875   37.1673
   38.5099   39.3107   39.9086   41.3846   42.1853   43.6942   46.2631   47.0630   50.8771   52.2438
   55.6646   56.8511   57.7853   58.8345   63.3470   67.2158   70.0785
 133  1  -17.6098  -17.4798  -17.4565  -16.6336  -15.5882  -11.3905  -11.3093  -10.8911  -10.1127   -9.3458
          -9.2711   -9.0686   -8.9009   -8.3801   -8.1974   -7.6530   -7.5170   -7.2454   -6.7719   -6.4624
   -5.2809   -3.9134   -2.6231   -2.0193   -1.8907   -1.5849   -0.9179   -0.4328   -0.0575    0.2873
    0.8383    1.2417    2.0657    2.2290    2.6464    2.9463    3.0658    3.2546    3.4770    3.7956
    4.3540    5.0218    5.3210    5.5932    5.8325    5.8522    6.2985    6.4329    7.0325    7.2834
    9.4731   10.0417   10.2297   10.5103   10.9931   11.2138   11.5447   11.7467   11.8898   12.0593
   12.3902   12.9006   13.2361   13.5191   13.7488   13.9892   14.2255   14.5767   14.7700   15.4826
   16.2515   16.4575   16.9634   17.1082   17.6426   17.8510   18.1153   18.9446   19.5410   19.9547
   20.3685   21.1551   22.3672   23.3621   24.4045   24.7044   25.8551   26.7201   27.1161   29.0919
   29.6474   30.1794   30.5885   32.2584   33.5369   34.1443   35.2039   35.5332   36.8176   37.1430
   38.5084   39.3267   39.9403   41.3694   42.2357   43.6767   46.2860   46.9959   50.8903   52.1144
   55.6334   56.8098   57.6989   58.7792   63.3369   67.0325   70.0503
 134  1  -17.6121  -17.4819  -17.4586  -16.6354  -15.5900  -11.3955  -11.3142  -10.8968  -10.1155   -9.3269
          -9.2523   -9.0478   -8.8993   -8.3797   -8.1997   -7.6535   -7.5162   -7.2400   -6.7717   -6.4477
   -5.2836   -3.9092   -2.6243   -2.0268   -1.8815   -1.5896   -0.9407   -0.4692   -0.0541    0.2389
    0.8196    1.2325    2.0553    2.2171    2.6441    2.9333    3.0723    3.2743    3.4962    3.8104
    4.3604    5.0556    5.3574    5.6231    5.8518    5.8748    6.3134    6.4567    7.0690    7.3111
    9.4821   10.0452   10.2186   10.5005   10.9780   11.1981   11.5220   11.7203   11.8545   12.0514
   12.3578   12.8849   13.2284   13.5180   13.7433   13.9668   14.2186   14.5421   14.7670   15.4903
   16.2693   16.4640   16.9762   17.1300   17.6513   17.8721   18.1364   18.9563   19.5129   19.9691
   20.3766   21.1674   22.3894   23.3729   24.3693   24.6908   25.8296   26.6827   27.0940   29.1037
   29.6734   30.2226   30.6256   32.2528   33.4898   34.0832   35.1711   35.5062   36.8447   37.1209
   38.5070   39.3438   39.9736   41.3546   42.2832   43.6597   46.3077   46.9302   50.9003   51.9856
   55.6007   56.7672   57.6111   58.7225   63.3270   66.8437   70.0208
 135  1  -17.6145  -17.4841  -17.4606  -16.6372  -15.5919  -11.4006  -11.3191  -10.9025  -10.1185   -9.3077
          -9.2334   -9.0268   -8.8978   -8.3794   -8.2017   -7.6538   -7.5152   -7.2346   -6.7716   -6.4326
   -5.2863   -3.9052   -2.6257   -2.0348   -1.8719   -1.5943   -0.9648   -0.5062   -0.0507    0.1910
    0.8016    1.2246    2.0441    2.2068    2.6407    2.9175    3.0788    3.2953    3.5173    3.8253
    4.3668    5.0892    5.3940    5.6514    5.8733    5.8978    6.3286    6.4809    7.1058    7.3392
    9.4910   10.0485   10.2073   10.4902   10.9625   11.1817   11.4989   11.6938   11.8196   12.0440
   12.3257   12.8687   13.2208   13.5158   13.7390   13.9435   14.2121   14.5067   14.7644   15.4978
   16.2864   16.4709   16.9882   17.1521   17.6603   17.8939   18.1564   18.9681   19.4853   19.9817
   20.3873   21.1804   22.4113   23.3832   24.3287   24.6788   25.8050   26.6462   27.0735   29.1142
   29.6994   30.2653   30.6632   32.2469   33.4390   34.0246   35.1297   35.4874   36.8679   37.1019
   38.5059   39.3617   40.0088   41.3401   42.3273   43.6432   46.3279   46.8663   50.9058   51.8586
   55.5665   56.7234   57.5221   58.6645   63.3172   66.6495   69.9899
 136  1  -17.6169  -17.4863  -17.4627  -16.6391  -15.5938  -11.4057  -11.3240  -10.9082  -10.1215   -9.2882
          -9.2142   -9.0055   -8.8964   -8.3792   -8.2033   -7.6541   -7.5140   -7.2292   -6.7716   -6.4172
   -5.2890   -3.9014   -2.6273   -2.0432   -1.8621   -1.5988   -0.9900   -0.5438   -0.0475    0.1440
    0.7840    1.2180    2.0323    2.1981    2.6361    2.9002    3.0849    3.3175    3.5399    3.8404
    4.3735    5.1227    5.4308    5.6778    5.8972    5.9214    6.3441    6.5054    7.1429    7.3676
    9.4997   10.0514   10.1959   10.4796   10.9465   11.1644   11.4752   11.6675   11.7855   12.0369
   12.2939   12.8520   13.2133   13.5123   13.7359   13.9198   14.2060   14.4710   14.7621   15.5050
   16.3027   16.4783   16.9995   17.1745   17.6697   17.9165   18.1754   18.9799   19.4585   19.9922
   20.4007   21.1939   22.4330   23.3930   24.2838   24.6675   25.7813   26.6106   27.0545   29.1234
   29.7255   30.3075   30.7011   32.2408   33.3843   33.9685   35.0821   35.4742   36.8858   37.0874
   38.5052   39.3802   40.0459   41.3260   42.3677   43.6274   46.3466   46.8047   50.9042   51.7360
   55.5306   56.6782   57.4321   58.6052   63.3077   66.4500   69.9576
 137  1  -17.6192  -17.4885  -17.4648  -16.6409  -15.5956  -11.4108  -11.3289  -10.9139  -10.1246   -9.2685
          -9.1949   -8.9840   -8.8951   -8.3790   -8.2047   -7.6543   -7.5125   -7.2238   -6.7717   -6.4015
   -5.2918   -3.8979   -2.6291   -2.0520   -1.8522   -1.6031   -1.0163   -0.5819   -0.0455    0.0986
    0.7668    1.2129    2.0201    2.1907    2.6300    2.8824    3.0906    3.3407    3.5637    3.8555
    4.3804    5.1559    5.4677    5.7026    5.9237    5.9455    6.3600    6.5302    7.1801    7.3963
    9.5083   10.0539   10.1843   10.4685   10.9301   11.1465   11.4511   11.6412   11.7523   12.0301
   12.2624   12.8347   13.2056   13.5077   13.7339   13.8958   14.2002   14.4352   14.7599   15.5120
   16.3179   16.4865   17.0103   17.1970   17.6796   17.9396   18.1931   18.9918   19.4326   20.0008
   20.4168   21.2081   22.4543   23.4023   24.2354   24.6561   25.7584   26.5764   27.0369   29.1311
   29.7515   30.3491   30.7395   32.2345   33.3258   33.9149   35.0309   35.4640   36.8970   37.0789
   38.5051   39.3988   40.0849   41.3124   42.4040   43.6121   46.3634   46.7458   50.8919   51.6215
   55.4930   56.6315   57.3412   58.5445   63.2984   66.2454   69.9236
 138  1  -17.6216  -17.4907  -17.4668  -16.6427  -15.5975  -11.4160  -11.3339  -10.9196  -10.1277   -9.2486
          -9.1755   -8.9624   -8.8938   -8.3788   -8.2058   -7.6545   -7.5109   -7.2184   -6.7718   -6.3854
   -5.2946   -3.8947   -2.6312   -2.0610   -1.8425   -1.6071   -1.0437   -0.6203   -0.0463    0.0568
    0.7498    1.2093    2.0076    2.1845    2.6223    2.8648    3.0956    3.3646    3.5883    3.8707
    4.3875    5.1887    5.5048    5.7258    5.9523    5.9702    6.3763    6.5553    7.2175    7.4253
    9.5167   10.0559   10.1728   10.4570   10.9133   11.1278   11.4267   11.6148   11.7202   12.0235
   12.2313   12.8169   13.1978   13.5018   13.7326   13.8721   14.1945   14.3995   14.7576   15.5185
   16.3320   16.4956   17.0206   17.2194   17.6899   17.9634   18.2097   19.0036   19.4078   20.0074
   20.4354   21.2228   22.4753   23.4108   24.1843   24.6440   25.7362   26.5437   27.0207   29.1374
   29.7773   30.3899   30.7784   32.2280   33.2639   33.8636   34.9776   35.4550   36.9007   37.0774
   38.5059   39.4174   40.1258   41.2993   42.4359   43.5974   46.3775   46.6906   50.8635   51.5203
   55.4536   56.5834   57.2497   58.4824   63.2895   66.0356   69.8881
 139  1  -17.6240  -17.4929  -17.4689  -16.6446  -15.5994  -11.4211  -11.3389  -10.9253  -10.1310   -9.2285
          -9.1559   -8.9408   -8.8923   -8.3787   -8.2065   -7.6547   -7.5090   -7.2131   -6.7721   -6.3691
   -5.2974   -3.8918   -2.6336   -2.0702   -1.8331   -1.6105   -1.0720   -0.6590   -0.0555    0.0239
    0.7329    1.2072    1.9951    2.1792    2.6126    2.8481    3.1000    3.3890    3.6136    3.8858
    4.3950    5.2211    5.5418    5.7478    5.9825    5.9960    6.3930    6.5807    7.2551    7.4546
    9.5249   10.0574   10.1613   10.4451   10.8958   11.1083   11.4018   11.5881   11.6897   12.0168
   12.2007   12.7986   13.1896   13.4951   13.7312   13.8493   14.1890   14.3643   14.7551   15.5248
   16.3447   16.5055   17.0305   17.2417   17.7006   17.9877   18.2251   19.0153   19.3842   20.0123
   20.4563   21.2381   22.4958   23.4184   24.1311   24.6310   25.7145   26.5128   27.0059   29.1421
   29.8029   30.4300   30.8176   32.2214   33.1990   33.8145   34.9236   35.4460   36.8972   37.0823
   38.5078   39.4356   40.1686   41.2866   42.4631   43.5833   46.3880   46.6403   50.8130   51.4387
   55.4122   56.5336   57.1579   58.4189   63.2810   65.8208   69.8508
 140  1  -17.6264  -17.4951  -17.4710  -16.6464  -15.6013  -11.4263  -11.3439  -10.9311  -10.1343   -9.2083
          -9.1364   -8.9198   -8.8901   -8.3787   -8.2070   -7.6548   -7.5068   -7.2077   -6.7724   -6.3525
   -5.3003   -3.8892   -2.6362   -2.0797   -1.8244   -1.6131   -1.1012   -0.6978   -0.0805    0.0075
    0.7160    1.2066    1.9826    2.1746    2.6009    2.8329    3.1037    3.4139    3.6394    3.9008
    4.4029    5.2529    5.5788    5.7691    6.0126    6.0241    6.4101    6.6064    7.2927    7.4842
    9.5328   10.0581   10.1500   10.4328   10.8779   11.0882   11.3768   11.5610   11.6609   12.0100
   12.1708   12.7799   13.1809   13.4875   13.7286   13.8287   14.1836   14.3298   14.7524   15.5307
   16.3560   16.5166   17.0399   17.2637   17.7117   18.0124   18.2393   19.0267   19.3620   20.0158
   20.4793   21.2540   22.5159   23.4250   24.0762   24.6167   25.6930   26.4841   26.9923   29.1453
   29.8283   30.4693   30.8574   32.2146   33.1314   33.7673   34.8695   35.4360   36.8883   37.0918
   38.5110   39.4533   40.2132   41.2743   42.4855   43.5696   46.3928   46.5971   50.7365   51.3805
   55.3686   56.4821   57.0659   58.3540   63.2729   65.6012   69.8118
 141  1  -17.6288  -17.4973  -17.4731  -16.6482  -15.6032  -11.4315  -11.3489  -10.9368  -10.1376   -9.1879
          -9.1168   -8.9025   -8.8840   -8.3786   -8.2072   -7.6550   -7.5044   -7.2024   -6.7728   -6.3357
   -5.3032   -3.8870   -2.6390   -2.0894   -1.8166   -1.6148   -1.1312   -0.7368   -0.1178    0.0042
    0.6990    1.2075    1.9702    2.1707    2.5871    2.8194    3.1067    3.4389    3.6656    3.9157
    4.4111    5.2841    5.6157    5.7901    6.0408    6.0560    6.4278    6.6324    7.3304    7.5142
    9.5405   10.0578   10.1392   10.4200   10.8593   11.0675   11.3515   11.5332   11.6339   12.0027
   12.1419   12.7608   13.1715   13.4795   13.7225   13.8122   14.1779   14.2962   14.7494   15.5363
   16.3657   16.5286   17.0490   17.2853   17.7231   18.0376   18.2522   19.0377   19.3415   20.0179
   20.5042   21.2704   22.5356   23.4300   24.0204   24.6012   25.6717   26.4576   26.9799   29.1469
   29.8533   30.5076   30.8976   32.2076   33.0617   33.7217   34.8157   35.4245   36.8760   37.1038
   38.5157   39.4702   40.2595   41.2625   42.5029   43.5563   46.3888   46.5641   50.6355   51.3443
   55.3228   56.4287   56.9742   58.2876   63.2654   65.3769   69.7710
 142  1  -17.6312  -17.4995  -17.4751  -16.6501  -15.6050  -11.4367  -11.3539  -10.9425  -10.1410   -9.1673
          -9.0973   -8.8952   -8.8677   -8.3786   -8.2071   -7.6551   -7.5017   -7.1970   -6.7733   -6.3186
   -5.3062   -3.8851   -2.6422   -2.0992   -1.8101   -1.6151   -1.1619   -0.7757   -0.1600    0.0064
    0.6820    1.2100    1.9579    2.1671    2.5715    2.8078    3.1092    3.4640    3.6920    3.9305
    4.4198    5.3147    5.6522    5.8113    6.0678    6.0907    6.4459    6.6587    7.3681    7.5445
    9.5478   10.0563   10.1291   10.4069   10.8400   11.0462   11.3261   11.5049   11.6090   11.9944
   12.1145   12.7414   13.1613   13.4711   13.7109   13.8018   14.1717   14.2642   14.7462   15.5414
   16.3740   16.5416   17.0577   17.3066   17.7348   18.0632   18.2639   19.0480   19.3229   20.0191
   20.5307   21.2874   22.5546   23.4330   23.9643   24.5843   25.6502   26.4337   26.9687   29.1469
   29.8778   30.5447   30.9384   32.2004   32.9905   33.6775   34.7626   35.4114   36.8616   37.1169
   38.5221   39.4861   40.3074   41.2513   42.5151   43.5432   46.3736   46.5439   50.5150   51.3251
   55.2745   56.3733   56.8831   58.2197   63.2585   65.1482   69.7282
 143  1  -17.6336  -17.5017  -17.4772  -16.6519  -15.6069  -11.4419  -11.3589  -10.9482  -10.1444   -9.1467
          -9.0779   -8.8928   -8.8464   -8.3785   -8.2067   -7.6553   -7.4987   -7.1916   -6.7739   -6.3013
   -5.3092   -3.8835   -2.6457   -2.1092   -1.8051   -1.6139   -1.1932   -0.8145   -0.2037    0.0108
    0.6648    1.2140    1.9459    2.1636    2.5541    2.7982    3.1110    3.4889    3.7186    3.9451
    4.4290    5.3444    5.6884    5.8330    6.0946    6.1269    6.4647    6.6853    7.4058    7.5752
    9.5548   10.0531   10.1201   10.3934   10.8200   11.0245   11.3006   11.4760   11.5858   11.9844
   12.0894   12.7217   13.1503   13.4626   13.6936   13.7976   14.1642   14.2348   14.7426   15.5462
   16.3807   16.5556   17.0661   17.3275   17.7467   18.0892   18.2744   19.0573   19.3065   20.0194
   20.5587   21.3049   22.5731   23.4332   23.9089   24.5662   25.6284   26.4125   26.9586   29.1452
   29.9019   30.5808   30.9797   32.1928   32.9184   33.6346   34.7102   35.3965   36.8458   37.1300
   38.5305   39.5010   40.3566   41.2405   42.5223   43.5303   46.3481   46.5353   50.3807   51.3173
   55.2236   56.3157   56.7930   58.1502   63.2523   64.9153   69.6835
 144  1  -17.6359  -17.5039  -17.4792  -16.6537  -15.6088  -11.4470  -11.3639  -10.9538  -10.1478   -9.1260
          -9.0587   -8.8913   -8.8239   -8.3784   -8.2061   -7.6555   -7.4953   -7.1862   -6.7745   -6.2838
   -5.3122   -3.8823   -2.6495   -2.1195   -1.8018   -1.6108   -1.2250   -0.8532   -0.2477    0.0164
    0.6475    1.2195    1.9340    2.1602    2.5355    2.7903    3.1124    3.5137    3.7454    3.9595
    4.4386    5.3733    5.7240    5.8557    6.1216    6.1640    6.4841    6.7122    7.4434    7.6062
    9.5613   10.0480   10.1124   10.3795   10.7992   11.0023   11.2751   11.4468   11.5643   11.9717
   12.0675   12.7017   13.1382   13.4541   13.6722   13.7977   14.1538   14.2098   14.7387   15.5507
   16.3861   16.5702   17.0742   17.3480   17.7588   18.1155   18.2839   19.0652   19.2929   20.0190
   20.5878   21.3229   22.5910   23.4293   23.8555   24.5470   25.6061   26.3941   26.9497   29.1418
   29.9254   30.6155   31.0215   32.1846   32.8459   33.5929   34.6586   35.3797   36.8292   37.1425
   38.5408   39.5146   40.4069   41.2303   42.5244   43.5174   46.3164   46.5341   50.2369   51.3168
   55.1698   56.2557   56.7042   58.0792   63.2467   64.6786   69.6368
 145  1  -17.6383  -17.5061  -17.4813  -16.6556  -15.6107  -11.4522  -11.3688  -10.9595  -10.1513   -9.1052
          -9.0398   -8.8898   -8.8009   -8.3782   -8.2053   -7.6557   -7.4917   -7.1807   -6.7753   -6.2660
   -5.3152   -3.8815   -2.6536   -2.1298   -1.8006   -1.6058   -1.2573   -0.8917   -0.2917    0.0227
    0.6301    1.2264    1.9223    2.1567    2.5160    2.7840    3.1132    3.5382    3.7721    3.9738
    4.4487    5.4013    5.7588    5.8798    6.1490    6.2014    6.5044    6.7393    7.4808    7.6376
    9.5675   10.0408   10.1063   10.3653   10.7777   10.9800   11.2496   11.4176   11.5442   11.9553
   12.0498   12.6815   13.1250   13.4455   13.6484   13.8002   14.1383   14.1916   14.7344   15.5547
   16.3903   16.5854   17.0820   17.3681   17.7710   18.1419   18.2923   19.0713   19.2824   20.0182
   20.6181   21.3414   22.6081   23.4196   23.8060   24.5268   25.5831   26.3786   26.9418   29.1367
   29.9483   30.6488   31.0638   32.1754   32.7740   33.5522   34.6075   35.3612   36.8117   37.1541
   38.5534   39.5270   40.4581   41.2206   42.5215   43.5044   46.2822   46.5364   50.0865   51.3206
   55.1129   56.1934   56.6172   58.0066   63.2417   64.4383   69.5879
 146  1  -17.6407  -17.5083  -17.4833  -16.6574  -15.6126  -11.4573  -11.3738  -10.9651  -10.1548   -9.0845
          -9.0215   -8.8882   -8.7778   -8.3779   -8.2043   -7.6560   -7.4877   -7.1752   -6.7760   -6.2482
   -5.3183   -3.8810   -2.6581   -2.1404   -1.8013   -1.5989   -1.2899   -0.9298   -0.3354    0.0294
    0.6127    1.2347    1.9108    2.1527    2.4962    2.7791    3.1137    3.5622    3.7989    3.9879
    4.4593    5.4283    5.7928    5.9056    6.1767    6.2390    6.5255    6.7666    7.5180    7.6694
    9.5732   10.0316   10.1015   10.3507   10.7553   10.9574   11.2241   11.3887   11.5253   11.9351
   12.0365   12.6611   13.1107   13.4370   13.6236   13.8036   14.1180   14.1804   14.7298   15.5583
   16.3933   16.6009   17.0895   17.3877   17.7833   18.1684   18.2998   19.0749   19.2755   20.0171
   20.6492   21.3604   22.6244   23.4019   23.7626   24.5058   25.5594   26.3660   26.9349   29.1298
   29.9705   30.6806   31.1067   32.1650   32.7033   33.5127   34.5570   35.3411   36.7934   37.1644
   38.5682   39.5380   40.5098   41.2116   42.5139   43.4913   46.2475   46.5399   49.9314   51.3271
   55.0526   56.1285   56.5322   57.9324   63.2374   64.1949   69.5370
 147  1  -17.6430  -17.5105  -17.4854  -16.6592  -15.6145  -11.4624  -11.3787  -10.9706  -10.1583   -9.0638
          -9.0039   -8.8860   -8.7544   -8.3775   -8.2031   -7.6564   -7.4834   -7.1696   -6.7769   -6.2301
   -5.3213   -3.8809   -2.6629   -2.1512   -1.8040   -1.5901   -1.3228   -0.9675   -0.3785    0.0365
    0.5952    1.2442    1.8994    2.1481    2.4766    2.7752    3.1137    3.5856    3.8256    4.0019
    4.4704    5.4543    5.8257    5.9333    6.2049    6.2765    6.5476    6.7943    7.5551    7.7016
    9.5784   10.0209   10.0975   10.3359   10.7320   10.9347   11.1985   11.3602   11.5072   11.9118
   12.0270   12.6406   13.0952   13.4285   13.5983   13.8070   14.0960   14.1734   14.7247   15.5616
   16.3953   16.6167   17.0967   17.4069   17.7955   18.1947   18.3068   19.0759   19.2724   20.0157
   20.6811   21.3798   22.6398   23.3741   23.7276   24.4843   25.5349   26.3562   26.9290   29.1213
   29.9919   30.7108   31.1499   32.1523   32.6352   33.4743   34.5069   35.3196   36.7742   37.1734
   38.5853   39.5475   40.5616   41.2033   42.5018   43.4778   46.2130   46.5433   49.7730   51.3350
   54.9889   56.0611   56.4497   57.8565   63.2335   63.9490   69.4838
 148  1  -17.6453  -17.5126  -17.4874  -16.6610  -15.6163  -11.4674  -11.3836  -10.9761  -10.1618   -9.0432
          -8.9873   -8.8829   -8.7309   -8.3768   -8.2018   -7.6568   -7.4789   -7.1639   -6.7778   -6.2119
   -5.3244   -3.8812   -2.6681   -2.1621   -1.8085   -1.5796   -1.3559   -1.0048   -0.4212    0.0437
    0.5779    1.2550    1.8881    2.1427    2.4575    2.7723    3.1134    3.6084    3.8521    4.0159
    4.4819    5.4793    5.8575    5.9628    6.2336    6.3136    6.5710    6.8221    7.5918    7.7342
    9.5830   10.0091   10.0939   10.3209   10.7078   10.9119   11.1730   11.3324   11.4898   11.8864
   12.0201   12.6200   13.0785   13.4198   13.5731   13.8097   14.0750   14.1686   14.7193   15.5644
   16.3964   16.6325   17.1037   17.4257   17.8077   18.2203   18.3137   19.0742   19.2733   20.0143
   20.7138   21.3998   22.6541   23.3352   23.7019   24.4623   25.5096   26.3491   26.9241   29.1110
   30.0124   30.7392   31.1935   32.1366   32.5710   33.4371   34.4570   35.2969   36.7539   37.1810
   38.6048   39.5555   40.6132   41.1959   42.4853   43.4640   46.1791   46.5456   49.6123   51.3436
   54.9213   55.9913   56.3696   57.7789   63.2293   63.7019   69.4283
 149  1  -17.6477  -17.5148  -17.4894  -16.6628  -15.6182  -11.4725  -11.3885  -10.9816  -10.1653   -9.0227
          -8.9723   -8.8785   -8.7073   -8.3759   -8.2003   -7.6573   -7.4740   -7.1580   -6.7788   -6.1936
   -5.3275   -3.8819   -2.6736   -2.1733   -1.8145   -1.5677   -1.3891   -1.0416   -0.4631    0.0511
    0.5607    1.2670    1.8768    2.1362    2.4394    2.7702    3.1129    3.6303    3.8785    4.0300
    4.4940    5.5032    5.8885    5.9942    6.2628    6.3500    6.5957    6.8502    7.6283    7.7673
    9.5870    9.9964   10.0903   10.3057   10.6828   10.8891   11.1474   11.3054   11.4730   11.8598
   12.0151   12.5994   13.0608   13.4108   13.5483   13.8108   14.0565   14.1651   14.7135   15.5669
   16.3966   16.6482   17.1105   17.4441   17.8198   18.2443   18.3215   19.0701   19.2776   20.0128
   20.7470   21.4201   22.6672   23.2861   23.6850   24.4401   25.4835   26.3447   26.9202   29.0989
   30.0320   30.7659   31.2374   32.1163   32.5125   33.4012   34.4072   35.2730   36.7325   37.1870
   38.6265   39.5620   40.6640   41.1895   42.4649   43.4499   46.1456   46.5464   49.4500   51.3522
   54.8498   55.9194   56.2921   57.6996   63.2209   63.4579   69.3706
 150  1  -17.6500  -17.5169  -17.4914  -16.6646  -15.6200  -11.4774  -11.3933  -10.9870  -10.1689   -9.0026
          -8.9592   -8.8722   -8.6837   -8.3748   -8.1987   -7.6579   -7.4688   -7.1521   -6.7798   -6.1752
   -5.3306   -3.8830   -2.6796   -2.1846   -1.8219   -1.5547   -1.4222   -1.0777   -0.5044    0.0586
    0.5438    1.2800    1.8654    2.1284    2.4228    2.7688    3.1120    3.6514    3.9045    4.0444
    4.5064    5.5262    5.9189    6.0270    6.2925    6.3855    6.6220    6.8786    7.6644    7.8008
    9.5904    9.9833   10.0863   10.2904   10.6569   10.8663   11.1219   11.2794   11.4565   11.8326
   12.0113   12.5788   13.0419   13.4012   13.5242   13.8097   14.0415   14.1623   14.7073   15.5690
   16.3960   16.6637   17.1170   17.4621   17.8317   18.2650   18.3319   19.0641   19.2850   20.0114
   20.7807   21.4410   22.6786   23.2288   23.6751   24.4180   25.4569   26.3427   26.9171   29.0851
   30.0506   30.7907   31.2812   32.0900   32.4617   33.3668   34.3573   35.2483   36.7097   37.1915
   38.6504   39.5669   40.7135   41.1844   42.4409   43.4354   46.1120   46.5451   49.2868   51.3605
   54.7742   55.8456   56.2170   57.6186   63.1517   63.2742   69.3104
 151  1  -17.6522  -17.5190  -17.4934  -16.6663  -15.6218  -11.4824  -11.3981  -10.9924  -10.1724   -8.9828
          -8.9485   -8.8635   -8.6600   -8.3732   -8.1970   -7.6586   -7.4634   -7.1460   -6.7809   -6.1567
   -5.3338   -3.8844   -2.6860   -2.1961   -1.8306   -1.5408   -1.4552   -1.1131   -0.5449    0.0660
    0.5273    1.2939    1.8540    2.1192    2.4079    2.7678    3.1110    3.6714    3.9302    4.0591
    4.5191    5.5482    5.9488    6.0611    6.3228    6.4199    6.6501    6.9072    7.7001    7.8347
    9.5932    9.9698   10.0816   10.2753   10.6302   10.8434   11.0965   11.2545   11.4403   11.8052
   12.0085   12.5583   13.0221   13.3907   13.5010   13.8062   14.0306   14.1602   14.7007   15.5706
   16.3946   16.6787   17.1234   17.4799   17.8434   18.2802   18.3471   19.0567   19.2948   20.0101
   20.8148   21.4622   22.6878   23.1658   23.6702   24.3961   25.4297   26.3428   26.9150   29.0697
   30.0680   30.8136   31.3248   32.0567   32.4203   33.3339   34.3073   35.2228   36.6856   37.1945
   38.6763   39.5702   40.7610   41.1809   42.4136   43.4208   46.0780   46.5414   49.1235   51.3681
   54.6944   55.7705   56.1443   57.5358   62.9257   63.2473   69.2479
 152  1  -17.6545  -17.5212  -17.4953  -16.6681  -15.6236  -11.4873  -11.4029  -10.9976  -10.1759   -8.9641
          -8.9398   -8.8524   -8.6363   -8.3713   -8.1951   -7.6594   -7.4578   -7.1398   -6.7820   -6.1382
   -5.3369   -3.8862   -2.6927   -2.2079   -1.8402   -1.5264   -1.4880   -1.1476   -0.5846    0.0732
    0.5113    1.3088    1.8425    2.1083    2.3948    2.7673    3.1098    3.6903    3.9554    4.0745
    4.5322    5.5693    5.9786    6.0961    6.3537    6.4531    6.6799    6.9360    7.7354    7.8690
    9.5951    9.9562   10.0761   10.2602   10.6028   10.8204   11.0712   11.2307   11.4241   11.7778
   12.0065   12.5378   13.0013   13.3791   13.4793   13.7999   14.0240   14.1587   14.6938   15.5719
   16.3925   16.6933   17.1297   17.4973   17.8549   18.2894   18.3677   19.0484   19.3064   20.0090
   20.8493   21.4838   22.6939   23.0997   23.6686   24.3748   25.4022   26.3450   26.9138   29.0525
   30.0841   30.8343   31.3678   32.0164   32.3889   33.3027   34.2570   35.1966   36.6599   37.1959
   38.7042   39.5718   40.8056   41.1796   42.3833   43.4059   46.0427   46.5347   48.9606   51.3747
   54.6103   55.6942   56.0736   57.4512   62.6760   63.2450   69.1829
 153  1  -17.6567  -17.5232  -17.4973  -16.6698  -15.6254  -11.4921  -11.4076  -11.0029  -10.1794   -8.9482
          -8.9308   -8.8391   -8.6126   -8.3690   -8.1932   -7.6602   -7.4519   -7.1334   -6.7832   -6.1196
   -5.3400   -3.8885   -2.6999   -2.2199   -1.8508   -1.5221   -1.5100   -1.1812   -0.6235    0.0803
    0.4960    1.3244    1.8308    2.0959    2.3838    2.7672    3.1086    3.7079    3.9799    4.0907
    4.5456    5.5897    6.0085    6.1317    6.3851    6.4849    6.7117    6.9651    7.7703    7.9038
    9.5962    9.9424   10.0695   10.2454   10.5747   10.7972   11.0461   11.2081   11.4080   11.7506
   12.0050   12.5174   12.9798   13.3659   13.4591   13.7913   14.0215   14.1576   14.6865   15.5728
   16.3897   16.7073   17.1359   17.5144   17.8660   18.2942   18.3922   19.0396   19.3194   20.0080
   20.8841   21.5058   22.6950   23.0334   23.6690   24.3542   25.3745   26.3489   26.9135   29.0338
   30.0988   30.8529   31.4095   31.9707   32.3668   33.2733   34.2063   35.1699   36.6327   37.1957
   38.7337   39.5718   40.8463   41.1812   42.3506   43.3910   46.0055   46.5246   48.7988   51.3801
   54.5220   55.6173   56.0048   57.3649   62.4236   63.2467   69.1154
 154  1  -17.6589  -17.5253  -17.4992  -16.6715  -15.6272  -11.4969  -11.4122  -11.0080  -10.1829   -8.9392
          -8.9173   -8.8242   -8.5889   -8.3662   -8.1912   -7.6611   -7.4459   -7.1268   -6.7844   -6.1010
   -5.3432   -3.8911   -2.7076   -2.2321   -1.8622   -1.5535   -1.4962   -1.2134   -0.6614    0.0869
    0.4815    1.3408    1.8189    2.0820    2.3748    2.7674    3.1073    3.7242    4.0038    4.1079
    4.5592    5.6093    6.0385    6.1677    6.4173    6.5152    6.7453    6.9944    7.8047    7.9389
    9.5965    9.9287   10.0616   10.2310   10.5461   10.7738   11.0214   11.1867   11.3919   11.7237
   12.0040   12.4972   12.9575   13.3511   13.4407   13.7807   14.0227   14.1569   14.6789   15.5734
   16.3862   16.7206   17.1420   17.5313   17.8768   18.2963   18.4188   19.0306   19.3334   20.0073
   20.9192   21.5282   22.6876   22.9713   23.6706   24.3345   25.3468   26.3544   26.9140   29.0135
   30.1119   30.8691   31.4488   31.9225   32.3525   33.2457   34.1552   35.1427   36.6039   37.1941
   38.7648   39.5700   40.8819   41.1864   42.3158   43.3760   45.9656   46.5105   48.6389   51.3841
   54.4295   55.5399   55.9378   57.2768   62.1714   63.2503   69.0455
 155  1  -17.6611  -17.5273  -17.5011  -16.6732  -15.6290  -11.5016  -11.4168  -11.0131  -10.1864   -8.9355
          -8.9004   -8.8082   -8.5653   -8.3628   -8.1891   -7.6621   -7.4397   -7.1199   -6.7857   -6.0824
   -5.3463   -3.8941   -2.7156   -2.2446   -1.8744   -1.5852   -1.4819   -1.2441   -0.6982    0.0931
    0.4680    1.3578    1.8068    2.0668    2.3677    2.7679    3.1060    3.7391    4.0267    4.1264
    4.5729    5.6283    6.0687    6.2039    6.4500    6.5443    6.7806    7.0240    7.8388    7.9744
    9.5957    9.9151   10.0522   10.2170   10.5171   10.7501   10.9970   11.1664   11.3755   11.6972
   12.0034   12.4772   12.9347   13.3346   13.4240   13.7690   14.0269   14.1566   14.6711   15.5735
   16.3820   16.7331   17.1483   17.5479   17.8873   18.2967   18.4465   19.0215   19.3481   20.0067
   20.9544   21.5509   22.6660   22.9197   23.6727   24.3159   25.3193   26.3612   26.9153   28.9918
   30.1231   30.8829   31.4841   31.8756   32.3445   33.2201   34.1037   35.1150   36.5735   37.1910
   38.7970   39.5666   40.9112   41.1960   42.2794   43.3611   45.9220   46.4919   48.4817   51.3865
   54.3330   55.4623   55.8722   57.1871   61.9206   63.2553   68.9730
 156  1  -17.6633  -17.5294  -17.5029  -16.6749  -15.6307  -11.5063  -11.4214  -11.0181  -10.1898   -8.9339
          -8.8828   -8.7914   -8.5418   -8.3588   -8.1870   -7.6632   -7.4335   -7.1129   -6.7870   -6.0638
   -5.3494   -3.8974   -2.7242   -2.2574   -1.8873   -1.6164   -1.4689   -1.2726   -0.7340    0.0985
    0.4557    1.3753    1.7944    2.0505    2.3622    2.7686    3.1047    3.7525    4.0488    4.1463
    4.5867    5.6467    6.0992    6.2401    6.4835    6.5722    6.8176    7.0539    7.8724    8.0101
    9.5939    9.9016   10.0414   10.2035   10.4877   10.7260   10.9732   11.1473   11.3590   11.6713
   12.0031   12.4574   12.9114   13.3167   13.4088   13.7566   14.0335   14.1566   14.6630   15.5733
   16.3771   16.7447   17.1546   17.5643   17.8973   18.2960   18.4748   19.0127   19.3634   20.0065
   20.9898   21.5739   22.6247   22.8844   23.6748   24.2988   25.2920   26.3691   26.9174   28.9686
   30.1321   30.8941   31.5123   31.8350   32.3414   33.1966   34.0519   35.0866   36.5417   37.1864
   38.8300   39.5614   40.9335   41.2104   42.2420   43.3463   45.8740   46.4681   48.3280   51.3871
   54.2329   55.3844   55.8080   57.0957   61.6720   63.2617   68.8980
 157  1  -17.6654  -17.5313  -17.5048  -16.6766  -15.6324  -11.5109  -11.4258  -11.0231  -10.1932   -8.9333
          -8.8656   -8.7742   -8.5184   -8.3541   -8.1847   -7.6644   -7.4271   -7.1056   -6.7883   -6.0453
   -5.3525   -3.9012   -2.7331   -2.2704   -1.9009   -1.6469   -1.4583   -1.2977   -0.7686    0.1031
    0.4448    1.3932    1.7818    2.0333    2.3583    2.7694    3.1036    3.7645    4.0700    4.1676
    4.6005    5.6647    6.1299    6.2763    6.5175    6.5991    6.8559    7.0841    7.9056    8.0460
    9.5910    9.8883   10.0291   10.1902   10.4581   10.7016   10.9499   11.1294   11.3421   11.6459
   12.0031   12.4378   12.8877   13.2978   13.3948   13.7441   14.0418   14.1569   14.6547   15.5728
   16.3716   16.7552   17.1611   17.5805   17.9069   18.2945   18.5035   19.0040   19.3790   20.0065
   21.0253   21.5972   22.5640   22.8655   23.6765   24.2832   25.2652   26.3781   26.9203   28.9442
   30.1388   30.9024   31.5285   31.8069   32.3423   33.1750   33.9999   35.0577   36.5085   37.1804
   38.8636   39.5545   40.9488   41.2291   42.2039   43.3318   45.8204   46.4384   48.1788   51.3858
   54.1294   55.3064   55.7453   57.0028   61.4265   63.2693   68.8205
 158  1  -17.6675  -17.5333  -17.5066  -16.6782  -15.6341  -11.5154  -11.4302  -11.0279  -10.1966   -8.9334
          -8.8489   -8.7566   -8.4952   -8.3488   -8.1824   -7.6656   -7.4207   -7.0981   -6.7897   -6.0268
   -5.3556   -3.9053   -2.7425   -2.2837   -1.9151   -1.6767   -1.4522   -1.3175   -0.8018    0.1067
    0.4355    1.4114    1.7690    2.0157    2.3555    2.7704    3.1026    3.7749    4.0904    4.1901
    4.6143    5.6823    6.1608    6.3123    6.5522    6.6253    6.8953    7.1146    7.9384    8.0822
    9.5869    9.8751   10.0154   10.1772   10.4285   10.6768   10.9272   11.1125   11.3249   11.6213
   12.0034   12.4184   12.8639   13.2783   13.3816   13.7317   14.0515   14.1575   14.6464   15.5719
   16.3653   16.7647   17.1680   17.5966   17.9161   18.2923   18.5322   18.9957   19.3949   20.0068
   21.0608   21.6207   22.4894   22.8577   23.6776   24.2693   25.2390   26.3878   26.9238   28.9186
   30.1426   30.9077   31.5284   31.7969   32.3466   33.1554   33.9478   35.0279   36.4740   37.1732
   38.8974   39.5460   40.9578   41.2508   42.1659   43.3174   45.7606   46.4019   48.0351   51.3823
   54.0228   55.2281   55.6839   56.9085   61.1849   63.2780   68.7404
 159  1  -17.6696  -17.5352  -17.5084  -16.6798  -15.6358  -11.5199  -11.4346  -11.0327  -10.1999   -8.9339
          -8.8329   -8.7388   -8.4722   -8.3426   -8.1799   -7.6669   -7.4143   -7.0902   -6.7911   -6.0084
   -5.3587   -3.9097   -2.7524   -2.2973   -1.9299   -1.7056   -1.4533   -1.3295   -0.8336    0.1091
    0.4280    1.4297    1.7560    1.9977    2.3537    2.7714    3.1019    3.7839    4.1103    4.2139
    4.6281    5.6997    6.1920    6.3482    6.5875    6.6508    6.9355    7.1454    7.9709    8.1183
    9.5816    9.8621   10.0006   10.1640   10.3990   10.6516   10.9052   11.0967   11.3072   11.5973
   12.0039   12.3994   12.8400   13.2585   13.3690   13.7197   14.0622   14.1583   14.6381   15.5707
   16.3583   16.7731   17.1751   17.6124   17.9248   18.2898   18.5609   18.9877   19.4109   20.0073
   21.0963   21.6444   22.4061   22.8561   23.6778   24.2572   25.2136   26.3982   26.9280   28.8919
   30.1433   30.9099   31.5127   31.8053   32.3538   33.1378   33.8958   34.9972   36.4384   37.1647
   38.9308   39.5359   40.9617   41.2739   42.1284   43.3034   45.6934   46.3579   47.8978   51.3766
   53.9136   55.1497   55.6238   56.8130   60.9479   63.2879   68.6579
 160  1  -17.6717  -17.5372  -17.5101  -16.6814  -15.6374  -11.5243  -11.4388  -11.0374  -10.2032   -8.9347
          -8.8178   -8.7209   -8.4494   -8.3356   -8.1774   -7.6683   -7.4079   -7.0821   -6.7925   -5.9901
   -5.3617   -3.9145   -2.7627   -2.3112   -1.9455   -1.7335   -1.4629   -1.3327   -0.8637    0.1102
    0.4224    1.4480    1.7430    1.9796    2.3528    2.7724    3.1014    3.7913    4.1298    4.2387
    4.6417    5.7167    6.2232    6.3838    6.6232    6.6760    6.9764    7.1766    8.0030    8.1546
    9.5750    9.8489    9.9849   10.1505   10.3698   10.6261   10.8839   11.0819   11.2891   11.5741
   12.0044   12.3807   12.8163   13.2388   13.3568   13.7082   14.0734   14.1594   14.6300   15.5692
   16.3505   16.7803   17.1827   17.6281   17.9330   18.2868   18.5894   18.9801   19.4270   20.0080
   21.1316   21.6683   22.3175   22.8577   23.6769   24.2471   25.1891   26.4091   26.9327   28.8642
   30.1402   30.9089   31.4879   31.8263   32.3639   33.1220   33.8443   34.9653   36.4017   37.1550
   38.9635   39.5244   40.9616   41.2965   42.0920   43.2895   45.6181   46.3057   47.7680   51.3683
   53.8021   55.0711   55.5651   56.7165   60.7164   63.2988   68.5729
 161  1  -17.6737  -17.5390  -17.5119  -16.6830  -15.6390  -11.5286  -11.4430  -11.0420  -10.2065   -8.9358
          -8.8037   -8.7029   -8.4270   -8.3277   -8.1746   -7.6697   -7.4016   -7.0738   -6.7940   -5.9720
   -5.3647   -3.9196   -2.7734   -2.3255   -1.9616   -1.7603   -1.4794   -1.3289   -0.8918    0.1098
    0.4189    1.4660    1.7301    1.9616    2.3524    2.7734    3.1013    3.7974    4.1491    4.2643
    4.6551    5.7336    6.2546    6.4191    6.6593    6.7012    7.0177    7.2083    8.0348    8.1907
    9.5670    9.8355    9.9688   10.1363   10.3410   10.6005   10.8632   11.0680   11.2706   11.5517
   12.0051   12.3623   12.7929   13.2193   13.3448   13.6972   14.0847   14.1609   14.6220   15.5673
   16.3419   16.7863   17.1907   17.6436   17.9408   18.2836   18.6177   18.9728   19.4431   20.0090
   21.1667   21.6920   22.2254   22.8609   23.6748   24.2389   25.1656   26.4205   26.9380   28.8358
   30.1329   30.9049   31.4606   31.8538   32.3767   33.1079   33.7936   34.9321   36.3643   37.1443
   38.9948   39.5118   40.9586   41.3171   42.0575   43.2759   45.5339   46.2447   47.6464   51.3574
   53.6890   54.9922   55.5078   56.6191   60.4909   63.3107   68.4855
 162  1  -17.6756  -17.5409  -17.5136  -16.6845  -15.6406  -11.5328  -11.4472  -11.0465  -10.2097   -8.9370
          -8.7906   -8.6849   -8.4051   -8.3189   -8.1718   -7.6712   -7.3953   -7.0651   -6.7955   -5.9540
   -5.3677   -3.9250   -2.7846   -2.3400   -1.9785   -1.7859   -1.4997   -1.3214   -0.9177    0.1079
    0.4174    1.4834    1.7177    1.9439    2.3524    2.7743    3.1016    3.8022    4.1683    4.2905
    4.6684    5.7504    6.2860    6.4541    6.6953    6.7267    7.0592    7.2404    8.0662    8.2267
    9.5578    9.8217    9.9524   10.1210   10.3129   10.5748   10.8433   11.0551   11.2516   11.5302
   12.0057   12.3443   12.7699   13.2002   13.3331   13.6865   14.0954   14.1634   14.6145   15.5652
   16.3325   16.7912   17.1992   17.6590   17.9480   18.2801   18.6455   18.9659   19.4591   20.0103
   21.2015   21.7154   22.1312   22.8649   23.6716   24.2326   25.1432   26.4323   26.9436   28.8066
   30.1210   30.8983   31.4348   31.8838   32.3922   33.0953   33.7441   34.8973   36.3262   37.1326
   39.0240   39.4983   40.9534   41.3343   42.0253   43.2625   45.4400   46.1745   47.5335   51.3436
   53.5746   54.9133   55.4520   56.5212   60.2722   63.3236   68.3958
 163  1  -17.6776  -17.5427  -17.5152  -16.6860  -15.6422  -11.5369  -11.4512  -11.0509  -10.2128   -8.9383
          -8.7784   -8.6668   -8.3838   -8.3090   -8.1687   -7.6727   -7.3892   -7.0561   -6.7970   -5.9362
   -5.3706   -3.9307   -2.7962   -2.3549   -1.9959   -1.8103   -1.5219   -1.3128   -0.9408    0.1046
    0.4180    1.4997    1.7062    1.9265    2.3528    2.7750    3.1024    3.8057    4.1875    4.3172
    4.6814    5.7671    6.3175    6.4888    6.7303    6.7538    7.1006    7.2730    8.0974    8.2625
    9.5473    9.8069    9.9363   10.1045   10.2856   10.5492   10.8241   11.0430   11.2321   11.5095
   12.0063   12.3267   12.7475   13.1817   13.3217   13.6763   14.1043   14.1676   14.6076   15.5628
   16.3222   16.7949   17.2083   17.6742   17.9547   18.2765   18.6728   18.9595   19.4749   20.0117
   21.2357   21.7376   22.0364   22.8692   23.6672   24.2281   25.1221   26.4443   26.9495   28.7769
   30.1040   30.8898   31.4128   31.9137   32.4104   33.0839   33.6964   34.8607   36.2878   37.1200
   39.0505   39.4844   40.9463   41.3469   41.9959   43.2493   45.3360   46.0950   47.4293   51.3267
   53.4595   54.8345   55.3976   56.4231   60.0607   63.3374   68.3038
 164  1  -17.6795  -17.5445  -17.5169  -16.6875  -15.6437  -11.5410  -11.4552  -11.0552  -10.2159   -8.9398
          -8.7674   -8.6488   -8.3633   -8.2978   -8.1654   -7.6743   -7.3833   -7.0468   -6.7985   -5.9186
   -5.3734   -3.9367   -2.8081   -2.3700   -2.0140   -1.8334   -1.5446   -1.3048   -0.9606    0.0999
    0.4206    1.5142    1.6963    1.9096    2.3533    2.7755    3.1037    3.8080    4.2068    4.3444
    4.6942    5.7837    6.3489    6.5233    6.7621    6.7845    7.1418    7.3063    8.1282    8.2979
    9.5355    9.7910    9.9206   10.0864   10.2594   10.5239   10.8056   11.0317   11.2121   11.4897
   12.0068   12.3095   12.7260   13.1638   13.3106   13.6664   14.1102   14.1745   14.6014   15.5601
   16.3110   16.7975   17.2178   17.6892   17.9609   18.2728   18.6993   18.9536   19.4906   20.0132
   21.2691   21.7561   21.9445   22.8736   23.6617   24.2253   25.1024   26.4565   26.9557   28.7466
   30.0817   30.8803   31.3952   31.9422   32.4314   33.0734   33.6510   34.8220   36.2492   37.1068
   39.0732   39.4709   40.9378   41.3542   41.9698   43.2362   45.2213   46.0068   47.3337   51.3064
   53.3443   54.7561   55.3445   56.3250   59.8568   63.3521   68.2096
 165  1  -17.6814  -17.5462  -17.5184  -16.6889  -15.6452  -11.5450  -11.4590  -11.0594  -10.2190   -8.9413
          -8.7573   -8.6309   -8.3438   -8.2853   -8.1618   -7.6759   -7.3775   -7.0373   -6.8000   -5.9012
   -5.3762   -3.9430   -2.8205   -2.3856   -2.0326   -1.8553   -1.5673   -1.2987   -0.9766    0.0941
    0.4249    1.5257    1.6891    1.8931    2.3540    2.7757    3.1055    3.8092    4.2263    4.3718
    4.7068    5.8003    6.3802    6.5575    6.7900    6.8195    7.1825    7.3402    8.1587    8.3330
    9.5226    9.7737    9.9056   10.0667   10.2342   10.4990   10.7879   11.0212   11.1918   11.4706
   12.0070   12.2927   12.7054   13.1467   13.2998   13.6566   14.1122   14.1848   14.5962   15.5572
   16.2989   16.7991   17.2279   17.7041   17.9666   18.2690   18.7248   18.9483   19.5062   20.0149
   21.3011   21.7572   21.8698   22.8779   23.6553   24.2239   25.0843   26.4690   26.9620   28.7160
   30.0541   30.8709   31.3821   31.9681   32.4550   33.0635   33.6089   34.7809   36.2107   37.0930
   39.0910   39.4584   40.9279   41.3555   41.9471   43.2232   45.0958   45.9106   47.2459   51.2822
   53.2296   54.6783   55.2929   56.2274   59.6610   63.3675   68.1134
 166  1  -17.6832  -17.5480  -17.5200  -16.6904  -15.6467  -11.5489  -11.4628  -11.0636  -10.2220   -8.9429
          -8.7482   -8.6131   -8.3256   -8.2713   -8.1579   -7.6776   -7.3719   -7.0275   -6.8015   -5.8841
   -5.3789   -3.9495   -2.8331   -2.4014   -2.0516   -1.8758   -1.5897   -1.2954   -0.9881    0.0872
    0.4309    1.5331    1.6858    1.8772    2.3547    2.7755    3.1080    3.8095    4.2460    4.3995
    4.7191    5.8169    6.4114    6.5914    6.8159    6.8569    7.2227    7.3749    8.1888    8.3676
    9.5086    9.7546    9.8911   10.0457   10.2101   10.4746   10.7708   11.0113   11.1711   11.4524
   12.0069   12.2766   12.6860   13.1303   13.2894   13.6470   14.1103   14.1982   14.5920   15.5541
   16.2858   16.7997   17.2385   17.7188   17.9717   18.2651   18.7490   18.9438   19.5214   20.0167
   21.3303   21.7054   21.8496   22.8820   23.6479   24.2238   25.0677   26.4815   26.9682   28.6851
   30.0213   30.8624   31.3733   31.9906   32.4810   33.0539   33.5707   34.7372   36.1726   37.0788
   39.1027   39.4480   40.9168   41.3506   41.9275   43.2103   44.9594   45.8073   47.1649   51.2539
   53.1161   54.6017   55.2427   56.1305   59.4734   63.3836   68.0152
 167  1  -17.6850  -17.5496  -17.5215  -16.6918  -15.6481  -11.5527  -11.4665  -11.0676  -10.2249   -8.9446
          -8.7401   -8.5956   -8.3088   -8.2557   -8.1536   -7.6793   -7.3664   -7.0174   -6.8031   -5.8673
   -5.3815   -3.9562   -2.8461   -2.4175   -2.0709   -1.8951   -1.6114   -1.2956   -0.9947    0.0794
    0.4383    1.5354    1.6876    1.8618    2.3554    2.7750    3.1112    3.8088    4.2658    4.4274
    4.7311    5.8335    6.4424    6.6250    6.8411    6.8954    7.2620    7.4103    8.2186    8.4016
    9.4935    9.7339    9.8767   10.0237   10.1870   10.4510   10.7545   11.0020   11.1501   11.4350
   12.0064   12.2609   12.6679   13.1149   13.2794   13.6374   14.1050   14.2140   14.5891   15.5507
   16.2716   16.7996   17.2496   17.7333   17.9763   18.2612   18.7713   18.9405   19.5365   20.0185
   21.3531   21.6247   21.8638   22.8859   23.6399   24.2246   25.0528   26.4942   26.9743   28.6538
   29.9839   30.8556   31.3680   32.0094   32.5090   33.0443   33.5373   34.6908   36.1351   37.0643
   39.1073   39.4405   40.9045   41.3396   41.9105   43.1974   44.8122   45.6982   47.0896   51.2209
   53.0047   54.5267   55.1937   56.0347   59.2942   63.4004   67.9153
 168  1  -17.6867  -17.5513  -17.5230  -16.6931  -15.6495  -11.5564  -11.4701  -11.0715  -10.2277   -8.9462
          -8.7329   -8.5782   -8.2934   -8.2388   -8.1488   -7.6811   -7.3613   -7.0071   -6.8046   -5.8508
   -5.3841   -3.9632   -2.8594   -2.4339   -2.0905   -1.9133   -1.6325   -1.2996   -0.9964    0.0710
    0.4470    1.5323    1.6944    1.8470    2.3559    2.7741    3.1150    3.8073    4.2859    4.4553
    4.7429    5.8500    6.4732    6.6585    6.8662    6.9345    7.3004    7.4466    8.2480    8.4349
    9.4775    9.7116    9.8620   10.0014   10.1649   10.4281   10.7390   10.9931   11.1289   11.4183
   12.0055   12.2460   12.6513   13.1003   13.2697   13.6277   14.0966   14.2315   14.5876   15.5471
   16.2564   16.7988   17.2611   17.7476   17.9804   18.2572   18.7909   18.9390   19.5513   20.0203
   21.3581   21.5534   21.8856   22.8895   23.6314   24.2261   25.0397   26.5070   26.9802   28.6223
   29.9426   30.8509   31.3659   32.0238   32.5383   33.0349   33.5096   34.6414   36.0984   37.0497
   39.1038   39.4365   40.8908   41.3228   41.8953   43.1846   44.6545   45.5846   47.0189   51.1824
   52.8964   54.4537   55.1460   55.9403   59.1234   63.4177   67.8138
 169  1  -17.6884  -17.5529  -17.5245  -16.6945  -15.6508  -11.5600  -11.4737  -11.0753  -10.2305   -8.9479
          -8.7265   -8.5612   -8.2793   -8.2208   -8.1436   -7.6829   -7.3563   -6.9965   -6.8062   -5.8347
   -5.3865   -3.9703   -2.8730   -2.4506   -2.1102   -1.9304   -1.6527   -1.3071   -0.9933    0.0621
    0.4566    1.5248    1.7055    1.8329    2.3564    2.7726    3.1196    3.8050    4.3062    4.4833
    4.7546    5.8666    6.5037    6.6917    6.8914    6.9740    7.3378    7.4836    8.2770    8.4674
    9.4606    9.6879    9.8460    9.9796   10.1435   10.4061   10.7242   10.9848   11.1077   11.4023
   12.0041   12.2317   12.6362   13.0866   13.2606   13.6179   14.0856   14.2504   14.5875   15.5433
   16.2400   16.7974   17.2730   17.7617   17.9838   18.2533   18.8068   18.9401   19.5658   20.0219
   21.3219   21.5207   21.9098   22.8928   23.6225   24.2281   25.0284   26.5199   26.9858   28.5904
   29.8982   30.8486   31.3662   32.0335   32.5679   33.0260   33.4880   34.5890   36.0628   37.0353
   39.0924   39.4357   40.8756   41.3009   41.8807   43.1717   44.4869   45.4681   46.9515   51.1379
   52.7921   54.3833   55.0995   55.8476   58.9609   63.4354   67.7108
 170  1  -17.6900  -17.5544  -17.5259  -16.6958  -15.6521  -11.5635  -11.4771  -11.0790  -10.2333   -8.9496
          -8.7209   -8.5446   -8.2661   -8.2021   -8.1378   -7.6847   -7.3516   -6.9858   -6.8077   -5.8189
   -5.3888   -3.9777   -2.8867   -2.4675   -2.1298   -1.9465   -1.6721   -1.3176   -0.9861    0.0528
    0.4672    1.5140    1.7193    1.8197    2.3568    2.7707    3.1249    3.8020    4.3267    4.5112
    4.7661    5.8833    6.5339    6.7247    6.9166    7.0136    7.3740    7.5213    8.3054    8.4991
    9.4428    9.6628    9.8278    9.9590   10.1230   10.3851   10.7101   10.9767   11.0865   11.3870
   12.0021   12.2183   12.6228   13.0739   13.2518   13.6078   14.0719   14.2704   14.5891   15.5393
   16.2225   16.7956   17.2853   17.7755   17.9867   18.2494   18.8178   18.9449   19.5800   20.0234
   21.2460   21.5269   21.9348   22.8958   23.6133   24.2302   25.0191   26.5328   26.9909   28.5581
   29.8518   30.8486   31.3687   32.0383   32.5967   33.0187   33.4729   34.5334   36.0284   37.0213
   39.0735   39.4375   40.8586   41.2745   41.8655   43.1588   44.3098   45.3501   46.8866   51.0864
   52.6933   54.3159   55.0541   55.7569   58.8067   63.4534   67.6067
 171  1  -17.6917  -17.5560  -17.5272  -16.6970  -15.6534  -11.5669  -11.4804  -11.0826  -10.2359   -8.9513
          -8.7159   -8.5284   -8.2537   -8.1829   -8.1314   -7.6866   -7.3471   -6.9748   -6.8093   -5.8035
   -5.3909   -3.9851   -2.9007   -2.4846   -2.1493   -1.9617   -1.6907   -1.3306   -0.9756    0.0433
    0.4784    1.5011    1.7344    1.8079    2.3570    2.7683    3.1309    3.7984    4.3474    4.5390
    4.7776    5.8999    6.5638    6.7576    6.9421    7.0534    7.4092    7.5597    8.3333    8.5298
    9.4241    9.6367    9.8068    9.9404   10.1033   10.3651   10.6967   10.9689   11.0656   11.3723
   11.9995   12.2058   12.6111   13.0621   13.2436   13.5976   14.0557   14.2913   14.5922   15.5351
   16.2039   16.7935   17.2978   17.7891   17.9890   18.2456   18.8230   18.9539   19.5939   20.0245
   21.1543   21.5489   21.9604   22.8986   23.6041   24.2322   25.0118   26.5459   26.9956   28.5252
   29.8044   30.8509   31.3729   32.0376   32.6231   33.0147   33.4642   34.4749   35.9954   37.0079
   39.0480   39.4406   40.8396   41.2441   41.8484   43.1458   44.1244   45.2320   46.8231   51.0270
   52.6011   54.2520   55.0097   55.6682   58.6604   63.4716   67.5017
 172  1  -17.6932  -17.5574  -17.5286  -16.6982  -15.6547  -11.5702  -11.4836  -11.0861  -10.2385   -8.9530
          -8.7116   -8.5126   -8.2420   -8.1637   -8.1243   -7.6885   -7.3428   -6.9638   -6.8108   -5.7885
   -5.3929   -3.9927   -2.9147   -2.5019   -2.1686   -1.9760   -1.7084   -1.3452   -0.9624    0.0338
    0.4902    1.4869    1.7483    1.7991    2.3570    2.7653    3.1376    3.7941    4.3684    4.5665
    4.7891    5.9166    6.5933    6.7902    6.9677    7.0932    7.4433    7.5985    8.3606    8.5594
    9.4046    9.6096    9.7827    9.9238   10.0846   10.3462   10.6839   10.9611   11.0452   11.3582
   11.9963   12.1943   12.6012   13.0514   13.2358   13.5870   14.0371   14.3129   14.5970   15.5308
   16.1841   16.7913   17.3106   17.8024   17.9908   18.2418   18.8226   18.9667   19.6075   20.0252
   21.0579   21.5762   21.9863   22.9010   23.5949   24.2338   25.0066   26.5590   26.9996   28.4914
   29.7572   30.8553   31.3785   32.0314   32.6456   33.0158   33.4614   34.4135   35.9640   36.9953
   39.0170   39.4439   40.8180   41.2103   41.8283   43.1324   43.9319   45.1152   46.7603   50.9590
   52.5168   54.1919   54.9664   55.5818   58.5218   63.4900   67.3960
 173  1  -17.6947  -17.5589  -17.5299  -16.6994  -15.6559  -11.5734  -11.4868  -11.0895  -10.2410   -8.9546
          -8.7079   -8.4974   -8.2309   -8.1444   -8.1164   -7.6904   -7.3388   -6.9526   -6.8123   -5.7740
   -5.3948   -4.0004   -2.9289   -2.5192   -2.1875   -1.9896   -1.7252   -1.3610   -0.9472    0.0242
    0.5025    1.4718    1.7554    1.7984    2.3568    2.7617    3.1450    3.7893    4.3895    4.5936
    4.8009    5.9333    6.6224    6.8227    6.9935    7.1329    7.4763    7.6375    8.3871    8.5880
    9.3842    9.5819    9.7557    9.9088   10.0671   10.3284   10.6716   10.9529   11.0257   11.3446
   11.9926   12.1839   12.5930   13.0416   13.2284   13.5760   14.0162   14.3352   14.6033   15.5263
   16.1631   16.7889   17.3235   17.8154   17.9919   18.2382   18.8174   18.9821   19.6207   20.0253
   20.9611   21.6055   22.0123   22.9033   23.5857   24.2349   25.0035   26.5721   27.0031   28.4566
   29.7111   30.8616   31.3852   32.0191   32.6628   33.0240   33.4640   34.3497   35.9344   36.9838
   38.9814   39.4463   40.7933   41.1734   41.8041   43.1182   43.7346   45.0013   46.6974   50.8816
   52.4416   54.1358   54.9241   55.4978   58.3906   63.5082   67.2899
 174  1  -17.6962  -17.5603  -17.5311  -16.7006  -15.6570  -11.5765  -11.4898  -11.0928  -10.2434   -8.9563
          -8.7047   -8.4828   -8.2204   -8.1253   -8.1079   -7.6923   -7.3350   -6.9414   -6.8139   -5.7600
   -5.3964   -4.0081   -2.9431   -2.5366   -2.2060   -2.0025   -1.7412   -1.3774   -0.9306    0.0147
    0.5151    1.4563    1.7520    1.8092    2.3565    2.7576    3.1531    3.7840    4.4108    4.6201
    4.8131    5.9501    6.6510    6.8551    7.0195    7.1726    7.5083    7.6766    8.4127    8.6153
    9.3629    9.5535    9.7265    9.8949   10.0510   10.3119   10.6597   10.9439   11.0080   11.3314
   11.9884   12.1745   12.5866   13.0327   13.2214   13.5647   13.9931   14.3581   14.6111   15.5216
   16.1410   16.7866   17.3366   17.8281   17.9924   18.2347   18.8082   18.9991   19.6336   20.0244
   20.8657   21.6354   22.0384   22.9052   23.5767   24.2353   25.0026   26.5853   27.0060   28.4206
   29.6671   30.8696   31.3929   32.0007   32.6745   33.0402   33.4711   34.2839   35.9065   36.9738
   38.9417   39.4468   40.7647   41.1334   41.7748   43.1012   43.5363   44.8914   46.6338   50.7946
   52.3764   54.0839   54.8827   55.4162   58.2666   63.5264   67.1838
 175  1  -17.6976  -17.5616  -17.5323  -16.7017  -15.6581  -11.5795  -11.4927  -11.0959  -10.2458   -8.9579
          -8.7020   -8.4688   -8.2105   -8.1065   -8.0985   -7.6943   -7.3314   -6.9301   -6.8154   -5.7466
   -5.3979   -4.0159   -2.9573   -2.5540   -2.2241   -2.0147   -1.7563   -1.3942   -0.9129    0.0053
    0.5279    1.4407    1.7431    1.8262    2.3560    2.7530    3.1618    3.7782    4.4323    4.6458
    4.8259    5.9668    6.6791    6.8872    7.0457    7.2121    7.5392    7.7156    8.4372    8.6414
    9.3407    9.5248    9.6956    9.8814   10.0366   10.2967   10.6481   10.9332   10.9929   11.3187
   11.9841   12.1662   12.5818   13.0249   13.2149   13.5530   13.9679   14.3813   14.6205   15.5167
   16.1178   16.7844   17.3498   17.8404   17.9922   18.2313   18.7954   19.0167   19.6461   20.0224
   20.7733   21.6655   22.0645   22.9069   23.5679   24.2347   25.0038   26.5985   27.0083   28.3829
   29.6261   30.8791   31.4013   31.9761   32.6811   33.0640   33.4815   34.2170   35.8804   36.9655
   38.8984   39.4449   40.7312   41.0903   41.7395   43.0747   43.3467   44.7865   46.5688   50.6980
   52.3217   54.0362   54.8422   55.3372   58.1493   63.5442   67.0779
 176  1  -17.6990  -17.5629  -17.5335  -16.7028  -15.6592  -11.5824  -11.4956  -11.0990  -10.2481   -8.9595
          -8.6996   -8.4554   -8.2010   -8.0897   -8.0869   -7.6963   -7.3281   -6.9188   -6.8168   -5.7337
   -5.3992   -4.0237   -2.9714   -2.5714   -2.2416   -2.0263   -1.7705   -1.4109   -0.8944   -0.0039
    0.5409    1.4250    1.7326    1.8454    2.3553    2.7478    3.1711    3.7720    4.4540    4.6703
    4.8398    5.9836    6.7067    6.9192    7.0719    7.2514    7.5692    7.7542    8.4605    8.6664
    9.3175    9.4957    9.6637    9.8676   10.0241   10.2829   10.6366   10.9200   10.9813   11.3064
   11.9796   12.1589   12.5785   13.0179   13.2086   13.5409   13.9407   14.4048   14.6313   15.5116
   16.0936   16.7824   17.3631   17.8523   17.9915   18.2280   18.7793   19.0345   19.6582   20.0189
   20.6850   21.6954   22.0906   22.9084   23.5593   24.2331   25.0073   26.6117   27.0100   28.3435
   29.5888   30.8899   31.4101   31.9454   32.6840   33.0942   33.4942   34.1502   35.8562   36.9594
   38.8517   39.4397   40.6918   41.0436   41.6978   43.0081   43.1998   44.6877   46.5017   50.5924
   52.2777   53.9926   54.8027   55.2605   58.0385   63.5615   66.9726
 177  1  -17.7003  -17.5642  -17.5346  -16.7039  -15.6603  -11.5852  -11.4983  -11.1019  -10.2503   -8.9610
          -8.6976   -8.4428   -8.1920   -8.0787   -8.0692   -7.6983   -7.3249   -6.9076   -6.8183   -5.7213
   -5.4002   -4.0314   -2.9855   -2.5886   -2.2586   -2.0373   -1.7840   -1.4275   -0.8755   -0.0128
    0.5539    1.4094    1.7217    1.8654    2.3545    2.7422    3.1809    3.7654    4.4757    4.6934
    4.8549    6.0004    6.7338    6.9510    7.0983    7.2905    7.5981    7.7923    8.4823    8.6901
    9.2932    9.4665    9.6313    9.8531   10.0136   10.2706   10.6250   10.9043   10.9735   11.2944
   11.9754   12.1527   12.5767   13.0117   13.2027   13.5283   13.9118   14.4285   14.6435   15.5063
   16.0684   16.7806   17.3764   17.8638   17.9901   18.2250   18.7599   19.0519   19.6700   20.0133
   20.6023   21.7250   22.1166   22.9096   23.5509   24.2303   25.0129   26.6249   27.0112   28.3022
   29.5557   30.9021   31.4193   31.9091   32.6846   33.1290   33.5074   34.0854   35.8339   36.9557
   38.8018   39.4308   40.6451   40.9923   41.6492   42.8636   43.1375   44.5956   46.4320   50.4788
   52.2442   53.9531   54.7641   55.1863   57.9338   63.5783   66.8684
 178  1  -17.7016  -17.5654  -17.5357  -16.7049  -15.6613  -11.5879  -11.5009  -11.1047  -10.2524   -8.9625
          -8.6960   -8.4309   -8.1833   -8.0678   -8.0514   -7.7004   -7.3220   -6.8965   -6.8197   -5.7096
   -5.4010   -4.0392   -2.9993   -2.6057   -2.2751   -2.0477   -1.7967   -1.4438   -0.8563   -0.0215
    0.5670    1.3941    1.7107    1.8859    2.3535    2.7361    3.1913    3.7583    4.4975    4.7146
    4.8717    6.0172    6.7603    6.9826    7.1246    7.3292    7.6259    7.8296    8.5024    8.7127
    9.2679    9.4373    9.5987    9.8377   10.0053   10.2597   10.6133   10.8866   10.9691   11.2828
   11.9716   12.1474   12.5762   13.0064   13.1971   13.5154   13.8812   14.4522   14.6570   15.5008
   16.0423   16.7790   17.3897   17.8748   17.9880   18.2221   18.7371   19.0689   19.6814   20.0050
   20.5265   21.7541   22.1424   22.9107   23.5427   24.2263   25.0207   26.6379   27.0120   28.2589
   29.5274   30.9153   31.4285   31.8677   32.6840   33.1663   33.5193   34.0253   35.8135   36.9549
   38.7485   39.4178   40.5895   40.9350   41.5943   42.6913   43.1148   44.5107   46.3589   50.3585
   52.2206   53.9173   54.7266   55.1144   57.8349   63.5943   66.7655
 179  1  -17.7028  -17.5666  -17.5367  -16.7058  -15.6622  -11.5904  -11.5034  -11.1074  -10.2544   -8.9640
          -8.6946   -8.4198   -8.1748   -8.0566   -8.0340   -7.7025   -7.3193   -6.8855   -6.8210   -5.6985
   -5.4015   -4.0469   -3.0130   -2.6224   -2.2909   -2.0576   -1.8086   -1.4597   -0.8369   -0.0299
    0.5800    1.3791    1.6998    1.9065    2.3524    2.7295    3.2021    3.7509    4.5194    4.7338
    4.8905    6.0340    6.7863    7.0139    7.1509    7.3676    7.6525    7.8660    8.5206    8.7343
    9.2417    9.4082    9.5664    9.8212    9.9991   10.2504   10.6012   10.8679   10.9674   11.2714
   11.9685   12.1429   12.5769   13.0018   13.1916   13.5021   13.8492   14.4759   14.6718   15.4949
   16.0155   16.7778   17.4030   17.8853   17.9854   18.2194   18.7107   19.0851   19.6923   19.9933
   20.4590   21.7827   22.1681   22.9115   23.5346   24.2209   25.0307   26.6508   27.0124   28.2137
   29.5039   30.9296   31.4374   31.8221   32.6825   33.2039   33.5274   33.9736   35.7949   36.9573
   38.6915   39.4001   40.5231   40.8700   41.5346   42.5249   43.1026   44.4330   46.2817   50.2331
   52.2064   53.8851   54.6901   55.0448   57.7417   63.6095   66.6644
 180  1  -17.7040  -17.5677  -17.5377  -16.7068  -15.6631  -11.5929  -11.5058  -11.1100  -10.2564   -8.9654
          -8.6934   -8.4094   -8.1666   -8.0452   -8.0171   -7.7046   -7.3168   -6.8747   -6.8223   -5.6881
   -5.4017   -4.0544   -3.0265   -2.6389   -2.3062   -2.0669   -1.8197   -1.4751   -0.8176   -0.0379
    0.5928    1.3645    1.6892    1.9271    2.3511    2.7224    3.2133    3.7432    4.5411    4.7508
    4.9113    6.0509    6.8117    7.0449    7.1771    7.4056    7.6779    7.9013    8.5366    8.7549
    9.2146    9.3793    9.5345    9.8037    9.9952   10.2425   10.5889   10.8485   10.9680   11.2602
   11.9663   12.1391   12.5787   12.9978   13.1862   13.4885   13.8160   14.4993   14.6880   15.4887
   15.9880   16.7770   17.4162   17.8951   17.9822   18.2169   18.6805   19.1004   19.7028   19.9778
   20.4010   21.8106   22.1936   22.9122   23.5266   24.2143   25.0429   26.6636   27.0124   28.1668
   29.4855   30.9449   31.4454   31.7734   32.6803   33.2389   33.5295   33.9349   35.7782   36.9634
   38.6304   39.3774   40.4429   40.7962   41.4731   42.3750   43.0945   44.3625   46.1999   50.1043
   52.2007   53.8560   54.6548   54.9773   57.6537   63.6236   66.5655
 181  1  -17.7051  -17.5688  -17.5386  -16.7076  -15.6640  -11.5953  -11.5081  -11.1125  -10.2582   -8.9668
          -8.6925   -8.3998   -8.1586   -8.0338   -8.0006   -7.7068   -7.3144   -6.8642   -6.8235   -5.6784
   -5.4017   -4.0619   -3.0396   -2.6550   -2.3209   -2.0757   -1.8302   -1.4898   -0.7984   -0.0456
    0.6055    1.3504    1.6788    1.9477    2.3497    2.7150    3.2248    3.7352    4.5627    4.7656
    4.9341    6.0677    6.8365    7.0756    7.2031    7.4431    7.7018    7.9353    8.5502    8.7746
    9.1870    9.3508    9.5034    9.7851    9.9936   10.2358   10.5762   10.8288   10.9707   11.2494
   11.9651   12.1361   12.5814   12.9943   13.1809   13.4746   13.7818   14.5224   14.7053   15.4820
   15.9601   16.7764   17.4293   17.9042   17.9786   18.2144   18.6467   19.1148   19.7128   19.9583
   20.3532   21.8379   22.2189   22.9126   23.5186   24.2063   25.0571   26.6760   27.0120   28.1187
   29.4719   30.9610   31.4517   31.7231   32.6769   33.2667   33.5264   33.9132   35.7634   36.9736
   38.5645   39.3491   40.3455   40.7147   41.4141   42.2456   43.0886   44.2989   46.1127   49.9741
   52.2027   53.8297   54.6207   54.9120   57.5708   63.6366   66.4692
 182  1  -17.7062  -17.5698  -17.5395  -16.7085  -15.6648  -11.5975  -11.5103  -11.1148  -10.2600   -8.9681
          -8.6917   -8.3910   -8.1507   -8.0223   -7.9847   -7.7090   -7.3123   -6.8540   -6.8244   -5.6694
   -5.4014   -4.0692   -3.0524   -2.6707   -2.3349   -2.0841   -1.8399   -1.5040   -0.7795   -0.0530
    0.6179    1.3367    1.6687    1.9682    2.3482    2.7073    3.2366    3.7268    4.5841    4.7786
    4.9586    6.0845    6.8608    7.1058    7.2289    7.4800    7.7240    7.9679    8.5615    8.7933
    9.1590    9.3227    9.4732    9.7655    9.9944   10.2301   10.5634   10.8091   10.9753   11.2387
   11.9652   12.1336   12.5848   12.9911   13.1756   13.4606   13.7469   14.5450   14.7237   15.4748
   15.9320   16.7762   17.4423   17.9122   17.9747   18.2121   18.6093   19.1282   19.7223   19.9352
   20.3155   21.8645   22.2438   22.9128   23.5106   24.1971   25.0735   26.6882   27.0113   28.0697
   29.4629   30.9779   31.4545   31.6737   32.6715   33.2802   33.5246   33.9095   35.7502   36.9882
   38.4928   39.3149   40.2277   40.6294   41.3616   42.1370   43.0840   44.2416   46.0196   49.8440
   52.2117   53.8057   54.5879   54.8487   57.4927   63.6483   66.3759
 183  1  -17.7072  -17.5707  -17.5404  -16.7093  -15.6656  -11.5996  -11.5124  -11.1171  -10.2617   -8.9694
          -8.6911   -8.3829   -8.1429   -8.0110   -7.9693   -7.7113   -7.3103   -6.8446   -6.8249   -5.6610
   -5.4008   -4.0763   -3.0648   -2.6859   -2.3483   -2.0919   -1.8490   -1.5175   -0.7609   -0.0600
    0.6300    1.3235    1.6589    1.9885    2.3466    2.6992    3.2487    3.7182    4.6051    4.7900
    4.9846    6.1013    6.8846    7.1354    7.2543    7.5162    7.7445    7.9988    8.5705    8.8109
    9.1312    9.2953    9.4441    9.7450    9.9973   10.2252   10.5504   10.7895   10.9818   11.2283
   11.9666   12.1316   12.5889   12.9880   13.1701   13.4466   13.7116   14.5672   14.7432   15.4670
   15.9039   16.7764   17.4552   17.9189   17.9708   18.2096   18.5685   19.1406   19.7311   19.9098
   20.2871   21.8903   22.2684   22.9127   23.5024   24.1868   25.0918   26.6999   27.0101   28.0205
   29.4582   30.9953   31.4504   31.6293   32.6629   33.2731   33.5335   33.9214   35.7388   37.0076
   38.4143   39.2743   40.0890   40.5457   41.3179   42.0472   43.0802   44.1899   45.9204   49.7159
   52.2270   53.7837   54.5565   54.7874   57.4194   63.6587   66.2860
 184  1  -17.7081  -17.5717  -17.5412  -16.7101  -15.6663  -11.6016  -11.5144  -11.1192  -10.2633   -8.9706
          -8.6907   -8.3755   -8.1352   -7.9998   -7.9544   -7.7135   -7.3084   -6.8369   -6.8240   -5.6534
   -5.4000   -4.0832   -3.0768   -2.7005   -2.3610   -2.0993   -1.8574   -1.5303   -0.7428   -0.0666
    0.6418    1.3110    1.6494    2.0085    2.3448    2.6908    3.2611    3.7093    4.6257    4.8000
    5.0117    6.1180    6.9080    7.1644    7.2792    7.5515    7.7630    8.0280    8.5773    8.8270
    9.1038    9.2690    9.4161    9.7236   10.0025   10.2206   10.5375   10.7700   10.9902   11.2182
   11.9694   12.1302   12.5936   12.9846   13.1646   13.4327   13.6761   14.5889   14.7635   15.4584
   15.8760   16.7768   17.4679   17.9237   17.9675   18.2070   18.5251   19.1520   19.7390   19.8839
   20.2663   21.9153   22.2927   22.9123   23.4939   24.1754   25.1120   26.7113   27.0083   27.9718
   29.4572   31.0130   31.4339   31.5961   32.6496   33.2476   33.5559   33.9452   35.7290   37.0320
   38.3275   39.2265   39.9336   40.4674   41.2836   41.9732   43.0767   44.1429   45.8148   49.5914
   52.2478   53.7632   54.5264   54.7282   57.3505   63.6676   66.1999
 185  1  -17.7090  -17.5725  -17.5419  -16.7108  -15.6670  -11.6035  -11.5162  -11.1212  -10.2648   -8.9717
          -8.6903   -8.3688   -8.1277   -7.9890   -7.9402   -7.7158   -7.3067   -6.8332   -6.8193   -5.6464
   -5.3989   -4.0899   -3.0883   -2.7146   -2.3731   -2.1062   -1.8653   -1.5425   -0.7252   -0.0729
    0.6531    1.2990    1.6403    2.0283    2.3429    2.6822    3.2736    3.7002    4.6455    4.8092
    5.0396    6.1346    6.9309    7.1926    7.3037    7.5855    7.7795    8.0553    8.5823    8.8410
    9.0774    9.2444    9.3895    9.7016   10.0098   10.2159   10.5250   10.7507   11.0002   11.2083
   11.9735   12.1292   12.5986   12.9807   13.1589   13.4191   13.6407   14.6101   14.7845   15.4488
   15.8486   16.7776   17.4804   17.9257   17.9655   18.2039   18.4798   19.1623   19.7457   19.8593
   20.2515   21.9395   22.3165   22.9117   23.4851   24.1631   25.1341   26.7221   27.0056   27.9245
   29.4596   31.0303   31.4021   31.5782   32.6299   33.2125   33.5874   33.9779   35.7207   37.0616
   38.2310   39.1703   39.7700   40.3963   41.2580   41.9121   43.0732   44.0995   45.7031   49.4719
   52.2736   53.7439   54.4976   54.6713   57.2860   63.6749   66.1179
 186  1  -17.7099  -17.5734  -17.5426  -16.7115  -15.6677  -11.6053  -11.5180  -11.1230  -10.2662   -8.9728
          -8.6900   -8.3628   -8.1204   -7.9784   -7.9266   -7.7182   -7.3052   -6.8327   -6.8117   -5.6402
   -5.3976   -4.0963   -3.0993   -2.7280   -2.3845   -2.1126   -1.8725   -1.5539   -0.7082   -0.0788
    0.6641    1.2876    1.6315    2.0478    2.3409    2.6733    3.2862    3.6908    4.6646    4.8176
    5.0679    6.1511    6.9534    7.2200    7.3275    7.6178    7.7940    8.0807    8.5859    8.8521
    9.0521    9.2222    9.3642    9.6790   10.0189   10.2109   10.5132   10.7317   11.0119   11.1988
   11.9788   12.1285   12.6041   12.9758   13.1533   13.4060   13.6058   14.6308   14.8059   15.4382
   15.8221   16.7787   17.4927   17.9242   17.9654   18.1999   18.4340   19.1717   19.7506   19.8379
   20.2412   21.9627   22.3398   22.9107   23.4759   24.1502   25.1577   26.7323   27.0018   27.8792
   29.4648   31.0462   31.3597   31.5726   32.6021   33.1763   33.6231   34.0178   35.7139   37.0965
   38.1232   39.1035   39.6089   40.3325   41.2401   41.8613   43.0691   44.0585   45.5860   49.3586
   52.3038   53.7253   54.4699   54.6170   57.2258   63.6807   66.0404
 187  1  -17.7107  -17.5741  -17.5433  -16.7121  -15.6683  -11.6070  -11.5196  -11.1248  -10.2675   -8.9738
          -8.6899   -8.3574   -8.1132   -7.9683   -7.9136   -7.7206   -7.3038   -6.8332   -6.8036   -5.6346
   -5.3961   -4.1025   -3.1098   -2.7407   -2.3952   -2.1185   -1.8792   -1.5645   -0.6919   -0.0843
    0.6745    1.2769    1.6232    2.0670    2.3388    2.6644    3.2989    3.6812    4.6828    4.8255
    5.0963    6.1675    6.9756    7.2462    7.3506    7.6476    7.8071    8.1042    8.5885    8.8594
    9.0283    9.2034    9.3404    9.6561   10.0297   10.2051   10.5024   10.7131   11.0250   11.1896
   11.9853   12.1284   12.6098   12.9694   13.1478   13.3937   13.5717   14.6511   14.8275   15.4262
   15.7968   16.7800   17.5048   17.9195   17.9667   18.1943   18.3893   19.1801   19.7524   19.8215
   20.2341   21.9851   22.3626   22.9093   23.4662   24.1368   25.1828   26.7420   26.9966   27.8368
   29.4722   31.0581   31.3154   31.5737   32.5652   33.1443   33.6594   34.0636   35.7083   37.1362
   38.0030   39.0230   39.4617   40.2761   41.2288   41.8190   43.0640   44.0185   45.4646   49.2525
   52.3379   53.7070   54.4425   54.5661   57.1697   63.6849   65.9677
 188  1  -17.7114  -17.5749  -17.5439  -16.7127  -15.6688  -11.6086  -11.5212  -11.1264  -10.2687   -8.9748
          -8.6898   -8.3526   -8.1063   -7.9586   -7.9012   -7.7230   -7.3025   -6.8339   -6.7955   -5.6296
   -5.3944   -4.1083   -3.1196   -2.7528   -2.4053   -2.1241   -1.8853   -1.5745   -0.6763   -0.0894
    0.6844    1.2668    1.6153    2.0857    2.3366    2.6554    3.3117    3.6715    4.6997    4.8332
    5.1247    6.1836    6.9975    7.2712    7.3728    7.6734    7.8196    8.1257    8.5906    8.8623
    9.0058    9.1892    9.3181    9.6330   10.0418   10.1984   10.4927   10.6948   11.0395   11.1809
   11.9926   12.1286   12.6157   12.9609   13.1430   13.3823   13.5387   14.6710   14.8491   15.4127
   15.7731   16.7815   17.5167   17.9123   17.9684   18.1858   18.3481   19.1875   19.7498   19.8119
   20.2294   22.0064   22.3849   22.9075   23.4559   24.1233   25.2091   26.7509   26.9897   27.7981
   29.4814   31.0612   31.2779   31.5778   32.5189   33.1193   33.6944   34.1149   35.7040   37.1803
   37.8697   38.9262   39.3378   40.2265   41.2233   41.7836   43.0574   43.9780   45.3408   49.1544
   52.3752   53.6886   54.4145   54.5198   57.1177   63.6876   65.8999
 189  1  -17.7121  -17.5755  -17.5445  -16.7133  -15.6694  -11.6100  -11.5226  -11.1279  -10.2699   -8.9757
          -8.6897   -8.3483   -8.0996   -7.9495   -7.8895   -7.7255   -7.3013   -6.8347   -6.7879   -5.6252
   -5.3926   -4.1138   -3.1289   -2.7640   -2.4146   -2.1291   -1.8909   -1.5837   -0.6616   -0.0941
    0.6937    1.2574    1.6079    2.1041    2.3341    2.6463    3.3245    3.6616    4.7154    4.8407
    5.1526    6.1993    7.0192    7.2948    7.3941    7.6934    7.8333    8.1455    8.5922    8.8605
    8.9842    9.1802    9.2976    9.6100   10.0550   10.1904   10.4845   10.6770   11.0551   11.1726
   12.0005   12.1293   12.6217   12.9501   13.1389   13.3720   13.5071   14.6907   14.8703   15.3977
   15.7511   16.7832   17.5283   17.9032   17.9695   18.1729   18.3134   19.1942   19.7432   19.8088
   20.2263   22.0268   22.4065   22.9051   23.4452   24.1099   25.2364   26.7591   26.9807   27.7638
   29.4919   31.0488   31.2565   31.5833   32.4644   33.1018   33.7267   34.1716   35.7008   37.2276
   37.7242   38.8156   39.2403   40.1834   41.2231   41.7542   43.0484   43.9354   45.2172   49.0646
   52.4152   53.6700   54.3841   54.4800   57.0697   63.6888   65.8373
 190  1  -17.7127  -17.5761  -17.5450  -16.7138  -15.6698  -11.6113  -11.5239  -11.1293  -10.2709   -8.9765
          -8.6897   -8.3445   -8.0933   -7.9409   -7.8784   -7.7280   -7.3003   -6.8355   -6.7806   -5.6213
   -5.3907   -4.1189   -3.1376   -2.7745   -2.4233   -2.1338   -1.8959   -1.5921   -0.6477   -0.0985
    0.7024    1.2487    1.6010    2.1220    2.3315    2.6373    3.3372    3.6516    4.7295    4.8482
    5.1798    6.2147    7.0408    7.3167    7.4142    7.7056    7.8502    8.1635    8.5937    8.8547
    8.9630    9.1761    9.2794    9.5871   10.0690   10.1813   10.4778   10.6598   11.0716   11.1649
   12.0086   12.1306   12.6279   12.9365   13.1361   13.3629   13.4770   14.7101   14.8910   15.3811
   15.7312   16.7850   17.5396   17.8924   17.9691   18.1547   18.2875   19.2001   19.7345   19.8098
   20.2245   22.0460   22.4274   22.9023   23.4340   24.0968   25.2643   26.7665   26.9697   27.7344
   29.5032   31.0184   31.2550   31.5892   32.4033   33.0910   33.7555   34.2334   35.6987   37.2754
   37.5696   38.6990   39.1653   40.1464   41.2278   41.7299   43.0360   43.8891   45.0968   48.9835
   52.4575   53.6506   54.3502   54.4481   57.0256   63.6887   65.7800
 191  1  -17.7133  -17.5767  -17.5455  -16.7143  -15.6703  -11.6125  -11.5251  -11.1306  -10.2719   -8.9772
          -8.6897   -8.3411   -8.0874   -7.9329   -7.8681   -7.7306   -7.2994   -6.8363   -6.7739   -5.6180
   -5.3888   -4.1237   -3.1455   -2.7842   -2.4312   -2.1380   -1.9005   -1.5999   -0.6348   -0.1024
    0.7105    1.2407    1.5946    2.1394    2.3287    2.6285    3.3498    3.6415    4.7421    4.8558
    5.2061    6.2296    7.0623    7.3367    7.4331    7.7092    7.8711    8.1798    8.5947    8.8460
    8.9420    9.1756    9.2645    9.5646   10.0832   10.1711   10.4726   10.6432   11.0885   11.1580
   12.0166   12.1326   12.6340   12.9204   13.1347   13.3548   13.4487   14.7293   14.9108   15.3630
   15.7136   16.7869   17.5506   17.8800   17.9666   18.1326   18.2707   19.2052   19.7259   19.8129
   20.2236   22.0640   22.4475   22.8989   23.4224   24.0843   25.2924   26.7729   26.9567   27.7100
   29.5149   30.9760   31.2687   31.5950   32.3376   33.0858   33.7804   34.3001   35.6976   37.3067
   37.4235   38.5850   39.1068   40.1150   41.2372   41.7104   43.0190   43.8379   44.9832   48.9110
   52.5015   53.6305   54.3134   54.4236   56.9854   63.6874   65.7281
 192  1  -17.7138  -17.5772  -17.5460  -16.7147  -15.6707  -11.6136  -11.5261  -11.1317  -10.2728   -8.9779
          -8.6897   -8.3382   -8.0818   -7.9255   -7.8584   -7.7332   -7.2986   -6.8371   -6.7676   -5.6152
   -5.3869   -4.1281   -3.1528   -2.7930   -2.4384   -2.1418   -1.9046   -1.6068   -0.6229   -0.1060
    0.7180    1.2334    1.5887    2.1562    2.3256    2.6200    3.3622    3.6313    4.7531    4.8633
    5.2312    6.2438    7.0838    7.3545    7.4506    7.7053    7.8956    8.1945    8.5951    8.8361
    8.9213    9.1758    9.2547    9.5426   10.0974   10.1603   10.4686   10.6274   11.1051   11.1523
   12.0239   12.1353   12.6401   12.9021   13.1346   13.3475   13.4226   14.7482   14.9296   15.3435
   15.6982   16.7889   17.5613   17.8656   17.9612   18.1107   18.2605   19.2097   19.7181   19.8168
   20.2232   22.0808   22.4667   22.8949   23.4107   24.0726   25.3203   26.7782   26.9421   27.6907
   29.5267   30.9285   31.2918   31.6005   32.2692   33.0847   33.8014   34.3712   35.6976   37.2050
   37.4038   38.4798   39.0602   40.0886   41.2511   41.6954   42.9958   43.7816   44.8799   48.8470
   52.5465   53.6093   54.2756   54.4051   56.9491   63.6851   65.6815
 193  1  -17.7143  -17.5777  -17.5464  -16.7151  -15.6710  -11.6146  -11.5271  -11.1328  -10.2735   -8.9785
          -8.6898   -8.3357   -8.0768   -7.9188   -7.8495   -7.7358   -7.2978   -6.8377   -6.7620   -5.6128
   -5.3851   -4.1321   -3.1594   -2.8010   -2.4449   -2.1452   -1.9083   -1.6131   -0.6121   -0.1092
    0.7247    1.2269    1.5833    2.1724    2.3221    2.6118    3.3743    3.6213    4.7624    4.8707
    5.2547    6.2572    7.1052    7.3699    7.4664    7.6957    7.9223    8.2074    8.5943    8.8262
    8.9014    9.1734    9.2520    9.5212   10.1105   10.1498   10.4659   10.6125   11.1198   11.1492
   12.0303   12.1389   12.6461   12.8824   13.1360   13.3406   13.3990   14.7668   14.9470   15.3230
   15.6851   16.7908   17.5715   17.8492   17.9528   18.0924   18.2544   19.2136   19.7115   19.8208
   20.2233   22.0962   22.4850   22.8904   23.3990   24.0620   25.3476   26.7821   26.9267   27.6762
   29.5381   30.8801   31.3205   31.6054   32.1995   33.0865   33.8186   34.4461   35.6991   37.0369
   37.4446   38.3874   39.0225   40.0668   41.2691   41.6848   42.9642   43.7212   44.7895   48.7912
   52.5920   53.5871   54.2388   54.3907   56.9166   63.6821   65.6403
 194  1  -17.7147  -17.5781  -17.5467  -16.7154  -15.6713  -11.6155  -11.5279  -11.1337  -10.2742   -8.9791
          -8.6898   -8.3336   -8.0722   -7.9128   -7.8413   -7.7384   -7.2972   -6.8383   -6.7570   -5.6107
   -5.3834   -4.1356   -3.1652   -2.8081   -2.4507   -2.1482   -1.9114   -1.6186   -0.6025   -0.1120
    0.7307    1.2211    1.5785    2.1880    2.3183    2.6040    3.3861    3.6114    4.7702    4.8779
    5.2763    6.2697    7.1266    7.3825    7.4803    7.6826    7.9499    8.2186    8.5920    8.8175
    8.8826    9.1671    9.2569    9.5006   10.1195   10.1428   10.4640   10.5987   11.1274   11.1533
   12.0355   12.1433   12.6519   12.8620   13.1385   13.3331   13.3789   14.7849   14.9630   15.3019
   15.6741   16.7927   17.5814   17.8309   17.9424   18.0792   18.2508   19.2169   19.7061   19.8247
   20.2236   22.1102   22.5021   22.8855   23.3877   24.0524   25.3737   26.7843   26.9114   27.6660
   29.5489   30.8336   31.3534   31.6098   32.1299   33.0902   33.8323   34.5239   35.7023   36.8644
   37.4847   38.3105   38.9923   40.0491   41.2906   41.6790   42.9223   43.6597   44.7138   48.7432
   52.6370   53.5640   54.2043   54.3795   56.8879   63.6786   65.6043
 195  1  -17.7151  -17.5784  -17.5470  -16.7157  -15.6716  -11.6162  -11.5287  -11.1345  -10.2748   -8.9795
          -8.6899   -8.3317   -8.0681   -7.9076   -7.8339   -7.7409   -7.2967   -6.8389   -6.7526   -5.6091
   -5.3818   -4.1387   -3.1703   -2.8142   -2.4557   -2.1507   -1.9142   -1.6233   -0.5940   -0.1145
    0.7359    1.2160    1.5744    2.2028    2.3141    2.5969    3.3973    3.6018    4.7766    4.8847
    5.2958    6.2810    7.1479    7.3918    7.4920    7.6680    7.9774    8.2277    8.5878    8.8108
    8.8656    9.1581    9.2674    9.4807   10.1171   10.1467   10.4628   10.5861   11.1271   11.1653
   12.0392   12.1482   12.6573   12.8418   13.1419   13.3238   13.3635   14.8023   14.9772   15.2810
   15.6650   16.7945   17.5907   17.8112   17.9314   18.0706   18.2486   19.2197   19.7018   19.8283
   20.2241   22.1226   22.5179   22.8802   23.3770   24.0440   25.3980   26.7845   26.8974   27.6592
   29.5589   30.7905   31.3893   31.6136   32.0612   33.0950   33.8430   34.6032   35.7081   36.6946
   37.5171   38.2507   38.9683   40.0350   41.3148   41.6785   42.8687   43.6013   44.6526   48.7026
   52.6808   53.5403   54.1731   54.3706   56.8631   63.6749   65.5735
 196  1  -17.7154  -17.5787  -17.5472  -16.7159  -15.6718  -11.6169  -11.5293  -11.1351  -10.2753   -8.9799
          -8.6900   -8.3302   -8.0647   -7.9031   -7.8274   -7.7433   -7.2962   -6.8393   -6.7488   -5.6077
   -5.3804   -4.1413   -3.1747   -2.8195   -2.4599   -2.1529   -1.9165   -1.6274   -0.5867   -0.1166
    0.7404    1.2117    1.5708    2.2169    2.3093    2.5906    3.4078    3.5927    4.7818    4.8908
    5.3129    6.2911    7.1688    7.3976    7.5014    7.6536    8.0039    8.2347    8.5820    8.8063
    8.8505    9.1483    9.2810    9.4617   10.1085   10.1563   10.4619   10.5751   11.1243   11.1790
   12.0418   12.1534   12.6623   12.8230   13.1460   13.3118   13.3536   14.8187   14.9896   15.2608
   15.6578   16.7962   17.5996   17.7913   17.9212   18.0654   18.2473   19.2220   19.6985   19.8315
   20.2246   22.1334   22.5321   22.8748   23.3673   24.0369   25.4200   26.7824   26.8858   27.6552
   29.5677   30.7522   31.4279   31.6168   31.9943   33.1001   33.8510   34.6822   35.7174   36.5312
   37.5393   38.2085   38.9497   40.0242   41.3400   41.6838   42.8040   43.5503   44.6050   48.6691
   52.7222   53.5166   54.1459   54.3637   56.8421   63.6712   65.5478
 197  1  -17.7156  -17.5790  -17.5475  -16.7161  -15.6720  -11.6174  -11.5298  -11.1357  -10.2757   -8.9803
          -8.6900   -8.3290   -8.0618   -7.8994   -7.8218   -7.7456   -7.2959   -6.8397   -6.7457   -5.6066
   -5.3792   -4.1435   -3.1783   -2.8238   -2.4634   -2.1547   -1.9183   -1.6306   -0.5807   -0.1183
    0.7441    1.2082    1.5679    2.2301    2.3039    2.5852    3.4173    3.5843    4.7857    4.8961
    5.3273    6.2996    7.1889    7.3996    7.5084    7.6411    8.0283    8.2395    8.5752    8.8039
    8.8378    9.1391    9.2960    9.4435   10.0996   10.1660   10.4613   10.5658   11.1214   11.1918
   12.0432   12.1585   12.6667   12.8062   13.1506   13.2986   13.3479   14.8337   15.0000   15.2423
   15.6521   16.7976   17.6077   17.7723   17.9124   18.0623   18.2465   19.2238   19.6959   19.8342
   20.2251   22.1424   22.5445   22.8696   23.3588   24.0312   25.4390   26.7784   26.8771   27.6532
   29.5752   30.7194   31.4687   31.6194   31.9299   33.1050   33.8569   34.7581   35.7321   36.3771
   37.5512   38.1824   38.9359   40.0160   41.3642   41.6953   42.7317   43.5090   44.5692   48.6422
   52.7598   53.4939   54.1231   54.3584   56.8248   63.6678   65.5269
 198  1  -17.7158  -17.5792  -17.5476  -16.7163  -15.6721  -11.6178  -11.5302  -11.1361  -10.2761   -8.9805
          -8.6900   -8.3281   -8.0595   -7.8965   -7.8172   -7.7475   -7.2956   -6.8400   -6.7433   -5.6058
   -5.3783   -4.1452   -3.1810   -2.8271   -2.4661   -2.1560   -1.9198   -1.6332   -0.5760   -0.1196
    0.7470    1.2055    1.5656    2.2425    2.2978    2.5808    3.4255    3.5770    4.7887    4.9004
    5.3387    6.3064    7.2074    7.3981    7.5132    7.6315    8.0497    8.2421    8.5684    8.8032
    8.8275    9.1312    9.3115    9.4264   10.0919   10.1743   10.4608   10.5584   11.1190   11.2025
   12.0440   12.1629   12.6703   12.7922   13.1551   13.2863   13.3446   14.8465   15.0083   15.2262
   15.6479   16.7987   17.6149   17.7556   17.9056   18.0606   18.2460   19.2253   19.6941   19.8363
   20.2256   22.1495   22.5547   22.8649   23.3519   24.0267   25.4545   26.7733   26.8714   27.6525
   29.5812   30.6931   31.5109   31.6216   31.8689   33.1093   33.8610   34.8267   35.7547   36.2352
   37.5551   38.1688   38.9261   40.0103   41.3852   41.7124   42.6586   43.4783   44.5434   48.6217
   52.7921   53.4734   54.1051   54.3545   56.8115   63.6649   65.5109
 199  1  -17.7160  -17.5793  -17.5477  -16.7164  -15.6722  -11.6181  -11.5305  -11.1364  -10.2763   -8.9807
          -8.6901   -8.3275   -8.0579   -7.8945   -7.8138   -7.7491   -7.2954   -6.8402   -6.7415   -5.6053
   -5.3776   -4.1464   -3.1830   -2.8295   -2.4680   -2.1570   -1.9208   -1.6350   -0.5726   -0.1205
    0.7490    1.2035    1.5639    2.2539    2.2909    2.5776    3.4319    3.5712    4.7908    4.9036
    5.3470    6.3114    7.2230    7.3944    7.5161    7.6250    8.0666    8.2431    8.5626    8.8038
    8.8195    9.1251    9.3263    9.4108   10.0861   10.1806   10.4604   10.5530   11.1172   11.2106
   12.0442   12.1664   12.6731   12.7818   13.1592   13.2762   13.3427   14.8564   15.0143   15.2137
   15.6450   16.7996   17.6209   17.7423   17.9006   18.0596   18.2458   19.2263   19.6928   19.8378
   20.2259   22.1546   22.5623   22.8612   23.3469   24.0235   25.4660   26.7685   26.8680   27.6525
   29.5855   30.6739   31.5528   31.6235   31.8130   33.1126   33.8636   34.8828   35.7884   36.1085
   37.5543   38.1634   38.9197   40.0065   41.4009   41.7318   42.5942   43.4576   44.5261   48.6072
   52.8171   53.4569   54.0921   54.3519   56.8019   63.6627   65.4995
 200  1  -17.7160  -17.5794  -17.5478  -16.7165  -15.6723  -11.6183  -11.5307  -11.1366  -10.2764   -8.9808
          -8.6901   -8.3271   -8.0569   -7.8932   -7.8116   -7.7501   -7.2953   -6.8404   -6.7405   -5.6049
   -5.3772   -4.1472   -3.1842   -2.8310   -2.4692   -2.1576   -1.9214   -1.6361   -0.5706   -0.1211
    0.7503    1.2023    1.5629    2.2643    2.2834    2.5756    3.4361    3.5675    4.7920    4.9055
    5.3521    6.3145    7.2338    7.3905    7.5176    7.6215    8.0777    8.2431    8.5587    8.8051
    8.8141    9.1214    9.3388    9.3980   10.0825   10.1845   10.4601   10.5497   11.1160   11.2157
   12.0443   12.1687   12.6747   12.7753   13.1620   13.2696   13.3417   14.8628   15.0179   15.2058
   15.6433   16.8001   17.6249   17.7337   17.8977   18.0591   18.2457   19.2269   19.6921   19.8387
   20.2261   22.1577   22.5670   22.8588   23.3437   24.0216   25.4730   26.7650   26.8662   27.6526
   29.5882   30.6621   31.5887   31.6264   31.7668   33.1147   33.8651   34.9201   35.8367   36.0006
   37.5523   38.1620   38.9161   40.0043   41.4105   41.7480   42.5491   43.4457   44.5162   48.5986
   52.8331   53.4461   54.0843   54.3503   56.7962   63.6613   65.4927
 201  1  -17.7161  -17.5794  -17.5478  -16.7165  -15.6723  -11.6183  -11.5307  -11.1366  -10.2765   -8.9809
          -8.6901   -8.3269   -8.0566   -7.8928   -7.8109   -7.7505   -7.2952   -6.8404   -6.7401   -5.6048
   -5.3770   -4.1474   -3.1846   -2.8315   -2.4695   -2.1578   -1.9216   -1.6365   -0.5699   -0.1213
    0.7507    1.2019    1.5626    2.2715    2.2771    2.5749    3.4375    3.5662    4.7924    4.9062
    5.3538    6.3155    7.2377    7.3888    7.5181    7.6204    8.0815    8.2429    8.5573    8.8061
    8.8117    9.1201    9.3443    9.3924   10.0812   10.1858   10.4601   10.5486   11.1157   11.2174
   12.0442   12.1694   12.6753   12.7731   13.1631   13.2673   13.3414   14.8650   15.0191   15.2030
   15.6427   16.8003   17.6263   17.7307   17.8967   18.0590   18.2456   19.2271   19.6919   19.8391
   20.2262   22.1588   22.5687   22.8580   23.3427   24.0210   25.4754   26.7638   26.8657   27.6527
   29.5891   30.6582   31.6036   31.6302   31.7457   33.1154   33.8656   34.9333   35.8867   35.9299
   37.5514   38.1618   38.9150   40.0036   41.4137   41.7544   42.5327   43.4418   44.5129   48.5958
   52.8386   53.4423   54.0817   54.3498   56.7942   63.6609   65.4904
 202  1  -17.7204  -17.5834  -17.5516  -16.7204  -15.6745  -11.6107  -11.5223  -11.1272  -10.2685   -8.9794
          -8.6997   -8.3292   -8.0542   -7.8904   -7.8086   -7.7546   -7.2899   -6.8289   -6.7374   -5.6048
   -5.3753   -4.1425   -3.1798   -2.8260   -2.4641   -2.1502   -1.9142   -1.6311   -0.5671   -0.1168
    0.7524    1.2049    1.5683    2.2725    2.2760    2.5784    3.4363    3.5648    4.7806    4.8979
    5.3313    6.3018    7.2228    7.3550    7.4813    7.5947    8.0484    8.2072    8.5645    8.7471
    8.8163    9.0557    9.3516    9.3569   10.0946   10.2189   10.4738   10.5555   11.1063   11.2155
   12.0550   12.1613   12.7120   12.8310   13.1784   13.3145   13.3587   14.8707   15.0122   15.2558
   15.6489   16.8032   17.6081   17.6402   17.8593   18.0427   18.2379   19.1904   19.5949   19.8464
   20.2085   22.0873   22.5127   22.7455   23.2781   24.0111   25.5233   26.6695   26.9121   27.6669
   29.6150   30.5200   31.5324   31.7807   31.8320   33.1732   34.0797   34.9490   35.8987   36.0987
   37.5719   38.2206   38.9316   40.0445   41.4199   41.7894   42.6413   43.5756   44.5308   48.6160
   52.8230   53.4517   54.1056   54.3156   56.8311   63.6785   65.4900
 203  1  -17.7253  -17.5880  -17.5558  -16.7248  -15.6769  -11.6021  -11.5128  -11.1164  -10.2594   -8.9779
          -8.7103   -8.3316   -8.0514   -7.8876   -7.8059   -7.7592   -7.2839   -6.8160   -6.7344   -5.6048
   -5.3733   -4.1369   -3.1743   -2.8199   -2.4580   -2.1415   -1.9057   -1.6250   -0.5638   -0.1117
    0.7544    1.2082    1.5749    2.2737    2.2748    2.5825    3.4349    3.5631    4.7666    4.8886
    5.3056    6.2861    7.2051    7.3167    7.4395    7.5726    8.0101    8.1667    8.5688    8.6784
    8.8288    8.9882    9.3087    9.3699   10.0994   10.2531   10.4890   10.5648   11.0965   11.2137
   12.0700   12.1535   12.7514   12.8954   13.1959   13.3658   13.3782   14.8749   15.0062   15.3143
   15.6558   16.8061   17.5305   17.5873   17.8259   18.0243   18.2298   19.1516   19.4879   19.8567
   20.1874   22.0059   22.4549   22.6218   23.1987   24.0066   25.5750   26.5686   26.9568   27.6877
   29.6456   30.3767   31.4386   31.9286   31.9738   33.2351   34.3009   34.9669   35.9123   36.2765
   37.5836   38.2735   38.9771   40.0940   41.3464   41.9169   42.7596   43.7097   44.5523   48.6391
   52.8075   53.4614   54.1350   54.2790   56.8724   63.6985   65.4892
 204  1  -17.7308  -17.5931  -17.5606  -16.7297  -15.6796  -11.5925  -11.5021  -11.1044  -10.2493   -8.9763
          -8.7218   -8.3341   -8.0483   -7.8845   -7.8029   -7.7644   -7.2774   -6.8017   -6.7309   -5.6047
   -5.3711   -4.1305   -3.1682   -2.8130   -2.4511   -2.1318   -1.8963   -1.6180   -0.5602   -0.1060
    0.7567    1.2119    1.5822    2.2732    2.2749    2.5871    3.4333    3.5612    4.7501    4.8781
    5.2769    6.2682    7.1845    7.2741    7.3953    7.5525    7.9665    8.1233    8.5686    8.6064
    8.8433    8.9184    9.2645    9.3832   10.0961   10.2873   10.5026   10.5774   11.0885   11.2121
   12.0895   12.1460   12.7929   12.9653   13.2154   13.3997   13.4209   14.8763   15.0025   15.3780
   15.6635   16.8086   17.4066   17.5640   17.7929   18.0038   18.2215   19.1111   19.3732   19.8681
   20.1633   21.9154   22.3958   22.4886   23.1062   24.0066   25.6299   26.4626   26.9977   27.7163
   29.6808   30.2294   31.3506   32.0350   32.1812   33.3000   34.5267   34.9866   35.9274   36.4607
   37.5851   38.3164   39.0565   40.1511   41.2488   42.0808   42.8861   43.8432   44.5784   48.6651
   52.7932   53.4711   54.1705   54.2408   56.9181   63.7207   65.4879
 205  1  -17.7369  -17.5987  -17.5659  -16.7351  -15.6825  -11.5819  -11.4904  -11.0910  -10.2381   -8.9749
          -8.7339   -8.3366   -8.0449   -7.8810   -7.7997   -7.7700   -7.2704   -6.7863   -6.7271   -5.6046
   -5.3687   -4.1234   -3.1614   -2.8054   -2.4434   -2.1211   -1.8858   -1.6103   -0.5562   -0.0996
    0.7591    1.2160    1.5903    2.2715    2.2763    2.5924    3.4316    3.5591    4.7312    4.8662
    5.2450    6.2483    7.1605    7.2277    7.3503    7.5332    7.9176    8.0781    8.5320    8.5634
    8.8470    8.8593    9.2196    9.3967   10.0857   10.3200   10.5110   10.5937   11.0849   11.2109
   12.1133   12.1390   12.8361   13.0400   13.2371   13.4232   13.4793   14.8735   15.0021   15.4463
   15.6719   16.8106   17.2718   17.5383   17.7587   17.9813   18.2131   19.0688   19.2526   19.8795
   20.1369   21.8169   22.3352   22.3475   23.0025   24.0101   25.6876   26.3528   27.0335   27.7536
   29.7203   30.0794   31.2698   32.1504   32.4004   33.3672   34.7551   35.0073   35.9439   36.6492
   37.5760   38.3502   39.1683   40.2143   41.1482   42.2605   43.0190   43.9749   44.6102   48.6940
   52.7807   53.4808   54.2024   54.2125   56.9678   63.7452   65.4862
 206  1  -17.7435  -17.6048  -17.5716  -16.7410  -15.6858  -11.5704  -11.4776  -11.0764  -10.2259   -8.9735
          -8.7466   -8.3390   -8.0411   -7.8773   -7.7960   -7.7761   -7.2630   -6.7698   -6.7229   -5.6045
   -5.3660   -4.1155   -3.1539   -2.7971   -2.4350   -2.1094   -1.8745   -1.6018   -0.5518   -0.0925
    0.7618    1.2205    1.5990    2.2695    2.2777    2.5984    3.4298    3.5566    4.7097    4.8530
    5.2100    6.2263    7.1329    7.1783    7.3053    7.5141    7.8633    8.0323    8.4558    8.5532
    8.7746    8.8759    9.1745    9.4106   10.0694   10.3499   10.5105   10.6142   11.0887   11.2103
   12.1325   12.1411   12.8805   13.1185   13.2608   13.4484   13.5406   14.8657   15.0058   15.5186
   15.6810   16.8117   17.1284   17.5106   17.7225   17.9570   18.2048   19.0250   19.1275   19.8890
   20.1099   21.7119   22.2002   22.2729   22.8904   24.0156   25.7476   26.2404   27.0634   27.7994
   29.7637   29.9277   31.1974   32.2738   32.6288   33.4361   34.9842   35.0284   35.9618   36.8398
   37.5566   38.3798   39.3059   40.2804   41.0538   42.4487   43.1568   44.1030   44.6499   48.7258
   52.7709   53.4906   54.1651   54.2616   57.0213   63.7717   65.4838
 207  1  -17.7507  -17.6114  -17.5778  -16.7474  -15.6893  -11.5579  -11.4637  -11.0606  -10.2128   -8.9725
          -8.7597   -8.3413   -8.0370   -7.8731   -7.7921   -7.7827   -7.2551   -6.7523   -6.7183   -5.6044
   -5.3631   -4.1069   -3.1457   -2.7881   -2.4258   -2.0967   -1.8623   -1.5925   -0.5470   -0.0848
    0.7646    1.2254    1.6085    2.2672    2.2791    2.6049    3.4278    3.5539    4.6854    4.8382
    5.1721    6.2022    7.1015    7.1265    7.2606    7.4950    7.8037    7.9867    8.3785    8.5386
    8.7017    8.8922    9.1297    9.4249   10.0483   10.3762   10.4988   10.6388   11.1021   11.2107
   12.1264   12.1723   12.9255   13.2000   13.2869   13.4754   13.6046   14.8532   15.0132   15.5945
   15.6908   16.8116   16.9787   17.4810   17.6839   17.9309   18.1962   18.9794   18.9995   19.8929
   20.0855   21.6017   22.0484   22.2079   22.7723   24.0220   25.8096   26.1264   27.0877   27.8528
   29.7754   29.8105   31.1342   32.4040   32.8643   33.5063   35.0486   35.2126   35.9812   37.0310
   37.5282   38.4099   39.4611   40.3437   40.9749   42.6419   43.2978   44.2246   44.7001   48.7604
   52.7646   53.5005   54.1305   54.3177   57.0782   63.8003   65.4806
 208  1  -17.7583  -17.6186  -17.5845  -16.7543  -15.6931  -11.5444  -11.4488  -11.0435  -10.1986   -8.9719
          -8.7729   -8.3434   -8.0326   -7.8687   -7.7897   -7.7879   -7.2468   -6.7338   -6.7134   -5.6042
   -5.3599   -4.0975   -3.1369   -2.7784   -2.4159   -2.0830   -1.8491   -1.5824   -0.5419   -0.0765
    0.7677    1.2306    1.6187    2.2647    2.2806    2.6121    3.4258    3.5508    4.6584    4.8216
    5.1311    6.1759    7.0659    7.0731    7.2161    7.4757    7.7390    7.9419    8.3004    8.5201
    8.6289    8.9073    9.0857    9.4395   10.0232   10.3987   10.4753   10.6667   11.1253   11.2126
   12.1207   12.2062   12.9708   13.2837   13.3153   13.5038   13.6711   14.8365   15.0233   15.6734
   15.7014   16.8099   16.8246   17.4499   17.6427   17.9031   18.1871   18.8700   18.9321   19.8856
   20.0688   21.4878   21.8938   22.1392   22.6514   24.0283   25.8734   26.0117   27.1076   27.9126
   29.6233   29.8600   31.0804   32.5393   33.1044   33.5781   35.0664   35.4393   36.0022   37.2211
   37.4928   38.4437   39.6251   40.3937   40.9262   42.8372   43.4407   44.3362   44.7650   48.7980
   52.7626   53.5109   54.1004   54.3811   57.1384   63.8307   65.4766
 209  1  -17.7665  -17.6262  -17.5917  -16.7617  -15.6972  -11.5301  -11.4328  -11.0252  -10.1836   -8.9717
          -8.7861   -8.3451   -8.0279   -7.8639   -7.7971   -7.7833   -7.2383   -6.7146   -6.7081   -5.6039
   -5.3566   -4.0872   -3.1274   -2.7681   -2.4053   -2.0683   -1.8351   -1.5715   -0.5364   -0.0674
    0.7709    1.2363    1.6296    2.2620    2.2821    2.6199    3.4235    3.5474    4.6287    4.8031
    5.0873    6.1477    7.0186    7.0260    7.1720    7.4561    7.6695    7.8987    8.2219    8.4980
    8.5566    8.9208    9.0426    9.4546    9.9946   10.4175   10.4414   10.6965   11.1576   11.2166
   12.1155   12.2424   13.0157   13.3462   13.3688   13.5336   13.7396   14.8165   15.0353   15.7127
   15.7545   16.6681   16.8061   17.4177   17.5988   17.8736   18.1769   18.7411   18.8829   19.8620
   20.0646   21.3715   21.7378   22.0649   22.5310   24.0337   25.8972   25.9387   27.1242   27.9772
   29.4725   29.9115   31.0362   32.6775   33.3472   33.6521   35.0799   35.6632   36.0253   37.4088
   37.4531   38.4823   39.7866   40.4189   40.9262   43.0323   43.5841   44.4343   44.8481   48.8383
   52.7652   53.5222   54.0769   54.4516   57.2015   63.8629   65.4715
 210  1  -17.7752  -17.6343  -17.5993  -16.7695  -15.7016  -11.5150  -11.4159  -11.0056  -10.1677   -8.9723
          -8.7989   -8.3464   -8.0228   -7.8588   -7.8048   -7.7784   -7.2294   -6.7025   -6.6946   -5.6037
   -5.3530   -4.0762   -3.1172   -2.7571   -2.3938   -2.0527   -1.8203   -1.5598   -0.5305   -0.0577
    0.7744    1.2422    1.6411    2.2590    2.2835    2.6284    3.4212    3.5436    4.5961    4.7824
    5.0407    6.1174    6.9634    6.9814    7.1284    7.4363    7.5956    7.8574    8.1432    8.4730
    8.4854    8.9322    9.0006    9.4700    9.9629   10.3993   10.4333   10.7263   11.1971   11.2232
   12.1107   12.2801   13.0596   13.3799   13.4545   13.5647   13.8099   14.7937   15.0483   15.7247
   15.8367   16.5118   16.7998   17.3848   17.5522   17.8423   18.1640   18.6156   18.8317   19.8220
   20.0723   21.2541   21.5819   21.9830   22.4147   24.0376   25.7838   26.0055   27.1387   28.0451
   29.3238   29.9644   31.0013   32.8157   33.5904   33.7293   35.0871   35.8835   36.0512   37.4119
   37.5928   38.5258   39.9258   40.4288   40.9824   43.2249   43.7266   44.5185   44.9502   48.8815
   52.7730   53.5348   54.0622   54.5292   57.2673   63.8967   65.4653
 211  1  -17.7844  -17.6428  -17.6073  -16.7778  -15.7062  -11.4990  -11.3981  -10.9849  -10.1509   -8.9738
          -8.8112   -8.3473   -8.0174   -7.8534   -7.8129   -7.7733   -7.2203   -6.6964   -6.6741   -5.6034
   -5.3492   -4.0643   -3.1064   -2.7455   -2.3817   -2.0362   -1.8047   -1.5472   -0.5243   -0.0473
    0.7780    1.2485    1.6532    2.2559    2.2849    2.6374    3.4187    3.5395    4.5607    4.7593
    4.9914    6.0853    6.9078    6.9321    7.0853    7.4161    7.5175    7.8187    8.0644    8.4154
    8.4455    8.9414    8.9600    9.4857    9.9283   10.3513   10.4466   10.7541   11.2332   11.2420
   12.1063   12.3189   13.1020   13.4164   13.5399   13.5968   13.8817   14.7685   15.0617   15.7374
   15.9170   16.3597   16.7906   17.3515   17.5030   17.8090   18.1456   18.4977   18.7785   19.7691
   20.0876   21.1370   21.4274   21.8911   22.3063   24.0395   25.6720   26.0737   27.1525   28.1149
   29.1781   30.0180   30.9757   32.9501   33.8119   33.8324   35.0855   36.0807   36.0998   37.3721
   37.7720   38.5736   40.0071   40.4674   41.0840   43.4124   43.8673   44.5920   45.0687   48.9274
   52.7860   53.5492   54.0588   54.6137   57.3353   63.9320   65.4579
 212  1  -17.7940  -17.6518  -17.6157  -16.7865  -15.7110  -11.4823  -11.3793  -10.9630  -10.1333   -8.9765
          -8.8226   -8.3477   -8.0117   -7.8477   -7.8213   -7.7678   -7.2109   -6.6901   -6.6530   -5.6030
   -5.3452   -4.0515   -3.0950   -2.7333   -2.3688   -2.0188   -1.7883   -1.5339   -0.5177   -0.0363
    0.7817    1.2551    1.6659    2.2526    2.2862    2.6470    3.4161    3.5348    4.5226    4.7337
    4.9395    6.0513    6.8520    6.8780    7.0430    7.3957    7.4359    7.7827    7.9854    8.3469
    8.4158    8.9208    8.9483    9.5015    9.8907   10.2998   10.4579   10.7781   11.2474   11.2907
   12.1025   12.3582   13.1424   13.4557   13.6241   13.6299   13.9543   14.7412   15.0749   15.7508
   15.9834   16.2254   16.7782   17.3183   17.4511   17.7726   18.1159   18.3951   18.7234   19.7061
   20.1070   21.0213   21.2754   21.7883   22.2083   24.0392   25.5626   26.1432   27.1663   28.1856
   29.0360   30.0717   30.9588   33.0762   33.9024   34.0711   35.0729   36.1151   36.3115   37.3361
   37.9454   38.6244   40.0098   40.5669   41.2179   43.5926   44.0050   44.6597   45.1992   48.9760
   52.8044   53.5656   54.0692   54.7047   57.4054   63.9686   65.4491
 213  1  -17.8041  -17.6612  -17.6246  -16.7957  -15.7161  -11.4648  -11.3597  -10.9400  -10.1150   -8.9804
          -8.8329   -8.3474   -8.0056   -7.8416   -7.8299   -7.7620   -7.2014   -6.6833   -6.6315   -5.6026
   -5.3409   -4.0379   -3.0829   -2.7205   -2.3552   -2.0005   -1.7712   -1.5197   -0.5109   -0.0245
    0.7856    1.2620    1.6792    2.2491    2.2874    2.6572    3.4133    3.5298    4.4818    4.7053
    4.8852    6.0155    6.7959    6.8192    7.0016    7.3511    7.3751    7.7497    7.9063    8.2802
    8.3844    8.8831    8.9529    9.5172    9.8501   10.2468   10.4677   10.7968   11.2660   11.3421
   12.0992   12.3976   13.1804   13.4977   13.6638   13.7064   14.0272   14.7121   15.0874   15.7650
   15.9693   16.1768   16.7624   17.2851   17.3968   17.7314   18.0672   18.3184   18.6664   19.6348
   20.1276   20.9086   21.1270   21.6755   22.1213   24.0364   25.4562   26.2139   27.1810   28.2564
   28.8982   30.1249   30.9503   33.1891   34.0033   34.3049   35.0476   36.1553   36.5182   37.3062
   38.1122   38.6766   39.9632   40.7055   41.3760   43.7630   44.1389   44.7261   45.3378   49.0272
   52.8281   53.5847   54.0959   54.8019   57.4773   64.0062   65.4388
 214  1  -17.8146  -17.6711  -17.6339  -16.8052  -15.7214  -11.4466  -11.3393  -10.9158  -10.0959   -8.9858
          -8.8417   -8.3465   -7.9993   -7.8388   -7.8353   -7.7559   -7.1917   -6.6762   -6.6097   -5.6021
   -5.3365   -4.0233   -3.0701   -2.7071   -2.3409   -1.9814   -1.7534   -1.5046   -0.5036   -0.0120
    0.7896    1.2693    1.6930    2.2456    2.2884    2.6679    3.4103    3.5242    4.4383    4.6741
    4.8287    5.9781    6.7397    6.7559    6.9615    7.2636    7.3541    7.7200    7.8271    8.2151
    8.3516    8.8469    8.9553    9.5327    9.8062   10.1938   10.4761   10.8095   11.2888   11.3951
   12.0967   12.4367   13.2158   13.5421   13.6985   13.7856   14.0992   14.6814   15.0988   15.7798
   15.8555   16.2351   16.7431   17.2521   17.3402   17.6825   17.9997   18.2710   18.6078   19.5562
   20.1469   20.8002   20.9829   21.5558   22.0440   24.0309   25.3532   26.2858   27.1970   28.3268
   28.7652   30.1769   30.9498   33.2846   34.1158   34.5324   35.0089   36.2021   36.7199   37.2838
   38.2715   38.7279   39.8987   40.8563   41.5532   43.9215   44.2681   44.7946   45.4818   49.0811
   52.8570   53.6067   54.1410   54.9048   57.5506   64.0447   65.4268
 215  1  -17.8255  -17.6813  -17.6435  -16.8152  -15.7270  -11.4278  -11.3180  -10.8905  -10.0761   -8.9927
          -8.8491   -8.3449   -7.9926   -7.8478   -7.8286   -7.7495   -7.1818   -6.6688   -6.5876   -5.6015
   -5.3318   -4.0079   -3.0567   -2.6931   -2.3259   -1.9614   -1.7349   -1.4888   -0.4961    0.0011
    0.7938    1.2768    1.7072    2.2421    2.2893    2.6790    3.4071    3.5181    4.3922    4.6398
    4.7701    5.9391    6.6833    6.6882    6.9227    7.1740    7.3330    7.6937    7.7476    8.1516
    8.3179    8.8123    8.9557    9.5478    9.7588   10.1424   10.4833   10.8160   11.3152   11.4492
   12.0953   12.4751   13.2485   13.5884   13.7340   13.8607   14.1689   14.6491   15.1088   15.7262
   15.7951   16.3186   16.7206   17.2189   17.2816   17.6217   17.9273   18.2441   18.5479   19.4711
   20.1619   20.6980   20.8439   21.4333   21.9744   24.0228   25.2543   26.3589   27.2147   28.3962
   28.6375   30.2275   30.9568   33.3607   34.2378   34.7520   34.9588   36.2560   36.9163   37.2699
   38.4228   38.7753   39.8330   41.0082   41.7453   44.0661   44.3920   44.8673   45.6295   49.1376
   52.8913   53.6320   54.2062   55.0131   57.6253   64.0839   65.4132
 216  1  -17.8368  -17.6919  -17.6535  -16.8255  -15.7328  -11.4083  -11.2960  -10.8641  -10.0558   -9.0010
          -8.8548   -8.3426   -7.9857   -7.8569   -7.8216   -7.7428   -7.1717   -6.6610   -6.5654   -5.6009
   -5.3270   -3.9915   -3.0426   -2.6786   -2.3102   -1.9406   -1.7157   -1.4721   -0.4883    0.0150
    0.7980    1.2846    1.7219    2.2386    2.2900    2.6904    3.4037    3.5114    4.3437    4.6024
    4.7097    5.8986    6.6166    6.6267    6.8854    7.0827    7.3117    7.6679    7.6706    8.0895
    8.2836    8.7792    8.9541    9.5622    9.7080   10.0935   10.4894   10.8165   11.3441   11.5036
   12.0951   12.5125   13.2784   13.6356   13.7704   13.9298   14.2344   14.6157   15.1169   15.6042
   15.8108   16.4075   16.6954   17.1852   17.2215   17.5463   17.8634   18.2276   18.4869   19.3804
   20.1680   20.6048   20.7106   21.3124   21.9105   24.0120   25.1598   26.4331   27.2343   28.4644
   28.5154   30.2760   30.9708   33.4171   34.3601   34.9044   34.9625   36.3167   37.1073   37.2651
   38.5655   38.8151   39.7755   41.1575   41.9483   44.1958   44.5099   44.9452   45.7795   49.1967
   52.9314   53.6608   54.2925   55.1261   57.7009   64.1236   65.3977
 217  1  -17.8485  -17.7029  -17.6639  -16.8362  -15.7388  -11.3883  -11.2733  -10.8367  -10.0348   -9.0106
          -8.8591   -8.3396   -7.9784   -7.8661   -7.8143   -7.7358   -7.1616   -6.6528   -6.5432   -5.6003
   -5.3219   -3.9741   -3.0279   -2.6636   -2.2938   -1.9191   -1.6960   -1.4545   -0.4801    0.0296
    0.8023    1.2926    1.7369    2.2352    2.2904    2.7022    3.4000    3.5042    4.2928    4.5614
    4.6480    5.8566    6.5413    6.5699    6.8499    6.9900    7.2905    7.5880    7.6507    8.0284
    8.2490    8.7478    8.9508    9.5759    9.6538   10.0478   10.4942   10.8116   11.3739   11.5581
   12.0965   12.5486   13.3055   13.6827   13.8080   13.9907   14.2931   14.5814   15.1228   15.4977
   15.8266   16.4979   16.6680   17.1502   17.1603   17.4582   17.8123   18.2159   18.4255   19.2851
   20.1585   20.5250   20.5832   21.1977   21.8510   23.9987   25.0701   26.5085   27.2560   28.3993
   28.5310   30.3223   30.9914   33.4555   34.4575   34.8688   35.1627   36.3836   37.2691   37.2928
   38.6993   38.8425   39.7341   41.3035   42.1585   44.3107   44.6213   45.0280   45.9310   49.2584
   52.9780   53.6932   54.4004   55.2434   57.7774   64.1635   65.3802
 218  1  -17.8606  -17.7142  -17.6746  -16.8473  -15.7450  -11.3678  -11.2499  -10.8082  -10.0134   -9.0212
          -8.8619   -8.3358   -7.9708   -7.8753   -7.8067   -7.7286   -7.1512   -6.6443   -6.5209   -5.5995
   -5.3167   -3.9558   -3.0126   -2.6480   -2.2767   -1.8968   -1.6756   -1.4361   -0.4717    0.0449
    0.8067    1.3008    1.7523    2.2319    2.2905    2.7143    3.3959    3.4963    4.2397    4.5167
    4.5856    5.8132    6.4628    6.5130    6.8162    6.8965    7.2693    7.5080    7.6339    7.9681
    8.2145    8.7180    8.9458    9.5887    9.5966   10.0055   10.4977   10.8022   11.4033   11.6122
   12.1000   12.5830   13.3300   13.7284   13.8470   14.0391   14.3432   14.5467   15.1262   15.4138
   15.8424   16.5880   16.6393   17.0989   17.1129   17.3630   17.7717   18.2066   18.3643   19.1867
   20.1257   20.4622   20.4623   21.0945   21.7950   23.9829   24.9854   26.5850   27.2798   28.2895
   28.5960   30.3660   31.0181   33.4778   34.4792   34.9005   35.3516   36.4556   37.2818   37.4729
   38.8240   38.8535   39.7147   41.4462   42.3727   44.4120   44.7258   45.1144   46.0834   49.3226
   53.0318   53.7295   54.5295   55.3642   57.8545   64.2034   65.3608
 219  1  -17.8730  -17.7259  -17.6856  -16.8586  -15.7515  -11.3468  -11.2260  -10.7786   -9.9914   -9.0324
          -8.8636   -8.3313   -7.9629   -7.8845   -7.7988   -7.7210   -7.1408   -6.6355   -6.4988   -5.5987
   -5.3113   -3.9364   -2.9967   -2.6320   -2.2590   -1.8738   -1.6548   -1.4169   -0.4630    0.0608
    0.8111    1.3093    1.7679    2.2289    2.2903    2.7265    3.3914    3.4877    4.1846    4.4671
    4.5237    5.7685    6.3815    6.4559    6.7843    6.8023    7.2483    7.4278    7.6199    7.9081
    8.1805    8.6898    8.9393    9.5369    9.6005    9.9665   10.4998   10.7889   11.4307   11.6658
   12.1060   12.6153   13.3517   13.7713   13.8876   14.0691   14.3846   14.5121   15.1268   15.3589
   15.8576   16.6101   16.6756   17.0389   17.0717   17.2671   17.7375   18.1983   18.3038   19.0865
   20.0670   20.3476   20.4142   21.0086   21.7420   23.9647   24.9061   26.6626   27.3055   28.1862
   28.6591   30.4069   31.0504   33.4859   34.4149   35.0080   35.5284   36.5309   37.3027   37.6474
   38.8464   38.9395   39.7209   41.5862   42.5880   44.5019   44.8231   45.2024   46.2364   49.3894
   53.0938   53.7694   54.6788   55.4879   57.9322   64.2430   65.3392
 220  1  -17.8857  -17.7379  -17.6970  -16.8703  -15.7581  -11.3255  -11.2014  -10.7481   -9.9691   -9.0441
          -8.8643   -8.3262   -7.9548   -7.8935   -7.7906   -7.7132   -7.1301   -6.6263   -6.4768   -5.5979
   -5.3056   -3.9161   -2.9801   -2.6156   -2.2406   -1.8501   -1.6334   -1.3969   -0.4541    0.0775
    0.8156    1.3179    1.7836    2.2261    2.2898    2.7387    3.3864    3.4784    4.1277    4.4116
    4.4637    5.7225    6.2978    6.3986    6.7080    6.7543    7.2276    7.3477    7.6087    7.8482
    8.1473    8.6631    8.9314    9.4755    9.6112    9.9308   10.5001   10.7724   11.4548   11.7184
   12.1151   12.6453   13.3709   13.8104   13.9292   14.0732   14.4209   14.4786   15.1244   15.3368
   15.8718   16.5812   16.7563   16.9846   17.0237   17.1769   17.7064   18.1904   18.2450   18.9863
   19.9876   20.2397   20.3705   20.9456   21.6916   23.9444   24.8323   26.7412   27.3333   28.0896
   28.7201   30.4446   31.0879   33.4813   34.3052   35.1498   35.6924   36.6075   37.3311   37.8164
   38.8233   39.0457   39.7520   41.7236   42.8022   44.5828   44.9128   45.2894   46.3897   49.4589
   53.1647   53.8131   54.8469   55.6137   58.0102   64.2823   65.3154
 221  1  -17.8987  -17.7502  -17.7086  -16.8824  -15.7649  -11.3039  -11.1764  -10.7166   -9.9464   -9.0558
          -8.8640   -8.3204   -7.9463   -7.9023   -7.7821   -7.7051   -7.1193   -6.6168   -6.4550   -5.5970
   -5.2999   -3.8947   -2.9629   -2.5986   -2.2217   -1.8257   -1.6115   -1.3760   -0.4449    0.0949
    0.8200    1.3268    1.7995    2.2238    2.2888    2.7510    3.3806    3.4684    4.0692    4.3499
    4.4065    5.6752    6.2122    6.3410    6.6136    6.7261    7.2073    7.2678    7.6000    7.7880
    8.1150    8.6379    8.9221    9.4131    9.6207    9.8978   10.4985   10.7536   11.4746   11.7700
   12.1274   12.6724   13.3873   13.8450   13.9705   14.0471   14.4480   14.4569   15.1188   15.3469
   15.8844   16.5531   16.8116   16.9542   16.9651   17.0987   17.6758   18.1825   18.1890   18.8878
   19.8947   20.1384   20.3216   20.9086   21.6437   23.9221   24.7641   26.8208   27.3628   27.9997
   28.7789   30.4791   31.1302   33.4650   34.1737   35.3019   35.8428   36.6826   37.3667   37.9797
   38.7901   39.1429   39.8043   41.8588   43.0134   44.6570   44.9947   45.3736   46.5429   49.5311
   53.2451   53.8602   55.0319   55.7409   58.0885   64.3209   65.2894
 222  1  -17.9120  -17.7627  -17.7205  -16.8946  -15.7720  -11.2820  -11.1510  -10.6842   -9.9235   -9.0674
          -8.8628   -8.3140   -7.9375   -7.9108   -7.7733   -7.6967   -7.1083   -6.6070   -6.4335   -5.5960
   -5.2939   -3.8723   -2.9451   -2.5813   -2.2021   -1.8008   -1.5892   -1.3543   -0.4354    0.1130
    0.8244    1.3357    1.8153    2.2219    2.2874    2.7630    3.3741    3.4576    4.0094    4.2832
    4.3510    5.6268    6.1251    6.2831    6.5196    6.6998    7.1877    7.1881    7.5936    7.7272
    8.0841    8.6139    8.9115    9.3503    9.6290    9.8673   10.4943   10.7331   11.4892   11.8203
   12.1433   12.6964   13.4010   13.8749   13.9935   14.0086   14.4226   14.4948   15.1097   15.3841
   15.8948   16.5264   16.8030   16.8953   16.9859   17.0351   17.6434   18.1369   18.1744   18.7928
   19.7932   20.0438   20.2641   20.8957   21.5984   23.8981   24.7016   26.9013   27.3941   27.9166
   28.8353   30.5102   31.1769   33.4377   34.0300   35.4553   35.9795   36.7528   37.4093   38.1373
   38.7535   39.2313   39.8731   41.9921   43.2200   44.7266   45.0688   45.4536   46.6959   49.6063
   53.3353   53.9106   55.2319   55.8685   58.1671   64.3586   65.2610
 223  1  -17.9255  -17.7756  -17.7327  -16.9072  -15.7791  -11.2599  -11.1252  -10.6509   -9.9003   -9.0787
          -8.8609   -8.3071   -7.9285   -7.9190   -7.7643   -7.6880   -7.0972   -6.5968   -6.4123   -5.5950
   -5.2878   -3.8489   -2.9268   -2.5636   -2.1819   -1.7752   -1.5665   -1.3319   -0.4258    0.1318
    0.8288    1.3447    1.8309    2.2206    2.2854    2.7748    3.3665    3.4459    3.9485    4.2135
    4.2960    5.5775    6.0368    6.2249    6.4261    6.6752    7.1089    7.1686    7.5892    7.6656
    8.0546    8.5910    8.8998    9.2878    9.6359    9.8389   10.4872   10.7118   11.4982   11.8691
   12.1627   12.7164   13.4119   13.8996   13.9200   14.0398   14.4063   14.5335   15.0973   15.4419
   15.9022   16.5006   16.7582   16.8204   16.9822   17.0515   17.6076   18.0902   18.1663   18.7030
   19.6864   19.9559   20.2003   20.9016   21.5560   23.8725   24.6448   26.9826   27.4269   27.8405
   28.8891   30.5378   31.2275   33.3991   33.8797   35.6057   36.1019   36.8142   37.4588   38.2890
   38.7203   39.3113   39.9544   42.1236   43.4206   44.7931   45.1348   45.5284   46.8485   49.6845
   53.4352   53.9638   55.4447   55.9958   58.2458   64.3953   65.2303
 224  1  -17.9394  -17.7887  -17.7452  -16.9200  -15.7865  -11.2377  -11.0991  -10.6167   -9.8769   -9.0895
          -8.8581   -8.2998   -7.9265   -7.9192   -7.7550   -7.6791   -7.0858   -6.5864   -6.3916   -5.5940
   -5.2815   -3.8244   -2.9078   -2.5455   -2.1612   -1.7491   -1.5434   -1.3086   -0.4159    0.1512
    0.8331    1.3538    1.8463    2.2200    2.2829    2.7861    3.3577    3.4334    3.8869    4.1417
    4.2410    5.5273    5.9477    6.1662    6.3333    6.6522    7.0303    7.1503    7.5868    7.6032
    8.0268    8.5690    8.8868    9.2262    9.6415    9.8122   10.4764   10.6905   11.5014   11.9163
   12.1853   12.7320   13.4199   13.8345   13.9180   14.0603   14.4032   14.5710   15.0816   15.5145
   15.9062   16.4748   16.7076   16.7478   16.9348   17.1196   17.5671   18.0510   18.1580   18.6196
   19.5766   19.8748   20.1338   20.9205   21.5168   23.8456   24.5937   27.0646   27.4610   27.7713
   28.9400   30.5616   31.2818   33.3477   33.7281   35.7506   36.2100   36.8625   37.5152   38.4346
   38.6966   39.3835   40.0448   42.2536   43.6139   44.8576   45.1927   45.5978   47.0003   49.7658
   53.5444   54.0195   55.6679   56.1219   58.3248   64.4307   65.1973
 225  1  -17.9534  -17.8020  -17.7578  -16.9331  -15.7940  -11.2155  -11.0728  -10.5816   -9.8534   -9.0995
          -8.8546   -8.2923   -7.9335   -7.9096   -7.7454   -7.6699   -7.0741   -6.5755   -6.3712   -5.5929
   -5.2750   -3.7988   -2.8882   -2.5270   -2.1400   -1.7225   -1.5199   -1.2846   -0.4059    0.1713
    0.8373    1.3630    1.8612    2.2201    2.2798    2.7968    3.3472    3.4199    3.8251    4.0685
    4.1857    5.4765    5.8580    6.1071    6.2414    6.6308    6.9525    7.1328    7.5398    7.5860
    8.0009    8.5474    8.8728    9.1662    9.6456    9.7870   10.4614   10.6701   11.4991   11.9616
   12.2105   12.7421   13.4251   13.7436   13.9280   14.0694   14.4158   14.6051   15.0626   15.5973
   15.9061   16.4463   16.6584   16.6836   16.8906   17.1817   17.5210   18.0213   18.1499   18.5432
   19.4657   19.8007   20.0676   20.9472   21.4815   23.8176   24.5482   27.1470   27.4962   27.7090
   28.9879   30.5817   31.3393   33.2790   33.5824   35.8888   36.3037   36.8940   37.5781   38.5736
   38.6873   39.4485   40.1420   42.3824   43.7990   44.9209   45.2426   45.6622   47.1511   49.8506
   53.6623   54.0771   55.8995   56.2458   58.4040   64.4647   65.1618
 226  1  -17.9677  -17.8156  -17.7707  -16.9464  -15.8017  -11.1934  -11.0463  -10.5457   -9.8298   -9.1088
          -8.8503   -8.2846   -7.9397   -7.8997   -7.7355   -7.6605   -7.0621   -6.5644   -6.3514   -5.5917
   -5.2684   -3.7722   -2.8681   -2.5083   -2.1183   -1.6954   -1.4961   -1.2599   -0.3957    0.1921
    0.8414    1.3722    1.8756    2.2211    2.2761    2.8066    3.3347    3.4055    3.7635    3.9944
    4.1305    5.4253    5.7682    6.0473    6.1507    6.6108    6.8755    7.1161    7.4755    7.5868
    7.9768    8.5259    8.8576    9.1081    9.6483    9.7631   10.4416   10.6512   11.4916   12.0049
   12.2379   12.7456   13.4273   13.6524   13.9263   14.0713   14.4423   14.6343   15.0409   15.6872
   15.9017   16.4115   16.6133   16.6320   16.8491   17.2336   17.4694   18.0036   18.1417   18.4740
   19.3555   19.7338   20.0035   20.9777   21.4513   23.7887   24.5084   27.2296   27.5325   27.6536
   29.0323   30.5980   31.3997   33.1852   33.4532   36.0190   36.3830   36.9065   37.6467   38.6958
   38.7055   39.5073   40.2441   42.5100   43.9750   44.9836   45.2845   45.7220   47.3002   49.9387
   53.7879   54.1361   56.1370   56.3667   58.4835   64.4972   65.1240
 227  1  -17.9821  -17.8293  -17.7838  -16.9599  -15.8095  -11.1713  -11.0198  -10.5090   -9.8062   -9.1170
          -8.8451   -8.2769   -7.9449   -7.8896   -7.7253   -7.6508   -7.0499   -6.5530   -6.3321   -5.5906
   -5.2617   -3.7444   -2.8474   -2.4892   -2.0962   -1.6678   -1.4720   -1.2344   -0.3854    0.2134
    0.8453    1.3813    1.8892    2.2231    2.2716    2.8153    3.3196    3.3901    3.7028    3.9198
    4.0755    5.3739    5.6784    5.9870    6.0612    6.5921    6.7995    7.1002    7.4103    7.5890
    7.9548    8.5040    8.8413    9.0526    9.6494    9.7402   10.4170   10.6343   11.4794   12.0458
   12.2666   12.7413   13.4265   13.5649   13.9106   14.0724   14.4782   14.6575   15.0168   15.7821
   15.8929   16.3676   16.5737   16.5951   16.8111   17.2727   17.4130   17.9998   18.1337   18.4114
   19.2476   19.6745   19.9428   21.0084   21.4276   23.7591   24.4740   27.3120   27.5697   27.6051
   29.0730   30.6103   31.4628   33.0611   33.3481   36.1406   36.4483   36.8994   37.7201   38.7241
   38.8296   39.5611   40.3497   42.6369   44.1411   45.0460   45.3184   45.7783   47.4470   50.0305
   53.9202   54.1958   56.3784   56.4836   58.5632   64.5279   65.0838
 228  1  -17.9967  -17.8432  -17.7970  -16.9736  -15.8175  -11.1496  -10.9933  -10.4716   -9.7825   -9.1242
          -8.8390   -8.2693   -7.9490   -7.8792   -7.7150   -7.6409   -7.0372   -6.5412   -6.3133   -5.5894
   -5.2548   -3.7157   -2.8262   -2.4699   -2.0736   -1.6398   -1.4476   -1.2082   -0.3749    0.2354
    0.8491    1.3904    1.9018    2.2261    2.2664    2.8225    3.3012    3.3736    3.6439    3.8449
    4.0213    5.3226    5.5888    5.9260    5.9732    6.5746    6.7247    7.0852    7.3443    7.5923
    7.9349    8.4813    8.8240    9.0001    9.6489    9.7180   10.3879   10.6191   11.4630   12.0841
   12.2959   12.7276   13.4227   13.4846   13.8819   14.0753   14.5189   14.6736   14.9912   15.8800
   15.8803   16.3154   16.5406   16.5701   16.7781   17.2978   17.3529   18.0105   18.1254   18.3542
   19.1436   19.6232   19.8859   21.0356   21.4128   23.7291   24.4449   27.3938   27.5633   27.6076
   29.1096   30.6187   31.5280   32.9137   33.2622   36.2523   36.4997   36.8749   37.7970   38.7720
   38.9445   39.6116   40.4576   42.7633   44.2965   45.1082   45.3445   45.8321   47.5910   50.1256
   54.0578   54.2555   56.5957   56.6216   58.6432   64.5569   65.0412
 229  1  -18.0115  -17.8573  -17.8105  -16.9874  -15.8256  -11.1281  -10.9669  -10.4335   -9.7588   -9.1302
          -8.8321   -8.2621   -7.9518   -7.8686   -7.7043   -7.6307   -7.0242   -6.5292   -6.2952   -5.5881
   -5.2478   -3.6858   -2.8045   -2.4503   -2.0506   -1.6114   -1.4230   -1.1814   -0.3643    0.2579
    0.8526    1.3993    1.9133    2.2302    2.2604    2.8279    3.2788    3.3561    3.5876    3.7700
    3.9681    5.2717    5.4998    5.8645    5.8867    6.5581    6.6512    7.0709    7.2775    7.5968
    7.9171    8.4573    8.8056    8.9511    9.6467    9.6965   10.3549   10.6053   11.4430   12.1194
   12.3253   12.7033   13.4140   13.4159   13.8435   14.0793   14.5602   14.6823   14.9653   15.8634
   15.9806   16.2573   16.5147   16.5516   16.7520   17.2909   17.3099   18.0343   18.1167   18.3012
   19.0451   19.5805   19.8333   21.0559   21.4094   23.6989   24.4211   27.4743   27.5282   27.6464
   29.1417   30.6232   31.5953   32.7544   33.1864   36.3517   36.5375   36.8376   37.8764   38.8379
   39.0487   39.6608   40.5668   42.8894   44.4407   45.1705   45.3628   45.8845   47.7314   50.2241
   54.1995   54.3146   56.7022   56.8646   58.7235   64.5840   64.9963
 230  1  -18.0264  -17.8716  -17.8240  -17.0015  -15.8338  -11.1071  -10.9407  -10.3946   -9.7351   -9.1349
          -8.8243   -8.2553   -7.9531   -7.8577   -7.6934   -7.6203   -7.0107   -6.5168   -6.2776   -5.5869
   -5.2406   -3.6549   -2.7822   -2.4306   -2.0273   -1.5827   -1.3982   -1.1539   -0.3536    0.2809
    0.8559    1.4081    1.9235    2.2355    2.2535    2.8309    3.2515    3.3374    3.5352    3.6954
    3.9165    5.2214    5.4114    5.8019    5.8025    6.5426    6.5790    7.0573    7.2101    7.6022
    7.9014    8.4316    8.7863    8.9059    9.6427    9.6756   10.3191   10.5923   11.4198   12.1512
   12.3541   12.6680   13.3547   13.4060   13.7987   14.0830   14.5986   14.6831   14.9410   15.8436
   16.0820   16.1957   16.4963   16.5347   16.7344   17.2284   17.3117   18.0679   18.1069   18.2508
   18.9535   19.5473   19.7853   21.0669   21.4193   23.6687   24.4023   27.4997   27.5523   27.6865
   29.1690   30.6239   31.6641   32.5907   33.1153   36.4326   36.5623   36.7968   37.9577   38.9189
   39.1400   39.7112   40.6762   43.0153   44.5732   45.2326   45.3736   45.9368   47.8677   50.3255
   54.3439   54.3722   56.8024   57.1054   58.8040   64.6091   64.9492
 231  1  -18.0415  -17.8860  -17.8378  -17.0156  -15.8421  -11.0865  -10.9148  -10.3551   -9.7114   -9.1382
          -8.8156   -8.2491   -7.9528   -7.8466   -7.6823   -7.6096   -6.9968   -6.5041   -6.2608   -5.5856
   -5.2334   -3.6229   -2.7594   -2.4106   -2.0037   -1.5537   -1.3732   -1.1258   -0.3429    0.3044
    0.8589    1.4167    1.9323    2.2417    2.2457    2.8310    3.2187    3.3176    3.4875    3.6216
    3.8669    5.1719    5.3239    5.7188    5.7402    6.5084    6.5279    7.0443    7.1422    7.6083
    7.8878    8.4037    8.7659    8.8648    9.6366    9.6549   10.2811   10.5797   11.3941   12.1787
   12.3817   12.6228   13.3072   13.3930   13.7500   14.0851   14.6299   14.6763   14.9212   15.8209
   16.1319   16.1832   16.4860   16.5172   16.7254   17.1672   17.3068   18.0955   18.1073   18.2021
   18.8701   19.5244   19.7421   21.0683   21.4422   23.6386   24.3884   27.4776   27.6260   27.7288
   29.1911   30.6209   31.7344   32.4267   33.0468   36.4790   36.5744   36.7721   38.0407   39.0121
   39.2163   39.7654   40.7850   43.1411   44.6937   45.2945   45.3769   45.9899   47.9991   50.4295
   54.4277   54.4897   56.8955   57.3425   58.8845   64.6324   64.8999
 232  1  -18.0567  -17.9005  -17.8516  -17.0299  -15.8505  -11.0666  -10.8892  -10.3151   -9.6876   -9.1401
          -8.8060   -8.2436   -7.9507   -7.8352   -7.6709   -7.5987   -6.9823   -6.4912   -6.2445   -5.5843
   -5.2260   -3.5899   -2.7362   -2.3906   -1.9799   -1.5244   -1.3480   -1.0971   -0.3322    0.3283
    0.8616    1.4250    1.9394    2.2370    2.2489    2.8274    3.1805    3.2967    3.4453    3.5488
    3.8195    5.1234    5.2374    5.6377    5.6778    6.4395    6.5139    7.0318    7.0739    7.6152
    7.8762    8.3734    8.7446    8.8279    9.6284    9.6346   10.2418   10.5668   11.3662   12.2004
   12.4079   12.5706   13.2702   13.3767   13.6989   14.0850   14.6493   14.6623   14.9095   15.7958
   16.0671   16.2815   16.4852   16.4988   16.7231   17.1085   17.2986   18.0812   18.1486   18.1550
   18.7958   19.5127   19.7039   21.0621   21.4758   23.6090   24.3792   27.4619   27.6920   27.7758
   29.2077   30.6144   31.8058   32.2649   32.9804   36.4698   36.5745   36.7876   38.1251   39.1145
   39.2758   39.8257   40.8926   43.2669   44.8018   45.3559   45.3729   46.0450   48.1253   50.5353
   54.4802   54.6354   56.9811   57.5742   58.9648   64.6536   64.8486
 233  1  -18.0719  -17.9151  -17.8656  -17.0443  -15.8591  -11.0473  -10.8642  -10.2744   -9.6637   -9.1404
          -8.7956   -8.2388   -7.9467   -7.8236   -7.6593   -7.5876   -6.9673   -6.4780   -6.2290   -5.5830
   -5.2186   -3.5558   -2.7125   -2.3704   -1.9558   -1.4948   -1.3227   -1.0680   -0.3214    0.3525
    0.8639    1.4330    1.9449    2.2273    2.2567    2.8193    3.1375    3.2745    3.4085    3.4776
    3.7747    5.0761    5.1521    5.5586    5.6157    6.3722    6.5005    7.0055    7.0195    7.6225
    7.8668    8.3407    8.7224    8.7951    9.6143    9.6178   10.2021   10.5533   11.3365   12.2136
   12.4321   12.5161   13.2417   13.3569   13.6470   14.0821   14.6416   14.6530   14.9087   15.7682
   16.0025   16.3691   16.4807   16.5003   16.7244   17.0538   17.2900   18.0599   18.1130   18.1887
   18.7315   19.5131   19.6707   21.0510   21.5170   23.5800   24.3746   27.4524   27.7470   27.8295
   29.2187   30.6046   31.8780   32.1072   32.9162   36.4137   36.5631   36.8375   38.2110   39.2235
   39.3183   39.8926   40.9982   43.3924   44.8979   45.3618   45.4165   46.1028   48.2458   50.6423
   54.5290   54.7798   57.0588   57.7991   59.0448   64.6730   64.7952
 234  1  -18.0873  -17.9298  -17.8796  -17.0588  -15.8677  -11.0288  -10.8397  -10.2333   -9.6395   -9.1391
          -8.7844   -8.2348   -7.9407   -7.8118   -7.6475   -7.5763   -6.9517   -6.4644   -6.2141   -5.5817
   -5.2110   -3.5207   -2.6884   -2.3502   -1.9315   -1.4650   -1.2972   -1.0384   -0.3107    0.3770
    0.8659    1.4406    1.9485    2.2165    2.2649    2.8056    3.0914    3.2511    3.3768    3.4084
    3.7325    5.0300    5.0680    5.4815    5.5542    6.3068    6.4876    6.9370    7.0074    7.6301
    7.8593    8.3058    8.6994    8.7660    9.5941    9.6046   10.1626   10.5389   11.3056   12.2136
   12.4542   12.4666   13.2197   13.3332   13.5954   14.0764   14.6153   14.6413   14.9173   15.7382
   15.9396   16.4252   16.4641   16.5505   16.7260   17.0042   17.2836   18.0247   18.0831   18.2251
   18.6770   19.5260   19.6428   21.0374   21.5633   23.5519   24.3743   27.4489   27.7918   27.8875
   29.2243   30.5918   31.9508   31.9549   32.8547   36.3342   36.5407   36.9008   38.2984   39.3370
   39.3449   39.9654   41.1012   43.5174   44.9821   45.3438   45.4761   46.1635   48.3603   50.7495
   54.5733   54.9217   57.1281   58.0158   59.1239   64.6905   64.7400
 235  1  -18.1026  -17.9445  -17.8937  -17.0734  -15.8764  -11.0111  -10.8159  -10.1917   -9.6151   -9.1361
          -8.7724   -8.2315   -7.9327   -7.7998   -7.6355   -7.5648   -6.9354   -6.4506   -6.1999   -5.5804
   -5.2034   -3.4846   -2.6638   -2.3300   -1.9072   -1.4351   -1.2716   -1.0083   -0.3000    0.4016
    0.8674    1.4477    1.9502    2.2046    2.2731    2.7853    3.0437    3.2265    3.3418    3.3498
    3.6931    4.9850    4.9853    5.4067    5.4940    6.2433    6.4751    6.8685    6.9952    7.6379
    7.8538    8.2690    8.6757    8.7402    9.5739    9.5887   10.1240   10.5232   11.2737   12.1941
   12.4304   12.4737   13.2020   13.3051   13.5455   14.0676   14.5841   14.6181   14.9295   15.7057
   15.8805   16.4490   16.4494   16.6349   16.7246   16.9614   17.2811   17.9783   18.0636   18.2567
   18.6321   19.5518   19.6200   21.0231   21.6127   23.5248   24.3782   27.4514   27.8302   27.9443
   29.2249   30.5763   31.8092   32.0239   32.7962   36.2440   36.5081   36.9668   38.3872   39.3577
   39.4533   40.0425   41.2013   43.6416   45.0553   45.3191   45.5341   46.2273   48.4688   50.8561
   54.6124   55.0598   57.1889   58.2232   59.2018   64.6831   64.7061
 236  1  -18.1181  -17.9594  -17.9079  -17.0881  -15.8851  -10.9944  -10.7928  -10.1496   -9.5904   -9.1315
          -8.7599   -8.2288   -7.9227   -7.7875   -7.6232   -7.5531   -6.9184   -6.4366   -6.1864   -5.5791
   -5.1957   -3.4476   -2.6389   -2.3099   -1.8827   -1.4050   -1.2459   -0.9780   -0.2894    0.4262
    0.8684    1.4543    1.9500    2.1916    2.2807    2.7580    2.9960    3.2007    3.2788    3.3267
    3.6562    4.9041    4.9410    5.3341    5.4355    6.1819    6.4630    6.8003    6.9829    7.6457
    7.8502    8.2307    8.6514    8.7171    9.5535    9.5698   10.0870   10.5059   11.2414   12.1532
   12.4112   12.4906   13.1871   13.2718   13.4985   14.0558   14.5493   14.5877   14.9391   15.6714
   15.8271   16.4364   16.4618   16.7176   16.7304   16.9266   17.2841   17.9286   18.0483   18.2827
   18.5958   19.5900   19.6023   21.0091   21.6639   23.4991   24.3861   27.4597   27.8646   27.9954
   29.2215   30.5583   31.6710   32.0970   32.7414   36.1488   36.4657   37.0316   38.4775   39.3589
   39.5711   40.1217   41.2981   43.7644   45.1182   45.2879   45.5904   46.2938   48.5711   50.9611
   54.6456   55.1929   57.2412   58.4202   59.2778   64.6246   64.7201
 237  1  -18.1336  -17.9742  -17.9221  -17.1028  -15.8939  -10.9787  -10.7706  -10.1072   -9.5652   -9.1251
          -8.7469   -8.2265   -7.9107   -7.7751   -7.6108   -7.5412   -6.9007   -6.4222   -6.1736   -5.5778
   -5.1879   -3.4096   -2.6137   -2.2898   -1.8583   -1.3748   -1.2201   -0.9473   -0.2788    0.4508
    0.8690    1.4602    1.9476    2.1774    2.2870    2.7234    2.9494    3.1737    3.2199    3.3075
    3.6215    4.8245    4.8977    5.2638    5.3796    6.1225    6.4511    6.7324    6.9702    7.6533
    7.8484    8.1912    8.6267    8.6961    9.5330    9.5478   10.0518   10.4869   11.2089   12.0970
   12.4039   12.5046   13.1740   13.2330   13.4555   14.0410   14.5117   14.5529   14.9408   15.6368
   15.7805   16.4244   16.4709   16.7041   16.8277   16.8999   17.2939   17.8798   18.0352   18.3036
   18.5670   19.5896   19.6400   20.9963   21.7158   23.4748   24.3978   27.4736   27.8957   28.0374
   29.2155   30.5382   31.5413   32.1700   32.6908   36.0515   36.4144   37.0938   38.5692   39.3507
   39.6893   40.2016   41.3913   43.8852   45.1719   45.2504   45.6448   46.3624   48.6673   51.0635
   54.6722   55.3200   57.2848   58.6060   59.3515   64.5647   64.7324
 238  1  -18.1490  -17.9891  -17.9364  -17.1175  -15.9028  -10.9641  -10.7494  -10.0645   -9.5394   -9.1169
          -8.7335   -8.2244   -7.8968   -7.7624   -7.5981   -7.5291   -6.8823   -6.4077   -6.1615   -5.5765
   -5.1801   -3.3706   -2.5881   -2.2699   -1.8339   -1.3445   -1.1943   -0.9165   -0.2685    0.4752
    0.8689    1.4653    1.9430    2.1619    2.2913    2.6823    2.9040    3.1454    3.1660    3.2919
    3.5889    4.7466    4.8546    5.1959    5.3271    6.0652    6.4394    6.6649    6.9569    7.6604
    7.8485    8.1512    8.6017    8.6766    9.5122    9.5228   10.0190   10.4659   11.1767   12.0331
   12.4020   12.5156   13.1617   13.1887   13.4170   14.0233   14.4723   14.5155   14.9306   15.6043
   15.7408   16.4117   16.4778   16.6859   16.8793   16.9238   17.3116   17.8344   18.0239   18.3201
   18.5447   19.5816   19.7006   20.9853   21.7678   23.4524   24.4132   27.4930   27.9238   28.0671
   29.2090   30.5161   31.4207   32.2426   32.6450   35.9541   36.3546   37.1528   38.6623   39.3345
   39.8071   40.2807   41.4806   44.0034   45.2068   45.2173   45.6972   46.4321   48.7574   51.1625
   54.6915   55.4401   57.3199   58.7797   59.4221   64.5036   64.7432
 239  1  -18.1645  -18.0040  -17.9506  -17.1323  -15.9117  -10.9506  -10.7291  -10.0216   -9.5129   -9.1070
          -8.7199   -8.2225   -7.8811   -7.7496   -7.5853   -7.5168   -6.8631   -6.3928   -6.1501   -5.5753
   -5.1722   -3.3307   -2.5623   -2.2502   -1.8096   -1.3142   -1.1684   -0.8856   -0.2583    0.4991
    0.8683    1.4695    1.9360    2.1453    2.2926    2.6360    2.8602    3.1160    3.1181    3.2794
    3.5580    4.6705    4.8112    5.1304    5.2788    6.0102    6.4277    6.5980    6.9430    7.6666
    7.8504    8.1109    8.5768    8.6579    9.4912    9.4949    9.9887   10.4428   11.1450   11.9666
   12.4011   12.5235   13.1397   13.1496   13.3828   14.0027   14.4319   14.4763   14.9062   15.5757
   15.7079   16.3956   16.4826   16.6672   16.8613   17.0168   17.3381   17.7942   18.0147   18.3336
   18.5279   19.5782   19.7705   20.9765   21.8191   23.4321   24.4321   27.5177   27.9483   28.0821
   29.2042   30.4920   31.3099   32.3146   32.6044   35.8579   36.2870   37.2083   38.7568   39.3116
   39.9239   40.3582   41.5661   44.1181   45.1573   45.2556   45.7478   46.5020   48.8416   51.2574
   54.7029   55.5522   57.3465   58.9406   59.4891   64.4415   64.7527
 240  1  -18.1800  -18.0190  -17.9649  -17.1471  -15.9207  -10.9382  -10.7100   -9.9785   -9.4856   -9.0953
          -8.7062   -8.2203   -7.8637   -7.7366   -7.5723   -7.5043   -6.8430   -6.3777   -6.1394   -5.5740
   -5.1643   -3.2900   -2.5363   -2.2307   -1.7855   -1.2839   -1.1424   -0.8548   -0.2483    0.5225
    0.8671    1.4727    1.9265    2.1274    2.2901    2.5860    2.8179    3.0769    3.0853    3.2695
    3.5287    4.5962    4.7669    5.0674    5.2357    5.9574    6.4161    6.5317    6.9284    7.6717
    7.8541    8.0706    8.5522    8.6396    9.4644    9.4698    9.9608   10.4175   11.1142   11.9002
   12.3990   12.5283   13.0872   13.1375   13.3522   13.9793   14.3913   14.4360   14.8675   15.5503
   15.6825   16.3732   16.4852   16.6525   16.8429   17.1051   17.3739   17.7610   18.0076   18.3454
   18.5159   19.5789   19.8484   20.9702   21.8694   23.4141   24.4543   27.5476   27.9678   28.0815
   29.2031   30.4660   31.2091   32.3858   32.5693   35.7639   36.2122   37.2604   38.8526   39.2829
   40.0392   40.4335   41.6476   44.2285   45.1021   45.2877   45.7966   46.5711   48.9199   51.3473
   54.7059   55.6555   57.3649   59.0883   59.5518   64.3786   64.7609
 241  1  -18.1954  -18.0339  -17.9792  -17.1618  -15.9297  -10.9271  -10.6920   -9.9353   -9.4574   -9.0818
          -8.6926   -8.2179   -7.8445   -7.7234   -7.5591   -7.4917   -6.8222   -6.3624   -6.1294   -5.5728
   -5.1564   -3.2484   -2.5101   -2.2116   -1.7616   -1.2536   -1.1163   -0.8241   -0.2386    0.5450
    0.8652    1.4746    1.9143    2.1083    2.2827    2.5340    2.7777    3.0430    3.0536    3.2614
    3.5009    4.5239    4.7214    5.0069    5.1984    5.9069    6.4045    6.4661    6.9129    7.6753
    7.8596    8.0308    8.5281    8.6212    9.4316    9.4480    9.9351   10.3898   11.0845   11.8354
   12.3946   12.5298   13.0324   13.1248   13.3244   13.9532   14.3513   14.3947   14.8164   15.5250
   15.6656   16.3422   16.4858   16.6449   16.8224   17.1871   17.4195   17.7358   18.0028   18.3573
   18.5082   19.5836   19.9329   20.9666   21.9181   23.3987   24.4798   27.5825   27.9773   28.0687
   29.2071   30.4382   31.1185   32.4558   32.5403   35.6728   36.1307   37.3091   38.9495   39.2491
   40.1526   40.5059   41.7250   44.3335   45.0415   45.3144   45.8439   46.6384   48.9924   51.4318
   54.6998   55.7492   57.3751   59.2221   59.6095   64.3152   64.7679
 242  1  -18.2109  -18.0487  -17.9934  -17.1766  -15.9387  -10.9172  -10.6751   -9.8920   -9.4281   -9.0666
          -8.6792   -8.2150   -7.8236   -7.7100   -7.5458   -7.4789   -6.8004   -6.3468   -6.1200   -5.5715
   -5.1484   -3.2059   -2.4838   -2.1928   -1.7379   -1.2233   -1.0901   -0.7936   -0.2292    0.5665
    0.8625    1.4752    1.8991    2.0878    2.2698    2.4810    2.7402    3.0166    3.0207    3.2545
    3.4748    4.4536    4.6743    4.9489    5.1674    5.8587    6.3927    6.4014    6.8965    7.6770
    7.8670    7.9915    8.5049    8.6024    9.3971    9.4259    9.9115   10.3598   11.0560   11.7733
   12.3871   12.5281   12.9765   13.1116   13.2989   13.9242   14.3123   14.3526   14.7560   15.4966
   15.6576   16.3019   16.4847   16.6444   16.8001   17.2619   17.4746   17.7191   18.0000   18.3706
   18.5046   19.5917   20.0231   20.9660   21.9649   23.3863   24.5083   27.6222   27.9631   28.0572
   29.2161   30.4089   31.0382   32.5176   32.5247   35.5852   36.0433   37.3543   39.0475   39.2109
   40.2637   40.5751   41.7984   44.4320   44.9757   45.3366   45.8898   46.7029   49.0594   51.5105
   54.6842   55.8325   57.3774   59.3419   59.6617   64.2514   64.7739
 243  1  -18.2262  -18.0636  -18.0077  -17.1913  -15.9477  -10.9085  -10.6595   -9.8489   -9.3979   -9.0497
          -8.6662   -8.2115   -7.8010   -7.6965   -7.5323   -7.4660   -6.7778   -6.3310   -6.1113   -5.5703
   -5.1404   -3.1627   -2.4575   -2.1745   -1.7145   -1.1931   -1.0639   -0.7637   -0.2200    0.5867
    0.8591    1.4741    1.8810    2.0661    2.2510    2.4283    2.7063    2.9868    2.9980    3.2478
    3.4506    4.3854    4.6257    4.8935    5.1430    5.8128    6.3375    6.3807    6.8791    7.6765
    7.8762    7.9529    8.4828    8.5828    9.3613    9.4034    9.8894   10.3275   11.0290   11.7145
   12.3763   12.5231   12.9205   13.0975   13.2750   13.8923   14.2748   14.3094   14.6896   15.4639
   15.6569   16.2529   16.4823   16.6478   16.7784   17.3297   17.5370   17.7110   17.9991   18.3871
   18.5048   19.6030   20.1179   20.9686   22.0095   23.3771   24.5396   27.6667   27.9149   28.0582
   29.2290   30.3786   30.9677   32.5015   32.5920   35.5017   35.9503   37.3963   39.1466   39.1687
   40.3724   40.6409   41.8678   44.5227   44.9050   45.3554   45.9347   46.7638   49.1208   51.5831
   54.6585   55.9048   57.3720   59.4472   59.7078   64.1875   64.7790
 244  1  -18.2415  -18.0784  -18.0218  -17.2060  -15.9567  -10.9011  -10.6451   -9.8058   -9.3664   -9.0311
          -8.6535   -8.2073   -7.7768   -7.6828   -7.5187   -7.4529   -6.7544   -6.3150   -6.1031   -5.5691
   -5.1325   -3.1188   -2.4312   -2.1567   -1.6914   -1.1629   -1.0376   -0.7343   -0.2113    0.6051
    0.8550    1.4711    1.8597    2.0432    2.2262    2.3767    2.6765    2.9519    2.9870    3.2403
    3.4289    4.3193    4.5759    4.8407    5.1249    5.7692    6.2746    6.3685    6.8608    7.6736
    7.8872    7.9153    8.4622    8.5620    9.3249    9.3805    9.8687   10.2931   11.0035   11.6594
   12.3620   12.5147   12.8651   13.0825   13.2523   13.8572   14.2394   14.2650   14.6206   15.4268
   15.6606   16.1967   16.4788   16.6484   16.7635   17.3922   17.6035   17.7109   17.9998   18.4084
   18.5089   19.6172   20.2164   20.9744   22.0516   23.3714   24.5738   27.7156   27.8417   28.0646
   29.2439   30.3478   30.9067   32.4924   32.6577   35.4226   35.8523   37.4349   39.1228   39.2464
   40.4783   40.7030   41.9330   44.6043   44.8295   45.3717   45.9787   46.8201   49.1767   51.6495
   54.6224   55.9656   57.3590   59.5380   59.7472   64.1239   64.7831
 245  1  -18.2567  -18.0931  -18.0360  -17.2206  -15.9657  -10.8949  -10.6320   -9.7631   -9.3338   -9.0109
          -8.6411   -8.2023   -7.7510   -7.6690   -7.5049   -7.4397   -6.7300   -6.2988   -6.0956   -5.5679
   -5.1245   -3.0741   -2.4051   -2.1395   -1.6688   -1.1329   -1.0112   -0.7058   -0.2029    0.6216
    0.8500    1.4661    1.8354    2.0189    2.1963    2.3271    2.6511    2.9161    2.9830    3.2312
    3.4102    4.2555    4.5252    4.7905    5.1129    5.7278    6.2128    6.3560    6.8416    7.6681
    7.8786    7.8997    8.4432    8.5399    9.2884    9.3571    9.8487   10.2566   10.9795   11.6085
   12.3442   12.5029   12.8113   13.0663   13.2305   13.8186   14.2063   14.2190   14.5518   15.3858
   15.6659   16.1348   16.4748   16.6380   16.7634   17.4510   17.6706   17.7182   18.0016   18.4361
   18.5168   19.6338   20.3181   20.9837   22.0909   23.3695   24.6105   27.7517   27.7689   28.0707
   29.2585   30.3173   30.8545   32.4904   32.7215   35.3482   35.7498   37.4703   39.0737   39.3470
   40.5813   40.7612   41.9941   44.6750   44.7495   45.3867   46.0220   46.8713   49.2274   51.7099
   54.5755   56.0144   57.3387   59.6141   59.7794   64.0607   64.7862
 246  1  -18.2718  -18.1077  -18.0500  -17.2352  -15.9747  -10.8899  -10.6201   -9.7206   -9.3000   -8.9891
          -8.6291   -8.1966   -7.7235   -7.6551   -7.4910   -7.4263   -6.7048   -6.2823   -6.0887   -5.5668
   -5.1166   -3.0287   -2.3791   -2.1230   -1.6465   -1.1030   -0.9847   -0.6783   -0.1950    0.6358
    0.8441    1.4586    1.8081    1.9935    2.1622    2.2802    2.6302    2.8795    2.9853    3.2196
    3.3953    4.1939    4.4744    4.7428    5.1064    5.6887    6.1522    6.3431    6.8215    7.6600
    7.8431    7.9137    8.4261    8.5162    9.2523    9.3333    9.8293   10.2183   10.9569   11.5618
   12.3228   12.4876   12.7595   13.0490   13.2094   13.7760   14.1711   14.1758   14.4859   15.3410
   15.6708   16.0685   16.4706   16.6159   16.7786   17.5073   17.7321   17.7355   18.0044   18.4714
   18.5285   19.6527   20.4222   20.9964   22.1273   23.3715   24.6498   27.6491   27.8264   28.0744
   29.2706   30.2878   30.8106   32.4958   32.7832   35.2787   35.6434   37.5026   39.0216   39.4481
   40.6812   40.8153   42.0510   44.6653   44.7332   45.4019   46.0648   46.9165   49.2729   51.7643
   54.5172   56.0507   57.3112   59.6755   59.8040   63.9983   64.7885
 247  1  -18.2869  -18.1223  -18.0640  -17.2497  -15.9837  -10.8861  -10.6095   -9.6787   -9.2651   -8.9659
          -8.6174   -8.1900   -7.6943   -7.6410   -7.4770   -7.4129   -6.6788   -6.2657   -6.0823   -5.5656
   -5.1087   -2.9827   -2.3536   -2.1071   -1.6246   -1.0733   -0.9582   -0.6520   -0.1876    0.6472
    0.8374    1.4485    1.7779    1.9668    2.1252    2.2367    2.6137    2.8421    2.9932    3.2052
    3.3843    4.1347    4.4241    4.6977    5.1047    5.6517    6.0928    6.3297    6.8007    7.6495
    7.8086    7.9289    8.4107    8.4909    9.2170    9.3091    9.8100   10.1785   10.9358   11.5198
   12.2980   12.4685   12.7104   13.0305   13.1888   13.7287   14.1214   14.1482   14.4245   15.2923
   15.6737   15.9993   16.4665   16.5880   16.8034   17.5615   17.7519   17.7966   18.0076   18.5154
   18.5440   19.6734   20.5285   21.0126   22.1607   23.3778   24.6914   27.5369   27.8880   28.0749
   29.2785   30.2594   30.7748   32.5086   32.8427   35.2140   35.5334   37.5316   38.9667   39.5495
   40.7779   40.8651   42.1037   44.5773   44.7772   45.4185   46.1072   46.9549   49.3133   51.8130
   54.4474   56.0745   57.2767   59.7223   59.8207   63.9370   64.7897
 248  1  -18.3018  -18.1367  -18.0778  -17.2641  -15.9927  -10.8834  -10.6001   -9.6374   -9.2289   -8.9413
          -8.6058   -8.1827   -7.6635   -7.6268   -7.4629   -7.3993   -6.6519   -6.2489   -6.0765   -5.5645
   -5.1008   -2.9361   -2.3286   -2.0920   -1.6031   -1.0438   -0.9316   -0.6273   -0.1807    0.6556
    0.8298    1.4356    1.7450    1.9390    2.0866    2.1976    2.6010    2.8041    3.0056    3.1881
    3.3772    4.0778    4.3750    4.6551    5.1074    5.6167    6.0347    6.3159    6.7793    7.6368
    7.7754    7.9451    8.3972    8.4637    9.1830    9.2844    9.7905   10.1372   10.9160   11.4824
   12.2699   12.4457   12.6646   13.0106   13.1683   13.6764   14.0705   14.1235   14.3689   15.2395
   15.6732   15.9286   16.4626   16.5589   16.8335   17.6135   17.7768   17.8534   18.0113   18.5631
   18.5684   19.6958   20.6365   21.0324   22.1910   23.3884   24.7353   27.4173   27.9534   28.0717
   29.2811   30.2317   30.7472   32.5289   32.8998   35.1542   35.4204   37.5575   38.9093   39.6512
   40.8713   40.9105   42.1519   44.4855   44.8056   45.4377   46.1494   46.9860   49.3488   51.8565
   54.3656   56.0854   57.2353   59.7545   59.8290   63.8770   64.7898
 249  1  -18.3166  -18.1511  -18.0916  -17.2783  -16.0016  -10.8818  -10.5918   -9.5967   -9.1917   -8.9156
          -8.5940   -8.1747   -7.6311   -7.6126   -7.4487   -7.3857   -6.6242   -6.2319   -6.0711   -5.5633
   -5.0930   -2.8889   -2.3042   -2.0777   -1.5821   -1.0145   -0.9050   -0.6044   -0.1743    0.6607
    0.8212    1.4196    1.7096    1.9100    2.0475    2.1633    2.5920    2.7654    3.0215    3.1691
    3.3736    4.0234    4.3278    4.6151    5.1137    5.5837    5.9781    6.3016    6.7574    7.6220
    7.7433    7.9618    8.3853    8.4346    9.1507    9.2593    9.7706   10.0950   10.8975   11.4498
   12.2388   12.4191   12.6223   12.9893   13.1477   13.6187   14.0195   14.1020   14.3189   15.1824
   15.6683   15.8582   16.4594   16.5307   16.8664   17.6626   17.8061   17.9064   18.0154   18.5857
   18.6301   19.7196   20.7458   21.0558   22.2184   23.4033   24.7814   27.2921   28.0225   28.0646
   29.2778   30.2038   30.7281   32.5567   32.9543   35.0993   35.3047   37.5802   38.8497   39.7528
   40.9512   40.9612   42.1956   44.3906   44.8178   45.4597   46.1913   47.0090   49.3796   51.8952
   54.2715   56.0833   57.1873   59.7723   59.8288   63.8186   64.7887
 250  1  -18.3312  -18.1653  -18.1053  -17.2925  -16.0104  -10.8813  -10.5848   -9.5570   -9.1534   -8.8887
          -8.5818   -8.1659   -7.5982   -7.5970   -7.4344   -7.3720   -6.5957   -6.2148   -6.0663   -5.5622
   -5.0852   -2.8412   -2.2807   -2.0642   -1.5614   -0.9854   -0.8783   -0.5835   -0.1686    0.6621
    0.8117    1.4005    1.6718    1.8800    2.0091    2.1345    2.5862    2.7263    3.0395    3.1496
    3.3728    3.9715    4.2829    4.5776    5.1230    5.5523    5.9232    6.2869    6.7352    7.6057
    7.7125    7.9789    8.3749    8.4037    9.1205    9.2337    9.7501   10.0519   10.8801   11.4221
   12.2048   12.3888   12.5836   12.9667   13.1266   13.5557   13.9698   14.0835   14.2739   15.1209
   15.6577   15.7901   16.4568   16.5048   16.9010   17.7081   17.8391   17.9570   18.0202   18.6117
   18.6998   19.7446   20.8563   21.0826   22.2431   23.4224   24.8295   27.1629   28.0534   28.0951
   29.2689   30.1745   30.7180   32.5916   33.0061   35.0491   35.1868   37.5996   38.7879   39.8541
   40.9870   41.0475   42.2344   44.2927   44.8142   45.4841   46.2329   47.0234   49.4062   51.9295
   54.1649   56.0684   57.1328   59.7759   59.8198   63.7621   64.7862
 251  1  -18.3457  -18.1794  -18.1188  -17.3066  -16.0193  -10.8817  -10.5788   -9.5184   -9.1142   -8.8609
          -8.5690   -8.1566   -7.5838   -7.5614   -7.4200   -7.3582   -6.5665   -6.1974   -6.0618   -5.5611
   -5.0776   -2.7931   -2.2582   -2.0516   -1.5410   -0.9566   -0.8516   -0.5650   -0.1635    0.6597
    0.8012    1.3784    1.6319    1.8490    1.9723    2.1115    2.5831    2.6867    3.0567    3.1327
    3.3743    3.9221    4.2410    4.5425    5.1348    5.5224    5.8702    6.2717    6.7130    7.5882
    7.6829    7.9960    8.3658    8.3707    9.0926    9.2077    9.7289   10.0083   10.8638   11.3992
   12.1681   12.3554   12.5482   12.9427   13.1044   13.4882   13.9223   14.0681   14.2327   15.0551
   15.6390   15.7275   16.4550   16.4815   16.9363   17.7492   17.8746   18.0068   18.0264   18.6407
   18.7763   19.7706   20.9676   21.1130   22.2652   23.4457   24.8796   27.0309   28.0383   28.1711
   29.2550   30.1426   30.7167   32.6337   33.0548   35.0034   35.0670   37.6158   38.7241   39.9550
   41.0178   41.1301   42.2680   44.1922   44.7958   45.5098   46.2742   47.0285   49.4287   51.9600
   54.0454   56.0408   57.0719   59.7657   59.8019   63.7078   64.7821
 252  1  -18.3601  -18.1934  -18.1322  -17.3205  -16.0280  -10.8830  -10.5738   -9.4809   -9.0742   -8.8323
          -8.5550   -8.1466   -7.5692   -7.5242   -7.4056   -7.3443   -6.5366   -6.1800   -6.0578   -5.5599
   -5.0700   -2.7445   -2.2371   -2.0398   -1.5209   -0.9281   -0.8249   -0.5492   -0.1590    0.6534
    0.7898    1.3534    1.5901    1.8170    1.9381    2.0942    2.5823    2.6469    3.0649    3.1266
    3.3779    3.8752    4.2024    4.5099    5.1485    5.4937    5.8193    6.2562    6.6909    7.5698
    7.6544    8.0127    8.3359    8.3578    9.0675    9.1813    9.7066    9.9644   10.8483   11.3813
   12.1290   12.3194   12.5156   12.9174   13.0803   13.4177   13.8777   14.0557   14.1936   14.9857
   15.6072   15.6762   16.4541   16.4613   16.9718   17.7854   17.9103   18.0363   18.0573   18.6724
   18.8583   19.7975   21.0795   21.1467   22.2853   23.4728   24.9316   26.8969   28.0191   28.2502
   29.2367   30.1074   30.7241   32.6825   33.1005   34.9459   34.9619   37.6285   38.6585   40.0551
   41.0432   41.2090   42.2960   44.0897   44.7643   45.5354   46.3150   47.0239   49.4478   51.9871
   53.9128   56.0006   57.0048   59.7418   59.7750   63.6559   64.7762
 253  1  -18.3743  -18.2072  -18.1455  -17.3343  -16.0367  -10.8851  -10.5699   -9.4449   -9.0336   -8.8031
          -8.5396   -8.1360   -7.5547   -7.4855   -7.3911   -7.3304   -6.5061   -6.1624   -6.0541   -5.5588
   -5.0625   -2.6956   -2.2175   -2.0289   -1.5010   -0.9000   -0.7983   -0.5364   -0.1553    0.6433
    0.7774    1.3257    1.5466    1.7841    1.9070    2.0825    2.5834    2.6068    3.0563    3.1394
    3.3832    3.8310    4.1675    4.4797    5.1635    5.4657    5.7708    6.2405    6.6693    7.5509
    7.6271    8.0283    8.2992    8.3508    9.0454    9.1545    9.6834    9.9206   10.8337   11.3682
   12.0877   12.2814   12.4852   12.8908   13.0530   13.3466   13.8364   14.0464   14.1550   14.9140
   15.5603   15.6388   16.4439   16.4541   17.0071   17.8168   17.9417   18.0540   18.1093   18.7066
   18.9446   19.8250   21.1836   21.1920   22.3038   23.5037   24.9853   26.7620   27.9961   28.3324
   29.2151   30.0687   30.7393   32.7377   33.1428   34.8237   34.9245   37.6378   38.5912   40.1543
   41.0629   41.2841   42.3180   43.9855   44.7213   45.5595   46.3550   47.0091   49.4639   52.0114
   53.7669   55.9482   56.9318   59.7046   59.7391   63.6067   64.7683
 254  1  -18.3883  -18.2208  -18.1586  -17.3479  -16.0454  -10.8880  -10.5669   -9.4104   -8.9926   -8.7735
          -8.5223   -8.1249   -7.5401   -7.4455   -7.3766   -7.3164   -6.4750   -6.1446   -6.0507   -5.5576
   -5.0551   -2.6465   -2.1997   -2.0187   -1.4812   -0.8723   -0.7718   -0.5267   -0.1522    0.6295
    0.7641    1.2957    1.5018    1.7504    1.8798    2.0757    2.5665    2.5859    3.0394    3.1632
    3.3901    3.7895    4.1365    4.4518    5.1792    5.4380    5.7253    6.2250    6.6482    7.5320
    7.6009    8.0425    8.2608    8.3450    9.0265    9.1274    9.6590    9.8769   10.8198   11.3598
   12.0445   12.2418   12.4565   12.8631   13.0203   13.2782   13.7981   14.0398   14.1149   14.8418
   15.5066   15.6074   16.4294   16.4552   17.0419   17.8438   17.9635   18.0848   18.1634   18.7430
   19.0342   19.8530   21.2237   21.3048   22.3210   23.5379   25.0408   26.6268   27.9694   28.4174
   29.1909   30.0269   30.7612   32.7989   33.1815   34.7010   34.8908   37.6435   38.5223   40.2521
   41.0767   41.3552   42.3331   43.8802   44.6685   45.5810   46.3937   46.9842   49.4775   52.0332
   53.6075   55.8840   56.8528   59.6544   59.6942   63.5604   64.7581
 255  1  -18.4021  -18.2343  -18.1716  -17.3614  -16.0539  -10.8917  -10.5647   -9.3778   -8.9515   -8.7433
          -8.5027   -8.1132   -7.5254   -7.4040   -7.3621   -7.3024   -6.4434   -6.1268   -6.0476   -5.5564
   -5.0478   -2.5972   -2.1841   -2.0093   -1.4614   -0.8453   -0.7453   -0.5205   -0.1500    0.6123
    0.7497    1.2635    1.4560    1.7160    1.8570    2.0732    2.5263    2.5893    3.0212    3.1911
    3.3987    3.7506    4.1096    4.4262    5.1950    5.4101    5.6832    6.2099    6.6280    7.5133
    7.5758    8.0543    8.2206    8.3405    9.0108    9.1000    9.6335    9.8337   10.8065   11.3562
   11.9996   12.2010   12.4291   12.8342   12.9793   13.2163   13.7624   14.0360   14.0714   14.7716
   15.4524   15.5761   16.4175   16.4572   17.0760   17.8671   17.9750   18.1293   18.2193   18.7811
   19.1264   19.8814   21.2668   21.4178   22.3375   23.5751   25.0979   26.4920   27.9394   28.5050
   29.1647   29.9826   30.7887   32.8655   33.2164   34.5782   34.8605   37.6455   38.4520   40.3483
   41.0842   41.4224   42.3407   43.7745   44.6075   45.5988   46.4301   46.9495   49.4894   52.0529
   53.4343   55.8084   56.7682   59.5916   59.6405   63.5171   64.7455
 256  1  -18.4158  -18.2476  -18.1844  -17.3746  -16.0624  -10.8959  -10.5634   -9.3470   -8.9107   -8.7126
          -8.4805   -8.1008   -7.5108   -7.3614   -7.3475   -7.2884   -6.4114   -6.1088   -6.0446   -5.5552
   -5.0407   -2.5478   -2.1709   -2.0006   -1.4415   -0.8191   -0.7190   -0.5179   -0.1485    0.5922
    0.7345    1.2294    1.4094    1.6809    1.8389    2.0739    2.4860    2.5933    3.0045    3.2211
    3.4090    3.7144    4.0867    4.4029    5.2104    5.3813    5.6450    6.1956    6.6089    7.4950
    7.5516    8.0631    8.1790    8.3378    8.9985    9.0723    9.6070    9.7912   10.7936   11.3571
   11.9532   12.1589   12.4027   12.8044   12.9277   13.1645   13.7290   14.0225   14.0348   14.7060
   15.3995   15.5431   16.4079   16.4603   17.1093   17.8874   17.9799   18.1836   18.2767   18.8208
   19.2204   19.9100   21.3127   21.5308   22.3539   23.6151   25.1565   26.3581   27.9064   28.5951
   29.1371   29.9365   30.8206   32.9371   33.2472   34.4557   34.8334   37.6435   38.3803   40.4426
   41.0848   41.4857   42.3397   43.6688   44.5400   45.6122   46.4622   46.9068   49.5000   52.0707
   53.2472   55.7222   56.6781   59.5166   59.5782   63.4771   64.7303
 257  1  -18.4292  -18.2607  -18.1970  -17.3878  -16.0707  -10.9008  -10.5628   -9.3185   -8.8705   -8.6813
          -8.4556   -8.0876   -7.4961   -7.3330   -7.3175   -7.2744   -6.3792   -6.0908   -6.0416   -5.5539
   -5.0337   -2.4986   -2.1603   -1.9925   -1.4213   -0.7939   -0.6928   -0.5189   -0.1479    0.5697
    0.7184    1.1937    1.3625    1.6452    1.8261    2.0767    2.4459    2.5976    2.9907    3.2522
    3.4211    3.6810    4.0678    4.3818    5.2248    5.3510    5.6113    6.1825    6.5911    7.4774
    7.5284    8.0680    8.1359    8.3374    8.9894    9.0445    9.5795    9.7496   10.7812   11.3625
   11.9055   12.1153   12.3773   12.7737   12.8657   13.1233   13.6971   13.9667   14.0361   14.6479
   15.3482   15.5082   16.4003   16.4645   17.1418   17.9054   17.9812   18.2448   18.3353   18.8617
   19.3158   19.9386   21.3613   21.6438   22.3705   23.6575   25.2167   26.2255   27.8708   28.6875
   29.1083   29.8895   30.8561   33.0131   33.2733   34.3343   34.8091   37.6373   38.3074   40.5345
   41.0783   41.5450   42.3291   43.5639   44.4675   45.6207   46.4859   46.8598   49.5102   52.0868
   53.0460   55.6258   56.5826   59.4298   59.5076   63.4405   64.7122
 258  1  -18.4425  -18.2736  -18.2094  -17.4007  -16.0790  -10.9062  -10.5629   -9.2922   -8.8314   -8.6489
          -8.4279   -8.0737   -7.4815   -7.3185   -7.2727   -7.2604   -6.3469   -6.0727   -6.0386   -5.5525
   -5.0268   -2.4497   -2.1523   -1.9852   -1.4008   -0.7700   -0.6667   -0.5235   -0.1480    0.5453
    0.7014    1.1566    1.3155    1.6091    1.8186    2.0803    2.4059    2.6023    2.9810    3.2840
    3.4351    3.6503    4.0528    4.3629    5.2376    5.3189    5.5823    6.1713    6.5748    7.4605
    7.5061    8.0684    8.0916    8.3400    8.9834    9.0166    9.5510    9.7091   10.7690   11.3721
   11.8569   12.0699   12.3529   12.7423   12.7962   13.0907   13.6654   13.9038   14.0397   14.5992
   15.2985   15.4716   16.3945   16.4696   17.1736   17.9217   17.9804   18.3113   18.3947   18.9035
   19.4121   19.9671   21.4122   21.7566   22.3879   23.7019   25.2783   26.0948   27.8329   28.7818
   29.0786   29.8423   30.8943   33.0929   33.2942   34.2148   34.7874   37.6267   38.2332   40.6236
   41.0641   41.6003   42.3075   43.4606   44.3921   45.6238   46.4927   46.8170   49.5202   52.1012
   52.8306   55.5201   56.4820   59.3315   59.4289   63.4072   64.6912
 259  1  -18.4555  -18.2863  -18.2216  -17.4134  -16.0872  -10.9120  -10.5637   -9.2683   -8.7940   -8.6150
          -8.3974   -8.0588   -7.4668   -7.3040   -7.2464   -7.2268   -6.3147   -6.0545   -6.0353   -5.5511
   -5.0202   -2.4015   -2.1468   -1.9787   -1.3798   -0.7479   -0.6409   -0.5314   -0.1490    0.5196
    0.6835    1.1182    1.2685    1.5725    1.8167    2.0833    2.3662    2.6076    2.9761    3.3162
    3.4510    3.6223    4.0414    4.3460    5.2483    5.2849    5.5581    6.1624    6.5601    7.4446
    7.4845    8.0461    8.0639    8.3456    8.9802    8.9887    9.5218    9.6699   10.7569   11.3858
   11.8076   12.0223   12.3294   12.7103   12.7228   13.0636   13.6318   13.8357   14.0455   14.5610
   15.2501   15.4336   16.3905   16.4758   17.2047   17.9367   17.9782   18.3822   18.4546   18.9461
   19.5091   19.9954   21.4654   21.8692   22.4065   23.7483   25.3413   25.9664   27.7933   28.8780
   29.0482   29.7955   30.9348   33.1759   33.3090   34.0982   34.7681   37.6114   38.1579   40.7094
   41.0418   41.6518   42.2737   43.3595   44.3154   45.6209   46.4699   46.7913   49.5307   52.1139
   52.6009   55.4058   56.3763   59.2222   59.3425   63.3775   64.6671
 260  1  -18.4683  -18.2988  -18.2337  -17.4259  -16.0952  -10.9182  -10.5650   -9.2468   -8.7586   -8.5792
          -8.3642   -8.0428   -7.4522   -7.2895   -7.2324   -7.1801   -6.2830   -6.0362   -6.0315   -5.5495
   -5.0137   -2.3546   -2.1434   -1.9732   -1.3582   -0.7280   -0.6158   -0.5417   -0.1508    0.4934
    0.6648    1.0788    1.2217    1.5356    1.8204    2.0843    2.3268    2.6143    2.9765    3.3485
    3.4690    3.5971    4.0336    4.3312    5.2490    5.2564    5.5386    6.1561    6.5473    7.4297
    7.4637    7.9997    8.0547    8.3542    8.9608    8.9794    9.4921    9.6322   10.7448   11.4031
   11.7581   11.9721   12.3068   12.6484   12.6778   13.0397   13.5917   13.7678   14.0533   14.5334
   15.2027   15.3947   16.3880   16.4829   17.2353   17.9507   17.9750   18.4570   18.5147   18.9892
   19.6065   20.0232   21.5206   21.9814   22.4268   23.7961   25.4056   25.8406   27.7524   28.9759
   29.0171   29.7497   30.9771   33.2615   33.3160   33.9863   34.7508   37.5910   38.0816   40.7911
   41.0108   41.6993   42.2264   43.2615   44.2396   45.6116   46.4104   46.7903   49.5420   52.1247
   52.3569   55.2839   56.2658   59.1024   59.2489   63.3514   64.6399
 261  1  -18.4808  -18.3111  -18.2455  -17.4382  -16.1031  -10.9248  -10.5668   -9.2279   -8.7257   -8.5411
          -8.3287   -8.0257   -7.4376   -7.2751   -7.2185   -7.1326   -6.2520   -6.0269   -6.0180   -5.5478
   -5.0073   -2.3103   -2.1408   -1.9688   -1.3360   -0.7112   -0.5942   -0.5509   -0.1534    0.4671
    0.6454    1.0386    1.1753    1.4985    1.8296    2.0818    2.2878    2.6234    2.9822    3.3807
    3.4890    3.5745    4.0289    4.3183    5.2117    5.2616    5.5232    6.1529    6.5366    7.4157
    7.4434    7.9525    8.0414    8.3655    8.9331    8.9807    9.4621    9.5962   10.7325   11.4235
   11.7088   11.9188   12.2852   12.5750   12.6449   13.0168   13.5381   13.7093   14.0631   14.5154
   15.1562   15.3551   16.3871   16.4911   17.2656   17.9639   17.9711   18.5353   18.5749   19.0326
   19.7041   20.0504   21.5775   22.0930   22.4490   23.8453   25.4712   25.7179   27.7105   28.9855
   29.0751   29.7056   31.0208   33.3130   33.3490   33.8817   34.7355   37.5651   38.0043   40.8682
   40.9707   41.7428   42.1650   43.1672   44.1665   45.5947   46.3213   46.8082   49.5543   52.0986
   52.1333   55.1553   56.1507   58.9725   59.1485   63.3288   64.6095
 262  1  -18.4932  -18.3231  -18.2571  -17.4503  -16.1110  -10.9317  -10.5691   -9.2113   -8.6953   -8.5008
          -8.2910   -8.0072   -7.4231   -7.2607   -7.2046   -7.0844   -6.2225   -6.0209   -5.9996   -5.5460
   -5.0012   -2.2713   -2.1367   -1.9655   -1.3131   -0.6987   -0.5883   -0.5456   -0.1569    0.4414
    0.6253    0.9976    1.1294    1.4611    1.8443    2.0748    2.2492    2.6361    2.9930    3.4127
    3.5109    3.5547    4.0272    4.3074    5.1734    5.2639    5.5116    6.1529    6.5284    7.4028
    7.4236    7.9047    8.0244    8.3789    8.9057    8.9836    9.4320    9.5621   10.7199   11.4458
   11.6610   11.8623   12.2642   12.5039   12.6119   12.9934   13.4672   13.6663   14.0747   14.5060
   15.1104   15.3153   16.3877   16.5002   17.2958   17.9667   17.9766   18.6169   18.6350   19.0762
   19.8017   20.0769   21.6361   22.2042   22.4735   23.8955   25.5380   25.5985   27.6682   28.9534
   29.1754   29.6634   31.0657   33.2965   33.4377   33.7880   34.7221   37.5332   37.9262   40.9213
   40.9395   41.7810   42.0900   43.0773   44.0979   45.5686   46.2131   46.8361   49.5678   51.8261
   52.1393   55.0211   56.0312   58.8331   59.0419   63.3098   64.5760
 263  1  -18.5053  -18.3349  -18.2685  -17.4621  -16.1186  -10.9388  -10.5718   -9.1972   -8.6673   -8.4582
          -8.2515   -7.9872   -7.4087   -7.2465   -7.1909   -7.0358   -6.1951   -6.0128   -5.9813   -5.5439
   -4.9953   -2.2429   -2.1261   -1.9634   -1.2894   -0.6925   -0.5983   -0.5235   -0.1612    0.4169
    0.6046    0.9562    1.0843    1.4237    1.8640    2.0629    2.2110    2.6533    3.0084    3.4444
    3.5347    3.5376    4.0282    4.2982    5.1344    5.2632    5.5031    6.1560    6.5228    7.3907
    7.4042    7.8563    8.0046    8.3937    8.8786    8.9877    9.4022    9.5299   10.7069   11.4666
   11.6181   11.8024   12.2434   12.4365   12.5788   12.9668   13.3851   13.6364   14.0879   14.5040
   15.0653   15.2755   16.3899   16.5102   17.3261   17.9619   17.9888   18.6947   18.7015   19.1199
   19.8994   20.1024   21.6959   22.3146   22.5006   23.9465   25.4831   25.6061   27.6258   28.9211
   29.2767   29.6234   31.1117   33.2621   33.5269   33.7099   34.7105   37.4948   37.8472   40.8622
   41.0038   41.8089   42.0070   42.9924   44.0350   45.5302   46.0950   46.8687   49.5825   51.5394
   52.1423   54.8823   55.9073   58.6847   58.9296   63.2942   64.5394
 264  1  -18.5171  -18.3465  -18.2797  -17.4738  -16.1262  -10.9462  -10.5749   -9.1852   -8.6416   -8.4137
          -8.2105   -7.9656   -7.3944   -7.2323   -7.1772   -6.9866   -6.1707   -6.0017   -5.9630   -5.5415
   -4.9895   -2.2301   -2.1045   -1.9619   -1.2650   -0.6955   -0.6088   -0.4969   -0.1662    0.3940
    0.5833    0.9143    1.0400    1.3863    1.8885    2.0461    2.1734    2.6755    3.0279    3.4758
    3.5231    3.5601    4.0318    4.2907    5.0953    5.2598    5.4975    6.1619    6.5203    7.3796
    7.3851    7.8077    7.9825    8.4096    8.8521    8.9926    9.3732    9.5000   10.6932   11.4754
   11.5904   11.7391   12.2218   12.3740   12.5458   12.9337   13.3016   13.6145   14.1027   14.5084
   15.0210   15.2362   16.3938   16.5211   17.3568   17.9570   18.0006   18.7541   18.7888   19.1635
   19.9968   20.1268   21.7569   22.4242   22.5306   23.9981   25.3720   25.6753   27.5837   28.8886
   29.3786   29.5860   31.1587   33.2070   33.6159   33.6502   34.7008   37.4492   37.7674   40.7934
   41.0593   41.7989   41.9449   42.9127   43.9787   45.4744   45.9757   46.9027   49.5984   51.2388
   52.1416   54.7403   55.7794   58.5280   58.8121   63.2821   64.4999
 265  1  -18.5287  -18.3578  -18.2906  -17.4851  -16.1336  -10.9537  -10.5783   -9.1753   -8.6180   -8.3676
          -8.1680   -7.9423   -7.3801   -7.2183   -7.1636   -6.9371   -6.1503   -5.9870   -5.9447   -5.5389
   -4.9841   -2.2314   -2.0753   -1.9596   -1.2400   -0.7093   -0.6147   -0.4689   -0.1721    0.3731
    0.5614    0.8720    0.9968    1.3490    1.9165    2.0256    2.1364    2.7027    3.0510    3.5069
    3.5113    3.5868    4.0378    4.2849    5.0561    5.2542    5.4942    6.1700    6.5213    7.3661
    7.3694    7.7589    7.9588    8.4260    8.8261    8.9979    9.3451    9.4724   10.6788   11.4560
   11.5942   11.6729   12.1976   12.3184   12.5132   12.8889   13.2258   13.5975   14.1190   14.5182
   14.9776   15.1976   16.3993   16.5329   17.3881   17.9521   18.0119   18.8130   18.8785   19.2071
   20.0942   20.1500   21.8188   22.5330   22.5636   24.0500   25.2656   25.7456   27.5424   28.8563
   29.4808   29.5511   31.2064   33.1329   33.6077   33.7036   34.6931   37.3957   37.6869   40.7152
   41.1035   41.7127   41.9452   42.8385   43.9292   45.3939   45.8649   46.9363   49.6153   50.9245
   52.1364   54.5962   55.6476   58.3635   58.6901   63.2734   64.4575
 266  1  -18.5400  -18.3689  -18.3013  -17.4962  -16.1408  -10.9613  -10.5820   -9.1673   -8.5964   -8.3203
          -8.1245   -7.9172   -7.3660   -7.2044   -7.1501   -6.8874   -6.1343   -5.9681   -5.9265   -5.5357
   -4.9788   -2.2413   -2.0479   -1.9523   -1.2146   -0.7317   -0.6174   -0.4402   -0.1787    0.3544
    0.5392    0.8296    0.9549    1.3118    1.9440    2.0061    2.1000    2.7345    3.0771    3.5019
    3.5378    3.6145    4.0460    4.2807    5.0174    5.2468    5.4930    6.1797    6.5263    7.3472
    7.3599    7.7102    7.9338    8.4428    8.8007    9.0029    9.3186    9.4473   10.6635   11.4161
   11.6042   11.6214   12.1675   12.2723   12.4812   12.8276   13.1653   13.5836   14.1366   14.5327
   14.9354   15.1602   16.4067   16.5455   17.4203   17.9474   18.0228   18.8713   18.9702   19.2508
   20.1719   20.1912   21.8813   22.5997   22.6408   24.1019   25.1646   25.8170   27.5022   28.8243
   29.5189   29.5831   31.2549   33.0447   33.5775   33.7891   34.6879   37.3334   37.6058   40.6278
   41.1311   41.5906   41.9735   42.7698   43.8864   45.2824   45.7710   46.9681   49.6332   50.5968
   52.1259   54.4515   55.5122   58.1919   58.5641   63.2680   64.4125
 267  1  -18.5510  -18.3797  -18.3118  -17.5071  -16.1479  -10.9691  -10.5859   -9.1610   -8.5766   -8.2720
          -8.0800   -7.8902   -7.3521   -7.1906   -7.1368   -6.8376   -6.1226   -5.9454   -5.9083   -5.5321
   -4.9738   -2.2566   -2.0325   -1.9337   -1.1889   -0.7591   -0.6193   -0.4110   -0.1859    0.3382
    0.5165    0.7870    0.9145    1.2749    1.9484    2.0104    2.0642    2.7706    3.1059    3.4951
    3.5686    3.6428    4.0562    4.2778    4.9792    5.2383    5.4936    6.1902    6.5356    7.3282
    7.3511    7.6616    7.9079    8.4596    8.7762    9.0074    9.2939    9.4249   10.6469   11.3691
   11.5336   11.6586   12.1293   12.2376   12.4501   12.7491   13.1223   13.5720   14.1554   14.5505
   14.8952   15.1245   16.4159   16.5590   17.4535   17.9429   18.0332   18.9289   19.0632   19.2951
   20.1923   20.2880   21.9442   22.6392   22.7474   24.1533   25.0698   25.8894   27.4634   28.7931
   29.4893   29.6851   31.3040   32.9481   33.5545   33.8712   34.6856   37.2613   37.5241   40.5317
   41.1304   41.4665   42.0094   42.7063   43.8495   45.1402   45.6952   46.9970   49.6518   50.2562
   52.1092   54.3078   55.3733   58.0142   58.4348   63.2657   64.3652
 268  1  -18.5617  -18.3902  -18.3220  -17.5177  -16.1549  -10.9768  -10.5900   -9.1562   -8.5586   -8.2229
          -8.0348   -7.8614   -7.3382   -7.1770   -7.1236   -6.7878   -6.1145   -5.9197   -5.8902   -5.5279
   -4.9690   -2.2756   -2.0312   -1.9034   -1.1633   -0.7892   -0.6220   -0.3815   -0.1939    0.3243
    0.4936    0.7444    0.8758    1.2382    1.9237    2.0291    2.0452    2.8103    3.1370    3.4907
    3.5993    3.6714    4.0684    4.2763    4.9417    5.2294    5.4959    6.2007    6.5495    7.3088
    7.3430    7.6135    7.8813    8.4763    8.7525    9.0109    9.2714    9.4055   10.6291   11.3197
   11.4618   11.7006   12.0849   12.2118   12.4204   12.6577   13.0939   13.5621   14.1753   14.5702
   14.8579   15.0914   16.4272   16.5733   17.4880   17.9390   18.0432   18.9859   19.1561   19.3409
   20.2113   20.3845   22.0073   22.6820   22.8529   24.2037   24.9820   25.9628   27.4265   28.7630
   29.4624   29.7864   31.3538   32.8470   33.5348   33.9485   34.6872   37.1785   37.4419   40.4277
   41.0761   41.3713   42.0489   42.6477   43.8176   44.9741   45.6328   47.0218   49.6709   49.9033
   52.0852   54.1665   55.2312   57.8311   58.3027   63.2664   64.3157
 269  1  -18.5722  -18.4005  -18.3319  -17.5280  -16.1617  -10.9846  -10.5943   -9.1528   -8.5421   -8.1734
          -7.9890   -7.8308   -7.3246   -7.1636   -7.1106   -6.7382   -6.1090   -5.8921   -5.8722   -5.5228
   -4.9644   -2.2975   -2.0390   -1.8674   -1.1381   -0.8202   -0.6259   -0.3519   -0.2025    0.3125
    0.4704    0.7020    0.8390    1.2019    1.8915    1.9948    2.0893    2.8530    3.1700    3.4887
    3.6297    3.7003    4.0824    4.2760    4.9051    5.2208    5.4995    6.2108    6.5682    7.2891
    7.3355    7.5660    7.8543    8.4927    8.7298    9.0130    9.2516    9.3891   10.6096   11.2696
   11.3897   11.7453   12.0375   12.1905   12.3928   12.5594   13.0753   13.5537   14.1963   14.5889
   14.8253   15.0621   16.4404   16.5883   17.5240   17.9358   18.0526   19.0420   19.2463   19.3908
   20.2290   20.4808   22.0704   22.7282   22.9570   24.2521   24.9025   26.0372   27.3918   28.7342
   29.4380   29.8866   31.4040   32.7441   33.5163   34.0192   34.6935   37.0838   37.3592   40.3165
   40.9555   41.3206   42.0912   42.5935   43.7897   44.7914   45.5783   47.0416   49.5386   49.6903
   52.0528   54.0292   55.0861   57.6437   58.1684   63.2701   64.2645
 270  1  -18.5824  -18.4105  -18.3416  -17.5381  -16.1683  -10.9924  -10.5987   -9.1505   -8.5273   -8.1235
          -7.9427   -7.7985   -7.3111   -7.1503   -7.0977   -6.6888   -6.1054   -5.8636   -5.8543   -5.5167
   -4.9601   -2.3218   -2.0521   -1.8303   -1.1140   -0.8507   -0.6309   -0.3222   -0.2116    0.3025
    0.4471    0.6603    0.8041    1.1661    1.8571    1.9611    2.1379    2.8983    3.2047    3.4889
    3.6597    3.7295    4.0980    4.2768    4.8696    5.2133    5.5044    6.2202    6.5914    7.2687
    7.3287    7.5193    7.8269    8.5089    8.7081    9.0135    9.2347    9.3760   10.5882   11.2194
   11.3182   11.7911   11.9897   12.1697   12.3681   12.4593   13.0633   13.5466   14.2182   14.6023
   14.8000   15.0390   16.4558   16.6041   17.5617   17.9335   18.0614   19.0973   19.3278   19.4503
   20.2453   20.5767   22.1333   22.7777   23.0597   24.2970   24.8335   26.1124   27.3596   28.7072
   29.4160   29.9852   31.4547   32.6412   33.4976   34.0816   34.7059   36.9758   37.2763   40.1991
   40.7953   41.2899   42.1360   42.5430   43.7643   44.5985   45.5275   47.0552   49.1630   49.7095
   52.0108   53.8974   54.9383   57.4529   58.0325   63.2765   64.2119
 271  1  -18.5922  -18.4201  -18.3510  -17.5479  -16.1748  -11.0001  -10.6032   -9.1492   -8.5139   -8.0734
          -7.8961   -7.7646   -7.2979   -7.1373   -7.0851   -6.6399   -6.1030   -5.8366   -5.8349   -5.5094
   -4.9561   -2.3481   -2.0690   -1.7945   -1.0916   -0.8797   -0.6365   -0.2926   -0.2213    0.2935
    0.4237    0.6197    0.7713    1.1308    1.8218    1.9283    2.1900    2.9456    3.2409    3.4912
    3.6890    3.7590    4.1152    4.2785    4.8353    5.2074    5.5104    6.2287    6.6187    7.2474
    7.3226    7.4738    7.7993    8.5248    8.6875    9.0123    9.2208    9.3662   10.5646   11.1693
   11.2480   11.8363   11.9423   12.1457   12.3479   12.3626   13.0555   13.5406   14.2408   14.6050
   14.7843   15.0256   16.4733   16.6206   17.6011   17.9325   18.0696   19.1517   19.3936   19.5260
   20.2607   20.6725   22.1959   22.8305   23.1609   24.3357   24.7781   26.1884   27.3302   28.6824
   29.3963   30.0817   31.5056   32.5396   33.4778   34.1340   34.7254   36.8536   37.1931   40.0763
   40.6189   41.2583   42.1828   42.4956   43.7399   44.4004   45.4780   47.0613   48.7773   49.7284
   51.9585   53.7723   54.7881   57.2600   57.8956   63.2855   64.1583
 272  1  -18.6018  -18.4295  -18.3601  -17.5573  -16.1810  -11.0078  -10.6078   -9.1488   -8.5020   -8.0234
          -7.8493   -7.7292   -7.2848   -7.1245   -7.0726   -6.5915   -6.1015   -5.8190   -5.8069   -5.5005
   -4.9524   -2.3761   -2.0888   -1.7616   -1.0719   -0.9056   -0.6417   -0.2631   -0.2314    0.2846
    0.4003    0.5811    0.7406    1.0960    1.7863    1.8962    2.2449    2.9945    3.2784    3.4956
    3.7174    3.7890    4.1338    4.2809    4.8024    5.2036    5.5174    6.2365    6.6495    7.2250
    7.3172    7.4298    7.7715    8.5405    8.6681    9.0095    9.2100    9.3599   10.5384   11.1198
   11.1803   11.8785   11.8959   12.1114   12.2771   12.3343   13.0505   13.5357   14.2642   14.5946
   14.7760   15.0270   16.4929   16.6378   17.6422   17.9329   18.0771   19.2052   19.4453   19.6160
   20.2756   20.7680   22.2580   22.8865   23.2603   24.3640   24.7409   26.2652   27.3039   28.6599
   29.3788   30.1755   31.5566   32.4403   33.4565   34.1750   34.7528   36.7160   37.1098   39.9491
   40.4364   41.2177   42.2311   42.4506   43.7136   44.2024   45.4285   47.0587   48.3827   49.7467
   51.8952   53.6549   54.6358   57.0663   57.7583   63.2969   64.1040
 273  1  -18.6111  -18.4386  -18.3690  -17.5665  -16.1871  -11.0153  -10.6124   -9.1491   -8.4914   -7.9734
          -7.8024   -7.6926   -7.2720   -7.1119   -7.0604   -6.5441   -6.1004   -5.8015   -5.7800   -5.4898
   -4.9489   -2.4058   -2.1110   -1.7328   -1.0559   -0.9273   -0.6456   -0.2419   -0.2340    0.2745
    0.3769    0.5454    0.7119    1.0618    1.7513    1.8650    2.3024    3.0447    3.3170    3.5020
    3.7444    3.8199    4.1536    4.2839    4.7710    5.2026    5.5252    6.2437    6.6831    7.2011
    7.3129    7.3876    7.7435    8.5560    8.6499    9.0054    9.2022    9.3571   10.5091   11.0709
   11.1159   11.8507   11.9146   12.0567   12.2137   12.3305   13.0475   13.5319   14.2881   14.5745
   14.7681   15.0477   16.5148   16.6556   17.6850   17.9353   18.0838   19.2576   19.4890   19.7130
   20.2909   20.8633   22.3195   22.9454   23.3580   24.3773   24.7273   26.3426   27.2810   28.6402
   29.3635   30.2657   31.6075   32.3443   33.4335   34.2045   34.7875   36.5621   37.0265   39.8182
   40.2531   41.1646   42.2804   42.4072   43.6788   44.0136   45.3782   47.0461   47.9804   49.7638
   51.8208   53.5455   54.4817   56.8732   57.6209   63.3105   64.0497
 274  1  -18.6200  -18.4474  -18.3775  -17.5754  -16.1931  -11.0228  -10.6171   -9.1500   -8.4820   -7.9236
          -7.7556   -7.6547   -7.2594   -7.0996   -7.0484   -6.4977   -6.0994   -5.7843   -5.7550   -5.4768
   -4.9457   -2.4368   -2.1354   -1.7096   -1.0445   -0.9435   -0.6467   -0.2528   -0.2052    0.2617
    0.3537    0.5141    0.6854    1.0284    1.7170    1.8346    2.3622    3.0958    3.3565    3.5102
    3.7701    3.8517    4.1743    4.2872    4.7412    5.2047    5.5337    6.2506    6.7185    7.1755
    7.3099    7.3476    7.7153    8.5715    8.6329    9.0003    9.1973    9.3576   10.4763   11.0227
   11.0558   11.8065   11.9409   11.9814   12.1735   12.3398   13.0458   13.5292   14.3125   14.5494
   14.7559   15.0882   16.5388   16.6741   17.7292   17.9402   18.0896   19.3090   19.5287   19.8116
   20.3083   20.9585   22.3805   23.0071   23.4537   24.3749   24.7387   26.4206   27.2618   28.6236
   29.3501   30.3516   31.6580   32.2525   33.4087   34.2232   34.8282   36.3916   36.9432   39.6845
   40.0722   41.0973   42.3302   42.3646   43.6151   43.8562   45.3264   47.0221   47.5718   49.7795
   51.7355   53.4440   54.3262   56.6823   57.4842   63.3262   63.9957
 275  1  -18.6287  -18.4559  -18.3858  -17.5840  -16.1988  -11.0301  -10.6217   -9.1514   -8.4737   -7.8741
          -7.7090   -7.6159   -7.2471   -7.0875   -7.0367   -6.4527   -6.0983   -5.7673   -5.7321   -5.4615
   -4.9427   -2.4690   -2.1616   -1.6929   -1.0375   -0.9544   -0.6439   -0.2639   -0.1770    0.2447
    0.3308    0.4883    0.6608    0.9957    1.6839    1.8051    2.4240    3.1476    3.3968    3.5201
    3.7946    3.8844    4.1958    4.2906    4.7134    5.2102    5.5429    6.2575    6.7547    7.1479
    7.3085    7.3101    7.6870    8.5872    8.6172    8.9945    9.1952    9.3613   10.4398   10.9754
   11.0008   11.7630   11.8979   11.9551   12.1451   12.3648   13.0447   13.5277   14.3373   14.5224
   14.7396   15.1459   16.5651   16.6932   17.7739   17.9486   18.0946   19.3594   19.5660   19.9075
   20.3306   21.0537   22.4410   23.0714   23.5473   24.3619   24.7706   26.4990   27.2465   28.6105
   29.3387   30.4318   31.7079   32.1660   33.3821   34.2324   34.8726   36.2044   36.8602   39.5488
   39.8958   41.0147   42.3219   42.3798   43.4909   43.7638   45.2729   46.9853   47.1587   49.7933
   51.6404   53.3495   54.1696   56.4953   57.3485   63.3438   63.9425
 276  1  -18.6370  -18.4641  -18.3938  -17.5923  -16.2043  -11.0373  -10.6264   -9.1532   -8.4664   -7.8251
          -7.6626   -7.5764   -7.2351   -7.0758   -7.0253   -6.4095   -6.0965   -5.7506   -5.7117   -5.4435
   -4.9400   -2.5022   -2.1895   -1.6836   -1.0337   -0.9608   -0.6363   -0.2753   -0.1494    0.2225
    0.3081    0.4688    0.6383    0.9637    1.6523    1.7765    2.4876    3.1998    3.4378    3.5316
    3.8181    3.9178    4.2180    4.2938    4.6876    5.2193    5.5526    6.2646    6.7907    7.1181
    7.2754    7.3092    7.6586    8.6027    8.6030    8.9883    9.1960    9.3681   10.3994   10.9290
   10.9516   11.7187   11.8161   11.9571   12.1206   12.4051   13.0440   13.5276   14.3624   14.4954
   14.7211   15.2174   16.5937   16.7128   17.8179   17.9619   18.0985   19.4086   19.6019   19.9949
   20.3628   21.1488   22.5013   23.1380   23.6387   24.3450   24.8171   26.5778   27.2353   28.6011
   29.3291   30.5051   31.7567   32.0862   33.3538   34.2335   34.9179   36.0016   36.7776   39.4117
   39.7252   40.9160   42.2780   42.4289   43.3261   43.7185   45.2175   46.7429   46.9343   49.8044
   51.5367   53.2607   54.0125   56.3141   57.2143   63.3630   63.8908
 277  1  -18.6449  -18.4719  -18.4015  -17.6003  -16.2097  -11.0443  -10.6309   -9.1553   -8.4601   -7.7766
          -7.6166   -7.5362   -7.2234   -7.0644   -7.0141   -6.3687   -6.0935   -5.7341   -5.6939   -5.4230
   -4.9376   -2.5362   -2.2187   -1.6822   -1.0322   -0.9633   -0.6237   -0.2868   -0.1225    0.1951
    0.2857    0.4554    0.6177    0.9327    1.6223    1.7488    2.5529    3.2521    3.4793    3.5445
    3.8408    3.9519    4.2406    4.2966    4.6642    5.2322    5.5628    6.2720    6.8253    7.0862
    7.2434    7.3125    7.6303    8.5896    8.6191    8.9817    9.1999    9.3778   10.3553   10.8837
   10.9087   11.6692   11.7444   11.9495   12.0966   12.4582   13.0432   13.5289   14.3875   14.4694
   14.7024   15.3004   16.6245   16.7329   17.8592   17.9823   18.1014   19.4566   19.6367   20.0669
   20.4118   21.2440   22.5615   23.2067   23.7277   24.3295   24.8736   26.6567   27.2282   28.5959
   29.3213   30.5698   31.8038   32.0145   33.3239   34.2278   34.9609   35.7853   36.6955   39.2738
   39.5608   40.8011   42.2318   42.4768   43.1537   43.6886   45.1601   46.3270   46.8677   49.8122
   51.4262   53.1760   53.8551   56.1405   57.0821   63.3837   63.8409
 278  1  -18.6526  -18.4794  -18.4089  -17.6079  -16.2148  -11.0511  -10.6354   -9.1577   -8.4545   -7.7287
          -7.5710   -7.4957   -7.2120   -7.0532   -7.0033   -6.3312   -6.0888   -5.7180   -5.6786   -5.4000
   -4.9355   -2.5708   -2.2491   -1.6884   -1.0343   -0.9602   -0.6062   -0.2984   -0.0966    0.1633
    0.2638    0.4472    0.5990    0.9025    1.5941    1.7220    2.6197    3.3043    3.5212    3.5587
    3.8633    3.9864    4.2635    4.2984    4.6435    5.2488    5.5733    6.2798    6.8573    7.0527
    7.2140    7.3187    7.6025    8.5777    8.6354    8.9746    9.2070    9.3905   10.3081   10.8395
   10.8722   11.6089   11.6906   11.9352   12.0716   12.5212   13.0420   13.5318   14.4128   14.4450
   14.6849   15.3933   16.6576   16.7535   17.8953   18.0122   18.1033   19.5033   19.6709   20.1181
   20.4830   21.3393   22.6222   23.2772   23.8143   24.3186   24.9378   26.7355   27.2255   28.5953
   29.3153   30.6239   31.8487   31.9527   33.2926   34.2156   34.9967   35.5606   36.6140   39.1359
   39.4026   40.6704   42.1818   42.5231   42.9863   43.6628   45.1005   45.9137   46.7843   49.8155
   51.3109   53.0934   53.6980   55.9764   56.9522   63.4057   63.7936
 279  1  -18.6599  -18.4866  -18.4160  -17.6152  -16.2197  -11.0577  -10.6398   -9.1603   -8.4497   -7.6816
          -7.5261   -7.4549   -7.2009   -7.0424   -6.9928   -6.2978   -6.0812   -5.7022   -5.6655   -5.3750
   -4.9336   -2.6058   -2.2804   -1.7015   -1.0422   -0.9493   -0.5846   -0.3100   -0.0716    0.1284
    0.2423    0.4427    0.5822    0.8733    1.5679    1.6963    2.6878    3.3563    3.5634    3.5740
    3.8858    4.0212    4.2867    4.2991    4.6256    5.2691    5.5840    6.2883    6.8856    7.0179
    7.1867    7.3277    7.5761    8.5670    8.6519    8.9670    9.2177    9.4061   10.2585   10.7966
   10.8419   11.5423   11.6517   11.9165   12.0448   12.5913   13.0401   13.5364   14.4225   14.4380
   14.6695   15.4949   16.6930   16.7744   17.9262   18.0517   18.1040   19.5488   19.7047   20.1503
   20.5749   21.4348   22.6838   23.3491   23.8982   24.3140   25.0088   26.8141   27.2271   28.5998
   29.3111   30.6652   31.8905   31.9028   33.2600   34.1962   35.0111   35.3438   36.5334   38.9983
   39.2499   40.5250   42.1258   42.5670   42.8283   43.6372   45.0388   45.5064   46.6831   49.8131
   51.1930   53.0111   53.5417   55.8237   56.8251   63.4287   63.7493
 280  1  -18.6668  -18.4934  -18.4228  -17.6222  -16.2245  -11.0641  -10.6442   -9.1630   -8.4456   -7.6353
          -7.4819   -7.4142   -7.1902   -7.0320   -6.9826   -6.2698   -6.0699   -5.6867   -5.6543   -5.3483
   -4.9320   -2.6411   -2.3124   -1.7204   -1.0557   -0.9307   -0.5596   -0.3216   -0.0478    0.0916
    0.2214    0.4406    0.5672    0.8451    1.5437    1.6715    2.7572    3.4079    3.5903    3.6056
    3.9085    4.0562    4.2983    4.3101    4.6109    5.2927    5.5950    6.2974    6.9092    6.9825
    7.1611    7.3380    7.5530    8.5576    8.6684    8.9588    9.2321    9.4246   10.2078   10.7550
   10.8175   11.4768   11.6215   11.8953   12.0157   12.6666   13.0374   13.5429   14.4021   14.4630
   14.6569   15.6043   16.7308   16.7956   17.9542   18.0984   18.1036   19.5929   19.7385   20.1693
   20.6821   21.5304   22.7470   23.4224   23.9793   24.3167   25.0862   26.8923   27.2328   28.6100
   29.3089   30.6917   31.8667   31.9282   33.2263   34.1665   34.9421   35.2011   36.4537   38.8615
   39.1014   40.3672   42.0614   42.6046   42.6847   43.6101   44.9749   45.1095   46.5633   49.8030
   51.0749   52.9275   53.3866   55.6841   56.7012   63.4525   63.7086
 281  1  -18.6735  -18.4999  -18.4293  -17.6289  -16.2290  -11.0702  -10.6484   -9.1658   -8.4420   -7.5900
          -7.4384   -7.3736   -7.1799   -7.0219   -6.9728   -6.2480   -6.0541   -5.6716   -5.6446   -5.3204
   -4.9306   -2.6765   -2.3448   -1.7440   -1.0735   -0.9063   -0.5322   -0.3331   -0.0252    0.0540
    0.2010    0.4399    0.5540    0.8179    1.5218    1.6477    2.8278    3.4590    3.6074    3.6478
    3.9318    4.0913    4.2958    4.3336    4.5995    5.3194    5.6060    6.3072    6.9276    6.9469
    7.1369    7.3463    7.5369    8.5492    8.6845    8.9498    9.2503    9.4463   10.1571   10.7147
   10.7987   11.4162   11.5972   11.8726   11.9841   12.7459   13.0340   13.5513   14.3840   14.4878
   14.6476   15.7206   16.7709   16.8171   17.9826   18.1020   18.1492   19.6356   19.7724   20.1806
   20.7993   21.6263   22.8125   23.4968   24.0575   24.3273   25.1705   26.9697   27.2423   28.6265
   29.3090   30.7023   31.8453   31.9605   33.1918   34.1184   34.7558   35.1762   36.3750   38.7261
   38.9558   40.1998   41.9851   42.5358   42.6552   43.5803   44.7280   44.9090   46.4243   49.7827
   50.9594   52.8414   53.2334   55.5590   56.5807   63.4769   63.6719
 282  1  -18.6797  -18.5061  -18.4355  -17.6352  -16.2333  -11.0761  -10.6524   -9.1687   -8.4389   -7.5458
          -7.3959   -7.3333   -7.1699   -7.0123   -6.9633   -6.2325   -6.0339   -5.6570   -5.6360   -5.2917
   -4.9295   -2.7118   -2.3774   -1.7709   -1.0939   -0.8779   -0.5031   -0.3444   -0.0044    0.0165
    0.1814    0.4398    0.5426    0.7917    1.5020    1.6249    2.8994    3.5094    3.6252    3.6898
    3.9558    4.1266    4.2914    4.3572    4.5915    5.3487    5.6171    6.3179    6.9114    6.9408
    7.1138    7.3466    7.5334    8.5420    8.6999    8.9401    9.2720    9.4711   10.1078   10.6759
   10.7851   11.3619   11.5785   11.8493   11.9497   12.8280   13.0298   13.5618   14.3683   14.5123
   14.6420   15.8427   16.8133   16.8388   18.0132   18.0992   18.2018   19.6769   19.8069   20.1878
   20.9236   21.7225   22.8809   23.5720   24.1327   24.3464   25.2621   27.0460   27.2553   28.6502
   29.3118   30.6965   31.8387   31.9859   33.1568   34.0327   34.5587   35.1836   36.2975   38.5925
   38.8116   40.0263   41.8924   42.4103   42.6889   43.5469   44.3684   44.8410   46.2663   49.7487
   50.8496   52.7518   53.0825   55.4495   56.4641   63.5017   63.6399
 283  1  -18.6856  -18.5119  -18.4414  -17.6412  -16.2374  -11.0818  -10.6563   -9.1716   -8.4363   -7.5027
          -7.3544   -7.2936   -7.1604   -7.0030   -6.9542   -6.2225   -6.0100   -5.6428   -5.6282   -5.2626
   -4.9285   -2.7469   -2.4101   -1.8001   -1.1160   -0.8468   -0.4730   -0.3555   -0.0216    0.0161
    0.1624    0.4398    0.5329    0.7667    1.4845    1.6032    2.9720    3.5591    3.6435    3.7315
    3.9804    4.1620    4.2853    4.3809    4.5866    5.3801    5.6281    6.3294    6.8766    6.9492
    7.0917    7.3343    7.5463    8.5358    8.7141    8.9298    9.2968    9.4991   10.0616   10.6386
   10.7763   11.3149   11.5653   11.8257   11.9128   12.9122   13.0252   13.5743   14.3552   14.5363
   14.6400   15.9693   16.8580   16.8605   18.0474   18.0952   18.2554   19.7166   19.8421   20.1932
   21.0531   21.8189   22.9530   23.6476   24.2048   24.3744   25.3617   27.1210   27.2708   28.6816
   29.3182   30.6755   31.8457   32.0024   33.1214   33.8822   34.4116   35.1918   36.2213   38.4611
   38.6672   39.8507   41.7778   42.2916   42.7205   43.5094   44.0382   44.7707   46.0900   49.6969
   50.7491   52.6582   52.9346   55.3562   56.3516   63.5268   63.6129
 284  1  -18.6912  -18.5174  -18.4470  -17.6469  -16.2412  -11.0872  -10.6601   -9.1744   -8.4341   -7.4610
          -7.3139   -7.2547   -7.1512   -6.9941   -6.9456   -6.2169   -5.9840   -5.6290   -5.6208   -5.2335
   -4.9278   -2.7814   -2.4425   -1.8309   -1.1392   -0.8143   -0.4425   -0.3663   -0.0577    0.0341
    0.1442    0.4393    0.5250    0.7428    1.4691    1.5825    3.0454    3.6080    3.6621    3.7727
    4.0058    4.1977    4.2776    4.4047    4.5847    5.4131    5.6389    6.3419    6.8426    6.9534
    7.0704    7.3105    7.5738    8.5305    8.7267    8.9191    9.3239    9.5302   10.0200   10.6028
   10.7720   11.2755   11.5580   11.8024   11.8732   12.9977   13.0207   13.5890   14.3447   14.5599
   14.6417   16.0990   16.8821   16.9052   18.0853   18.0901   18.3097   19.7547   19.8781   20.1986
   21.1869   21.9155   23.0293   23.7234   24.2736   24.4119   25.4702   27.1943   27.2881   28.7210
   29.3297   30.6414   31.8640   32.0078   33.0861   33.6671   34.3232   35.1939   36.1464   38.3322
   38.5216   39.6767   41.6359   42.1800   42.7473   43.4673   43.7450   44.6978   45.8968   49.6232
   50.6614   52.5609   52.7903   55.2793   56.2435   63.5518   63.5913
 285  1  -18.6964  -18.5225  -18.4522  -17.6522  -16.2449  -11.0923  -10.6637   -9.1772   -8.4322   -7.4207
          -7.2747   -7.2166   -7.1425   -6.9857   -6.9373   -6.2144   -5.9572   -5.6158   -5.6137   -5.2046
   -4.9273   -2.8153   -2.4745   -1.8623   -1.1628   -0.7810   -0.4123   -0.3768   -0.0921    0.0507
    0.1267    0.4382    0.5187    0.7201    1.4559    1.5630    3.1194    3.6559    3.6808    3.8132
    4.0319    4.2338    4.2685    4.4284    4.5853    5.4470    5.6496    6.3553    6.8096    6.9542
    7.0499    7.2789    7.6112    8.5261    8.7373    8.9082    9.3519    9.5641    9.9851   10.5688
   10.7722   11.2442   11.5568   11.7796   11.8313   13.0170   13.0837   13.6056   14.3371   14.5828
   14.6470   16.2297   16.9036   16.9548   18.0840   18.1262   18.3659   19.7912   19.9146   20.2055
   21.3242   22.0121   23.1102   23.7988   24.3389   24.4597   25.5888   27.2654   27.3060   28.7681
   29.3488   30.5968   31.8909   31.9990   33.0510   33.4174   34.2688   35.1874   36.0728   38.2065
   38.3746   39.5076   41.4629   42.0744   42.7680   43.4207   43.4948   44.6212   45.6894   49.5238
   50.5887   52.4602   52.6500   55.2184   56.1400   63.5756   63.5766
 286  1  -18.7012  -18.5272  -18.4571  -17.6572  -16.2483  -11.0971  -10.6671   -9.1799   -8.4305   -7.3819
          -7.2368   -7.1797   -7.1342   -6.9776   -6.9294   -6.2142   -5.9306   -5.6065   -5.6032   -5.1761
   -4.9270   -2.8483   -2.5058   -1.8939   -1.1865   -0.7478   -0.3869   -0.3834   -0.1240    0.0655
    0.1101    0.4361    0.5142    0.6987    1.4446    1.5445    3.1936    3.6995    3.7028    3.8530
    4.0584    4.2586    4.2705    4.4521    4.5879    5.4812    5.6600    6.3697    6.7779    6.9522
    7.0301    7.2421    7.6547    8.5225    8.7456    8.8976    9.3788    9.6004    9.9588   10.5364
   10.7765   11.2210   11.5619   11.7574   11.7874   13.0150   13.1698   13.6244   14.3324   14.6052
   14.6554   16.3590   16.9248   17.0072   18.0768   18.1677   18.4268   19.8260   19.9510   20.2151
   21.4647   22.1086   23.1959   23.8730   24.4009   24.5185   25.7187   27.3230   27.3340   28.8210
   29.3793   30.5443   31.9237   31.9727   33.0166   33.1567   34.2292   35.1707   36.0006   38.0843
   38.2267   39.3457   41.2586   41.9737   42.7806   43.2900   43.3701   44.5387   45.4723   49.3970
   50.5317   52.3572   52.5145   55.1727   56.0416   63.5658   63.6010
 287  1  -18.7056  -18.5316  -18.4617  -17.6618  -16.2515  -11.1016  -10.6704   -9.1825   -8.4292   -7.3449
          -7.2002   -7.1440   -7.1264   -6.9701   -6.9220   -6.2155   -5.9051   -5.5992   -5.5911   -5.1484
   -4.9268   -2.8803   -2.5362   -1.9251   -1.2099   -0.7151   -0.3966   -0.3570   -0.1520    0.0787
    0.0944    0.4327    0.5113    0.6784    1.4353    1.5271    3.2676    3.7180    3.7485    3.8919
    4.0855    4.2480    4.3080    4.4755    4.5922    5.5149    5.6701    6.3849    6.7476    6.9479
    7.0111    7.2020    7.7021    8.5196    8.7514    8.8880    9.4018    9.6389    9.9434   10.5058
   10.7848   11.2059   11.5728   11.7361   11.7420   13.0159   13.2550   13.6451   14.3309   14.6268
   14.6667   16.4839   16.9455   17.0630   18.0686   18.2060   18.4970   19.8589   19.9861   20.2293
   21.6078   22.2048   23.2861   23.9452   24.4592   24.5894   25.8616   27.3378   27.3996   28.8760
   29.4267   30.4861   31.9248   31.9601   32.8990   32.9830   34.1958   35.1428   35.9297   37.9661
   38.0796   39.1927   41.0281   41.8766   42.7828   43.1280   43.3169   44.4457   45.2527   49.2426
   50.4889   52.2532   52.3844   55.1411   55.9483   63.5621   63.6248
 288  1  -18.7097  -18.5356  -18.4660  -17.6661  -16.2545  -11.1058  -10.6734   -9.1851   -8.4280   -7.3097
          -7.1653   -7.1191   -7.1098   -6.9630   -6.9151   -6.2179   -5.8813   -5.5915   -5.5797   -5.1216
   -4.9268   -2.9111   -2.5656   -1.9555   -1.2327   -0.6834   -0.4059   -0.3358   -0.1736    0.0796
    0.0903    0.4282    0.5101    0.6595    1.4277    1.5109    3.3409    3.7361    3.7929    3.9296
    4.1129    4.2372    4.3463    4.4986    4.5978    5.5475    5.6798    6.4011    6.7188    6.9418
    6.9929    7.1594    7.7517    8.5174    8.7540    8.8802    9.4184    9.6799    9.9399   10.4770
   10.7971   11.1988   11.5884   11.6964   11.7158   13.0210   13.3388   13.6677   14.3327   14.6477
   14.6803   16.6011   16.9656   17.1231   18.0597   18.2368   18.5816   19.8900   20.0181   20.2498
   21.7531   22.3002   23.3806   24.0147   24.5138   24.6728   26.0195   27.3492   27.4617   28.9277
   29.4973   30.4242   31.8509   31.9982   32.6540   32.9507   34.1648   35.1026   35.8601   37.8526
   37.9357   39.0492   40.7799   41.7821   42.7713   43.0024   43.2635   44.3339   45.0422   49.0617
   50.4578   52.1497   52.2601   55.1222   55.8604   63.5644   63.6478
 289  1  -18.7135  -18.5393  -18.4700  -17.6700  -16.2572  -11.1097  -10.6763   -9.1874   -8.4270   -7.2764
          -7.1320   -7.1123   -7.0772   -6.9564   -6.9086   -6.2210   -5.8594   -5.5833   -5.5689   -5.0959
   -4.9270   -2.9405   -2.5937   -1.9847   -1.2548   -0.6532   -0.4146   -0.3238   -0.1849    0.0658
    0.1003    0.4224    0.5103    0.6418    1.4216    1.4958    3.4125    3.7537    3.8358    3.9660
    4.1408    4.2265    4.3857    4.5213    4.6041    5.5784    5.6890    6.4178    6.6917    6.9339
    6.9757    7.1153    7.8026    8.5157    8.7527    8.8758    9.4266    9.7241    9.9479   10.4501
   10.8130   11.1994   11.6035   11.6552   11.6965   13.0318   13.4205   13.6923   14.3382   14.6678
   14.6956   16.7071   16.9851   17.1887   18.0501   18.2572   18.6840   19.9192   20.0452   20.2779
   21.8999   22.3945   23.4787   24.0812   24.5648   24.7683   26.1943   27.3564   27.5200   28.9714
   29.5945   30.3602   31.7477   32.0365   32.4300   32.9198   34.1348   35.0492   35.7918   37.7443
   37.7981   38.9153   40.5236   41.6889   42.7427   42.9058   43.2127   44.1917   44.8560   48.8561
   50.4357   52.0483   52.1423   55.1145   55.7782   63.5726   63.6698
 290  1  -18.7168  -18.5426  -18.4736  -17.6736  -16.2597  -11.1134  -10.6789   -9.1896   -8.4262   -7.2453
          -7.1059   -7.1005   -7.0464   -6.9503   -6.9026   -6.2248   -5.8399   -5.5748   -5.5588   -5.0716
   -4.9272   -2.9684   -2.6203   -2.0125   -1.2759   -0.6246   -0.4228   -0.3243   -0.1825    0.0529
    0.1088    0.4156    0.5116    0.6255    1.4170    1.4818    3.4817    3.7706    3.8769    4.0004
    4.1693    4.2161    4.4262    4.5433    4.6110    5.6072    5.6978    6.4349    6.6664    6.9244
    6.9594    7.0704    7.8541    8.5145    8.7466    8.8760    9.4267    9.7721    9.9648   10.4252
   10.8321   11.2072   11.5887   11.6470   11.6785   13.0499   13.4992   13.7186   14.3476   14.6870
   14.7121   16.7989   17.0037   17.2604   18.0401   18.2666   18.8050   19.9464   20.0668   20.3137
   22.0472   22.4871   23.5794   24.1451   24.6119   24.8747   26.3881   27.3592   27.5739   29.0056
   29.7155   30.2956   31.6164   32.0740   32.2330   32.8907   34.1047   34.9821   35.7248   37.6419
   37.6697   38.7911   40.2683   41.5957   42.6948   42.8312   43.1663   44.0114   44.7058   48.6278
   50.4202   51.9506   52.0316   55.1162   55.7018   63.5864   63.6908
 291  1  -18.7199  -18.5456  -18.4769  -17.6768  -16.2620  -11.1167  -10.6813   -9.1917   -8.4255   -7.2163
          -7.1001   -7.0710   -7.0176   -6.9446   -6.8971   -6.2288   -5.8227   -5.5658   -5.5495   -5.0487
   -4.9275   -2.9944   -2.6453   -2.0386   -1.2957   -0.5981   -0.4303   -0.3350   -0.1689    0.0411
    0.1159    0.4079    0.5139    0.6105    1.4135    1.4691    3.5473    3.7866    3.9159    4.0325
    4.1986    4.2061    4.4677    4.5648    4.6181    5.6334    5.7059    6.4520    6.6429    6.9126
    6.9442    7.0260    7.9057    8.5137    8.7352    8.8813    9.4204    9.8240    9.9872   10.4022
   10.8535   11.2216   11.5487   11.6618   11.6663   13.0762   13.5742   13.7464   14.3613   14.7053
   14.7290   16.8750   17.0212   17.3378   18.0297   18.2657   18.9433   19.9715   20.0832   20.3558
   22.1937   22.5772   23.6812   24.2077   24.6552   24.9896   26.6016   27.3583   27.6230   29.0322
   29.8479   30.2315   31.4659   32.0667   32.1098   32.8636   34.0729   34.9026   35.6594   37.5461
   37.5533   38.6770   40.0214   41.5005   42.6282   42.7731   43.1238   43.7983   44.5912   48.3794
   50.4093   51.8584   51.9285   55.1257   55.6313   63.6050   63.7104
 292  1  -18.7226  -18.5482  -18.4799  -17.6797  -16.2641  -11.1196  -10.6835   -9.1936   -8.4249   -7.1897
          -7.0948   -7.0435   -6.9909   -6.9395   -6.8921   -6.2331   -5.8079   -5.5566   -5.5409   -5.0274
   -4.9279   -3.0186   -2.6685   -2.0629   -1.3142   -0.5737   -0.4373   -0.3509   -0.1492    0.0303
    0.1218    0.3994    0.5168    0.5969    1.4111    1.4575    3.6083    3.8015    3.9526    4.0614
    4.1968    4.2288    4.5096    4.5860    4.6251    5.6568    5.7135    6.4686    6.6213    6.8973
    6.9300    6.9844    7.9568    8.5132    8.7191    8.8914    9.4102    9.8792   10.0117   10.3813
   10.8755   11.2416   11.5091   11.6465   11.6866   13.1112   13.6448   13.7755   14.3795   14.7225
   14.7456   16.9361   17.0376   17.4189   18.0193   18.2559   19.0958   19.9944   20.0954   20.4022
   22.3377   22.6641   23.7819   24.2713   24.6945   25.1104   26.8334   27.3560   27.6671   29.0548
   29.9688   30.1692   31.3114   31.9374   32.1432   32.8387   34.0345   34.8157   35.5958   37.4503
   37.4577   38.5745   39.7884   41.4006   42.5461   42.7276   43.0815   43.5679   44.5023   48.1149
   50.4017   51.7730   51.8335   55.1411   55.5671   63.6277   63.7287
 293  1  -18.7249  -18.5505  -18.4826  -17.6823  -16.2659  -11.1223  -10.6855   -9.1953   -8.4245   -7.1655
          -7.0900   -7.0183   -6.9665   -6.9349   -6.8875   -6.2375   -5.7954   -5.5474   -5.5331   -5.0079
   -4.9283   -3.0407   -2.6897   -2.0850   -1.3312   -0.5517   -0.4436   -0.3681   -0.1274    0.0206
    0.1266    0.3905    0.5201    0.5846    1.4094    1.4471    3.6639    3.8153    3.9867    4.0866
    4.1882    4.2598    4.5504    4.6081    4.6319    5.6774    5.7204    6.4841    6.6018    6.8755
    6.9172    6.9496    8.0073    8.5129    8.6989    8.9050    9.3984    9.9367   10.0359   10.3625
   10.8956   11.2663   11.4755   11.6326   11.7026   13.1544   13.7102   13.8054   14.4026   14.7386
   14.7612   16.9842   17.0526   17.5008   18.0090   18.2388   19.2577   20.0151   20.1046   20.4506
   22.4772   22.7467   23.8782   24.3390   24.7299   25.2349   27.0744   27.3600   27.7059   29.0772
   30.0459   30.1097   31.1659   31.8626   32.1739   32.8162   33.9782   34.7346   35.5345   37.3616
   37.3773   38.4859   39.5736   41.2917   42.4536   42.6915   43.0332   43.3379   44.4294   47.8398
   50.3965   51.6954   51.7471   55.1608   55.5092   63.6536   63.7453
 294  1  -18.7269  -18.5525  -18.4850  -17.6845  -16.2675  -11.1246  -10.6873   -9.1968   -8.4241   -7.1439
          -7.0857   -6.9955   -6.9446   -6.9308   -6.8835   -6.2417   -5.7851   -5.5384   -5.5261   -4.9903
   -4.9287   -3.0606   -2.7088   -2.1049   -1.3465   -0.5321   -0.4492   -0.3849   -0.1055    0.0119
    0.1305    0.3814    0.5236    0.5738    1.4084    1.4379    3.7133    3.8279    4.0180    4.1079
    4.1805    4.2906    4.5859    4.6345    4.6384    5.6950    5.7265    6.4980    6.5844    6.8450
    6.9055    6.9248    8.0567    8.5129    8.6755    8.9208    9.3866    9.9953   10.0583   10.3458
   10.9103   11.2947   11.4517   11.6202   11.7119   13.2039   13.7697   13.8356   14.4304   14.7535
   14.7753   17.0215   17.0662   17.5806   17.9991   18.2158   19.4232   20.0336   20.1117   20.4993
   22.6097   22.8239   23.9655   24.4141   24.7613   25.3613   27.2655   27.4238   27.7393   29.1029
   30.0517   30.0541   31.0313   31.8673   32.2014   32.7963   33.8850   34.6820   35.4763   37.2864
   37.3055   38.4154   39.3801   41.1674   42.3564   42.6628   42.9656   43.1305   44.3665   47.5620
   50.3928   51.6265   51.6698   55.1830   55.4578   63.6814   63.7603
 295  1  -18.7286  -18.5542  -18.4870  -17.6864  -16.2689  -11.1267  -10.6888   -9.1981   -8.4238   -7.1250
          -7.0820   -6.9754   -6.9272   -6.9252   -6.8800   -6.2458   -5.7767   -5.5299   -5.5200   -4.9748
   -4.9291   -3.0782   -2.7257   -2.1224   -1.3601   -0.5151   -0.4541   -0.4004   -0.0845    0.0044
    0.1335    0.3724    0.5270    0.5644    1.4079    1.4299    3.7560    3.8389    4.0462    4.1251
    4.1738    4.3204    4.6114    4.6442    4.6688    5.7098    5.7320    6.5098    6.5691    6.8095
    6.8953    6.9081    8.1047    8.5130    8.6495    8.9372    9.3761   10.0525   10.0791   10.3312
   10.9160   11.3254   11.4408   11.6093   11.7134   13.2567   13.8227   13.8653   14.4624   14.7669
   14.7872   17.0503   17.0783   17.6559   17.9899   18.1884   19.5852   20.0497   20.1174   20.5467
   22.7324   22.8946   24.0398   24.4977   24.7886   25.4892   27.3120   27.6313   27.7671   29.1329
   29.9895   30.0034   30.9038   31.9555   32.2256   32.7790   33.7373   34.6814   35.4222   37.2236
   37.2428   38.3684   39.2099   41.0191   42.2607   42.6401   42.8448   42.9875   44.3106   47.2916
   50.3903   51.5669   51.6019   55.2061   55.4129   63.7097   63.7736
 296  1  -18.7300  -18.5556  -18.4888  -17.6880  -16.2701  -11.1284  -10.6901   -9.1993   -8.4235   -7.1088
          -7.0789   -6.9579   -6.9242   -6.9086   -6.8771   -6.2495   -5.7700   -5.5221   -5.5148   -4.9614
   -4.9295   -3.0933   -2.7402   -2.1374   -1.3717   -0.5006   -0.4583   -0.4139   -0.0654   -0.0020
    0.1358    0.3639    0.5302    0.5564    1.4077    1.4231    3.7919    3.8485    4.0712    4.1383
    4.1680    4.3478    4.6285    4.6494    4.7080    5.7219    5.7366    6.5188    6.5561    6.7742
    6.8865    6.8960    8.1508    8.5131    8.6217    8.9529    9.3675   10.0893   10.1158   10.3188
   10.9106   11.3572   11.4442   11.6000   11.7068   13.3092   13.8684   13.8937   14.4974   14.7788
   14.7964   17.0721   17.0886   17.7254   17.9816   18.1579   19.7357   20.0635   20.1220   20.5916
   22.8423   22.9573   24.0989   24.5872   24.8118   25.6175   27.3334   27.7898   27.8452   29.1608
   29.8969   29.9587   30.7908   32.0963   32.2462   32.7644   33.5342   34.7404   35.3733   37.1717
   37.1897   38.3518   39.0646   40.8374   42.1733   42.6222   42.6909   42.8967   44.2608   47.0403
   50.3885   51.5166   51.5438   55.2285   55.3748   63.7372   63.7849
 297  1  -18.7311  -18.5567  -18.4902  -17.6893  -16.2710  -11.1298  -10.6911   -9.2002   -8.4233   -7.0954
          -7.0763   -6.9434   -6.9218   -6.8949   -6.8746   -6.2527   -5.7648   -5.5155   -5.5105   -4.9504
   -4.9298   -3.1057   -2.7521   -2.1498   -1.3814   -0.4888   -0.4618   -0.4253   -0.0487   -0.0072
    0.1375    0.3561    0.5330    0.5498    1.4077    1.4175    3.8209    3.8564    4.0929    4.1478
    4.1632    4.3716    4.6408    4.6537    4.7463    5.7316    5.7405    6.5248    6.5454    6.7429
    6.8792    6.8865    8.1945    8.5133    8.5929    8.9668    9.3611   10.1037   10.1682   10.3086
   10.8953   11.3890   11.4599   11.5924   11.6925   13.3576   13.9066   13.9196   14.5334   14.7889
   14.8026   17.0883   17.0972   17.7882   17.9744   18.1254   19.8672   20.0748   20.1261   20.6328
   22.9366   23.0109   24.1436   24.6754   24.8309   25.7438   27.3687   27.8074   28.0048   29.1636
   29.8283   29.9208   30.7141   32.2457   32.2632   32.7525   33.2914   34.8493   35.3309   37.1302
   37.1462   38.3730   38.9449   40.6165   42.1007   42.5559   42.6084   42.8135   44.2175   46.8197
   50.3873   51.4759   51.4958   55.2490   55.3435   63.7623   63.7943
 298  1  -18.7320  -18.5575  -18.4913  -17.6903  -16.2718  -11.1308  -10.6920   -9.2009   -8.4231   -7.0849
          -7.0743   -6.9320   -6.9198   -6.8840   -6.8727   -6.2554   -5.7610   -5.5100   -5.5071   -4.9417
   -4.9301   -3.1156   -2.7616   -2.1595   -1.3890   -0.4796   -0.4645   -0.4343   -0.0349   -0.0113
    0.1386    0.3494    0.5353    0.5447    1.4079    1.4132    3.8433    3.8627    4.1112    4.1537
    4.1594    4.3910    4.6499    4.6572    4.7800    5.7388    5.7435    6.5277    6.5371    6.7177
    6.8735    6.8792    8.2344    8.5135    8.5643    8.9781    9.3566   10.1136   10.2163   10.3007
   10.8738   11.4188   11.4841   11.5865   11.6716   13.3985   13.9366   13.9420   14.5675   14.7970
   14.8058   17.0998   17.1040   17.8444   17.9686   18.0917   19.9728   20.0837   20.1306   20.6686
   23.0126   23.0541   24.1759   24.7537   24.8457   25.8614   27.4297   27.8204   28.0804   29.1207
   29.8178   29.8904   30.7015   32.2765   32.3650   32.7433   33.0366   34.9860   35.2962   37.0990
   37.1125   38.4383   38.8515   40.3602   42.0472   42.4528   42.5982   42.7326   44.1821   46.6400
   50.3865   51.4444   51.4582   55.2662   55.3190   63.7836   63.8017
 299  1  -18.7326  -18.5581  -18.4920  -17.6910  -16.2723  -11.1316  -10.6925   -9.2015   -8.4230   -7.0774
          -7.0729   -6.9237   -6.9184   -6.8762   -6.8714   -6.2574   -5.7583   -5.5060   -5.5047   -4.9354
   -4.9303   -3.1226   -2.7683   -2.1665   -1.3944   -0.4730   -0.4664   -0.4408   -0.0247   -0.0142
    0.1394    0.3443    0.5370    0.5410    1.4080    1.4101    3.8591    3.8672    4.1259    4.1563
    4.1567    4.4053    4.6561    4.6597    4.8062    5.7439    5.7457    6.5280    6.5311    6.7000
    6.8694    6.8739    8.2686    8.5136    8.5382    8.9863    9.3539   10.1203   10.2554   10.2950
   10.8519   11.4434   11.5138   11.5822   11.6451   13.4293   13.9583   13.9594   14.5963   14.8030
   14.8066   17.1074   17.1089   17.8941   17.9643   18.0572   20.0464   20.0900   20.1373   20.6970
   23.0683   23.0858   24.1978   24.8144   24.8564   25.9593   27.5238   27.8293   28.0605   29.0577
   29.8374   29.8683   30.7669   32.2860   32.4112   32.7368   32.8248   35.1195   35.2705   37.0781
   37.0886   38.5461   38.7846   40.0896   42.0130   42.3825   42.5911   42.6613   44.1557   46.5081
   50.3860   51.4222   51.4313   55.2793   55.3015   63.7998   63.8070
 300  1  -18.7330  -18.5584  -18.4925  -17.6914  -16.2726  -11.1321  -10.6929   -9.2018   -8.4230   -7.0729
          -7.0720   -6.9187   -6.9176   -6.8715   -6.8705   -6.2586   -5.7568   -5.5036   -5.5032   -4.9316
   -4.9305   -3.1269   -2.7724   -2.1707   -1.3977   -0.4691   -0.4676   -0.4447   -0.0183   -0.0160
    0.1398    0.3411    0.5381    0.5388    1.4081    1.4083    3.8685    3.8699    4.1364    4.1551
    4.1562    4.4140    4.6598    4.6613    4.8230    5.7469    5.7470    6.5273    6.5274    6.6897
    6.8669    6.8707    8.2932    8.5137    8.5185    8.9913    9.3525   10.1242   10.2816   10.2916
   10.8353   11.4596   11.5468   11.5796   11.6144   13.4484   13.9705   13.9714   14.6159   14.8060
   14.8067   17.1117   17.1118   17.9375   17.9617   18.0225   20.0846   20.0938   20.1477   20.7154
   23.1023   23.1052   24.2104   24.8525   24.8628   26.0246   27.6501   27.8345   27.9607   29.0132
   29.8505   29.8549   30.8723   32.2917   32.3487   32.7329   32.7339   35.2165   35.2547   37.0668
   37.0742   38.6699   38.7445   39.8549   41.9951   42.3426   42.5869   42.6112   44.1396   46.4279
   50.3857   51.4089   51.4150   55.2874   55.2910   63.8100   63.8102
 301  1  -18.7331  -18.5586  -18.4927  -17.6915  -16.2727  -11.1322  -10.6930   -9.2019   -8.4229   -7.0717
          -7.0714   -6.9173   -6.9170   -6.8703   -6.8699   -6.2590   -5.7563   -5.5027   -5.5027   -4.9305
   -4.9303   -3.1283   -2.7738   -2.1721   -1.3988   -0.4680   -0.4677   -0.4461   -0.0166   -0.0162
    0.1399    0.3400    0.5381    0.5384    1.4076    1.4082    3.8708    3.8716    4.1407    4.1546
    4.1553    4.4169    4.6610    4.6618    4.8287    5.7474    5.7479    6.5262    6.5268    6.6863
    6.8661    6.8696    8.3024    8.5108    8.5138    8.9930    9.3520   10.1255   10.2905   10.2908
   10.8292   11.4651   11.5787   11.5795   11.5827   13.4549   13.9743   13.9758   14.6229   14.8055
   14.8079   17.1128   17.1131   17.9608   17.9656   17.9973   20.0945   20.0951   20.1540   20.7218
   23.1117   23.1137   24.2145   24.8650   24.8655   26.0475   27.7647   27.8362   27.8508   28.9985
   29.8504   29.8537   30.9267   32.2936   32.2939   32.7217   32.7316   35.2493   35.2519   37.0633
   37.0695   38.7311   38.7330   39.7525   41.9898   42.3298   42.5856   42.5929   44.1341   46.4011
   50.3856   51.4045   51.4096   55.2875   55.2901   63.8113   63.8135

siesta: Program's energy decomposition (eV):
siesta: Ebs     =      -434.444297
siesta: Eions   =      2536.946603
siesta: Ena     =       694.552274
siesta: Ekin    =       500.778958
siesta: Enl     =       213.055745
siesta: Eso     =         0.000000
siesta: Edftu   =         0.000000
siesta: DEna    =        20.353854
siesta: DUscf   =         1.017896
siesta: DUext   =         0.000000
siesta: Ex      =      -457.524984
siesta: Ec      =       -52.724863
siesta: Exc     =      -510.249847
siesta: EbV     =         0.000000
siesta: eta*DQ  =         0.000000
siesta: Emadel  =         0.000000
siesta: Emeta   =         0.000000
siesta: Emolmec =         0.000000
siesta: Ekinion =         0.000000
siesta: Eharris =     -1617.437722
siesta: Etot    =     -1617.437722
siesta: FreeEng =     -1617.437722

siesta: Final energy (eV):
siesta:  Band Struct. =    -434.444297
siesta:       Kinetic =     500.778958
siesta:       Hartree =   20660.134282
siesta:         Edftu =       0.000000
siesta:       Eso     =       0.000000
siesta:    Ext. field =       0.000000
siesta:         Exch. =    -457.524984
siesta:         Corr. =     -52.724863
siesta:     Bulk bias =       0.000000
siesta:   Exch.-corr. =    -510.249847
siesta:  Ion-electron =  -41760.829582
siesta:       Ion-ion =   19492.728467
siesta:       Ekinion =       0.000000
siesta: D3 dispersion =       0.000000
siesta:         Total =   -1617.437722
siesta:         Fermi =      -4.530655

siesta: Stress tensor (static) (eV/Ang**3):
siesta:     0.000005   -0.000000    0.000001
siesta:    -0.000000    0.000005    0.000000
siesta:     0.000001    0.000000    0.000027

siesta: Constrained stress tensor (static) (eV/Ang**3):
siesta:     0.000005   -0.000000    0.000000
siesta:    -0.000000    0.000005    0.000000
siesta:     0.000000    0.000000    0.000000

siesta: Cell volume =        646.608582 Ang**3

siesta: Pressure (static):
siesta:                Solid            Molecule  Units
siesta:          -0.00000013         -0.00000010  Ry/Bohr**3
siesta:          -0.00001221         -0.00000934  eV/Ang**3
siesta:          -0.01955953         -0.01496309  kBar

Basis Enthalpy Calculation:
    Basis Pressure for species 1(In) :      0.2000000 GPa
    Basis Pressure for species 2(Se) :      0.2000000 GPa

    Orbital volume contribution        =           7.463572 eV
    (Free)E + p_basis*V_orbitals       =       -1609.974150 eV
    (Free)Eharris+ p_basis*V_orbitals  =       -1609.974150 eV
WARNING: BASIS_ENTHALPY and BASIS_HARRIS_ENTHALPY files are deprecated. They will be removed in future releases.
Please use system_label.BASIS_ENTHALPY in your scripts instead.

siesta: Electric dipole (a.u.)  =    0.000000   -0.000000    0.398971
siesta: Electric dipole (Debye) =    0.000000   -0.000000    1.014083

cite: Please indicate the Siesta version in published work: 5.4.2
cite: This calculation has made use of features in the following articles
cite: which we encourage you to cite in published work.
cite: (Please see "mx.bib" for a BibTeX file.)
        Primary SIESTA paper
          DOI: www.doi.org/10.1088/0953-8984/14/11/302


timer: Elapsed wall time (sec) =    3222.437
timer: CPU execution times (sec):

Routine            Calls   Time/call    Tot.time        %
siesta                 1   11028.656   11028.656   100.00
Setup                  1       0.437       0.437     0.00
bands                  3       1.876       5.628     0.05
KSV_init               1       0.000       0.000     0.00
IterGeom              43     256.335   11022.403    99.94
geom_init             43       2.348     100.968     0.92
state_init            43       0.082       3.547     0.03
hsparse               43       0.027       1.158     0.01
overlap               43       0.020       0.861     0.01
Setup_H0              43       1.405      60.405     0.55
naefs                 86       0.000       0.014     0.00
dnaefs                43       0.000       0.005     0.00
two-body              43       0.000       0.000     0.00
MolMec                86       0.000       0.000     0.00
kinefsm               86       0.022       1.857     0.02
nlefsm                86       0.075       6.422     0.06
DHSCF_Init            43       1.329      57.146     0.52
DHSCF1                43       0.037       1.572     0.01
InitMesh              43       0.036       1.568     0.01
INITMESH              43       0.000       0.000     0.00
DHSCF2                43       1.292      55.573     0.50
REMESH                43       0.137       5.910     0.05
REORD               1809       0.000       0.713     0.01
PHION                 43       1.034      44.454     0.40
COMM_BSC            2457       0.000       0.694     0.01
POISON               625       0.014       8.582     0.08
fft                 1250       0.005       6.068     0.06
setup_H              539       1.186     639.029     5.79
DHSCF                582       1.276     742.670     6.73
DHSCF3               582       1.160     674.969     6.12
rhoofd               582       0.704     409.443     3.71
XC                   582       0.145      84.546     0.77
GXC-CellXC           582       0.145      84.175     0.76
gridxc@cellXC        582       0.145      84.172     0.76
vmat                 582       0.289     168.170     1.52
IterSCF              496      21.796   10810.620    98.02
compute_dm           496      20.580   10207.643    92.56
diagon               496      20.579   10207.178    92.55
c-eigval          155549       0.018    2860.323    25.94
c-buildHS         155549       0.011    1704.958    15.46
cdiag             310797       0.010    3148.555    28.55
cdiag1            310797       0.000     150.242     1.36
cdiag2            310797       0.002     590.853     5.36
cdiag3            310797       0.008    2348.563    21.30
c-eigvec          155248       0.024    3682.337    33.39
cdiag4            155248       0.000      27.634     0.25
c-buildD          155248       0.024    3654.829    33.14
MIXER                453       0.001       0.305     0.00
PostSCF               43       2.576     110.769     1.00
FINAL_HF              43       2.576     110.767     1.00
DHSCF4                43       1.574      67.696     0.61
dfscf                 43       1.450      62.344     0.57
overfsm               43       0.021       0.899     0.01
writeHSX              43       0.001       0.053     0.00
state_analysis        43       0.000       0.012     0.00
siesta_move           43       0.000       0.017     0.00
Analysis               1       5.813       5.813     0.05
optical                1       0.000       0.000     0.00
  

>> End of run:   8-AUG-2026  13:51:12
Job completed
